platform,pincode,city,date_ist,run_id,status,sku_count,price_seen
amazon-fresh,110001,Delhi,2026-06-30,2026-06-30-amzcov-fresh,price_captured,21,1139
amazon-fresh,110002,Delhi,2026-06-30,2026-06-30-amzcov-fresh,price_captured,19,1139
amazon-fresh,110003,Delhi,2026-06-30,2026-06-30-amzcov-fresh,price_captured,6,909
amazon-fresh,110004,Delhi,2026-06-30,2026-06-30-amzcov-fresh,price_captured,21,1139
amazon-fresh,110005,Delhi,2026-06-30,2026-06-30-amzcov-fresh,price_captured,9,959
amazon-fresh,110006,Delhi,2026-06-30,2026-06-30-amzcov-fresh,price_captured,9,959
amazon-fresh,110007,Delhi,2026-06-30,2026-06-30-amzcov-fresh,price_captured,7,959
amazon-fresh,110008,Delhi,2026-06-30,2026-06-30-amzcov-fresh,price_captured,6,1205
amazon-fresh,110009,Delhi,2026-06-30,2026-06-30-amzcov-fresh,price_captured,6,1049
amazon-fresh,110010,Delhi,2026-06-30,2026-06-30-amzcov-fresh,price_captured,6,1205
amazon-fresh,110011,Delhi,2026-06-30,2026-06-30-amzcov-fresh,price_captured,21,1139
amazon-fresh,110012,Delhi,2026-06-30,2026-06-30-amzcov-fresh,price_captured,6,1205
amazon-fresh,110013,Delhi,2026-06-30,2026-06-30-amzcov-fresh,price_captured,11,1049
amazon-fresh,110014,Delhi,2026-06-30,2026-06-30-amzcov-fresh,price_captured,11,1049
amazon-fresh,110015,Delhi,2026-06-30,2026-06-30-amzcov-fresh,price_captured,1,242
amazon-fresh,110016,Delhi,2026-06-30,2026-06-30-amzcov-fresh,price_captured,5,909
amazon-fresh,110017,Delhi,2026-06-30,2026-06-30-amzcov-fresh,price_captured,6,1049
amazon-fresh,110018,Delhi,2026-06-30,2026-06-30-amzcov-fresh,price_captured,6,959
amazon-fresh,110019,Delhi,2026-06-30,2026-06-30-amzcov-fresh,price_captured,11,1049
amazon-fresh,110020,Delhi,2026-06-30,2026-06-30-amzcov-fresh,price_captured,11,1049
amazon-fresh,110021,Delhi,2026-06-30,2026-06-30-amzcov-fresh,price_captured,12,959
amazon-fresh,110022,Delhi,2026-06-30,2026-06-30-amzcov-fresh,price_captured,11,959
amazon-fresh,110023,Delhi,2026-06-30,2026-06-30-amzcov-fresh,price_captured,11,959
amazon-fresh,110024,Delhi,2026-06-30,2026-06-30-amzcov-fresh,price_captured,11,1049
amazon-fresh,110025,Delhi,2026-06-30,2026-06-30-amzcov-fresh,price_captured,5,1193
amazon-fresh,110026,Delhi,2026-06-30,2026-06-30-amzcov-fresh,price_captured,3,1205
amazon-fresh,110027,Delhi,2026-06-30,2026-06-30-amzcov-fresh,price_captured,4,1545
amazon-fresh,110028,Delhi,2026-06-30,2026-06-30-amzcov-fresh,price_captured,12,181
amazon-fresh,110029,Delhi,2026-06-30,2026-06-30-amzcov-fresh,price_captured,13,959
amazon-fresh,110030,Delhi,2026-06-30,2026-06-30-amzcov-fresh,price_captured,5,909
amazon-fresh,110031,Delhi,2026-06-30,2026-06-30-amzcov-fresh,price_captured,9,1024
amazon-fresh,110032,Delhi,2026-06-30,2026-06-30-amzcov-fresh,price_captured,7,1545
amazon-fresh,110033,Delhi,2026-06-30,2026-06-30-amzcov-fresh,price_captured,5,959
amazon-fresh,110034,Delhi,2026-06-30,2026-06-30-amzcov-fresh,price_captured,1,242
amazon-fresh,110035,Delhi,2026-06-30,2026-06-30-amzcov-fresh,price_captured,8,959
amazon-fresh,110036,Delhi,2026-06-30,2026-06-30-amzcov-fresh,not_serviceable,0,
amazon-fresh,110037,Delhi,2026-06-30,2026-06-30-amzcov-fresh,price_captured,22,1139
amazon-fresh,110038,Delhi,2026-06-30,2026-06-30-amzcov-fresh,price_captured,22,1139
amazon-fresh,110039,Delhi,2026-06-30,2026-06-30-amzcov-fresh,not_serviceable,0,
amazon-fresh,110040,Delhi,2026-06-30,2026-06-30-amzcov-fresh,price_captured,6,1205
amazon-fresh,110041,Delhi,2026-06-30,2026-06-30-amzcov-fresh,not_serviceable,0,
amazon-fresh,110042,Delhi,2026-06-30,2026-06-30-amzcov-fresh,price_captured,1,242
amazon-fresh,110043,Delhi,2026-06-30,2026-06-30-amzcov-fresh,price_captured,1,242
amazon-fresh,110044,Delhi,2026-06-30,2026-06-30-amzcov-fresh,price_captured,5,909
amazon-fresh,110045,Delhi,2026-06-30,2026-06-30-amzcov-fresh,price_captured,13,193
amazon-fresh,110046,Delhi,2026-06-30,2026-06-30-amzcov-fresh,price_captured,13,193
amazon-fresh,110047,Delhi,2026-06-30,2026-06-30-amzcov-fresh,price_captured,11,959
amazon-fresh,110048,Delhi,2026-06-30,2026-06-30-amzcov-fresh,price_captured,6,1193
amazon-fresh,110049,Delhi,2026-06-30,2026-06-30-amzcov-fresh,price_captured,6,1049
amazon-fresh,110051,Delhi,2026-06-30,2026-06-30-amzcov-fresh,price_captured,7,1545
amazon-fresh,110052,Delhi,2026-06-30,2026-06-30-amzcov-fresh,price_captured,8,939
amazon-fresh,110053,Delhi,2026-06-30,2026-06-30-amzcov-fresh,price_captured,7,1024
amazon-fresh,110054,Delhi,2026-06-30,2026-06-30-amzcov-fresh,price_captured,11,1139
amazon-fresh,110055,Delhi,2026-06-30,2026-06-30-amzcov-fresh,price_captured,12,1139
amazon-fresh,110056,Delhi,2026-06-30,2026-06-30-amzcov-fresh,price_captured,9,939
amazon-fresh,110057,Delhi,2026-06-30,2026-06-30-amzcov-fresh,price_captured,11,959
amazon-fresh,110058,Delhi,2026-06-30,2026-06-30-amzcov-fresh,price_captured,4,1545
amazon-fresh,110059,Delhi,2026-06-30,2026-06-30-amzcov-fresh,price_captured,13,1193
amazon-fresh,110060,Delhi,2026-06-30,2026-06-30-amzcov-fresh,price_captured,6,1205
amazon-fresh,110061,Delhi,2026-06-30,2026-06-30-amzcov-fresh,price_captured,13,379
amazon-fresh,110062,Delhi,2026-06-30,2026-06-30-amzcov-fresh,price_captured,6,909
amazon-fresh,110063,Delhi,2026-06-30,2026-06-30-amzcov-fresh,price_captured,9,1193
amazon-fresh,110064,Delhi,2026-06-30,2026-06-30-amzcov-fresh,price_captured,4,1545
amazon-fresh,110065,Delhi,2026-06-30,2026-06-30-amzcov-fresh,price_captured,6,1049
amazon-fresh,110066,Delhi,2026-06-30,2026-06-30-amzcov-fresh,price_captured,3,1545
amazon-fresh,110067,Delhi,2026-06-30,2026-06-30-amzcov-fresh,price_captured,11,959
amazon-fresh,110068,Delhi,2026-06-30,2026-06-30-amzcov-fresh,price_captured,8,1193
amazon-fresh,110069,Delhi,2026-06-30,2026-06-30-amzcov-fresh,price_captured,6,1545
amazon-fresh,110070,Delhi,2026-06-30,2026-06-30-amzcov-fresh,price_captured,10,959
amazon-fresh,110071,Delhi,2026-06-30,2026-06-30-amzcov-fresh,price_captured,7,1545
amazon-fresh,110072,Delhi,2026-06-30,2026-06-30-amzcov-fresh,price_captured,6,1205
amazon-fresh,110073,Delhi,2026-06-30,2026-06-30-amzcov-fresh,price_captured,1,242
amazon-fresh,110074,Delhi,2026-06-30,2026-06-30-amzcov-fresh,price_captured,8,1049
amazon-fresh,110075,Delhi,2026-06-30,2026-06-30-amzcov-fresh,price_captured,4,1545
amazon-fresh,110076,Delhi,2026-06-30,2026-06-30-amzcov-fresh,price_captured,5,1193
amazon-fresh,110077,Delhi,2026-06-30,2026-06-30-amzcov-fresh,price_captured,13,959
amazon-fresh,110078,Delhi,2026-06-30,2026-06-30-amzcov-fresh,price_captured,4,1545
amazon-fresh,110080,Delhi,2026-06-30,2026-06-30-amzcov-fresh,price_captured,8,1049
amazon-fresh,110081,Delhi,2026-06-30,2026-06-30-amzcov-fresh,not_serviceable,0,
amazon-fresh,110082,Delhi,2026-06-30,2026-06-30-amzcov-fresh,price_captured,1,242
amazon-fresh,110083,Delhi,2026-06-30,2026-06-30-amzcov-fresh,price_captured,4,1545
amazon-fresh,110084,Delhi,2026-06-30,2026-06-30-amzcov-fresh,price_captured,6,1545
amazon-fresh,110085,Delhi,2026-06-30,2026-06-30-amzcov-fresh,price_captured,4,1545
amazon-fresh,110086,Delhi,2026-06-30,2026-06-30-amzcov-fresh,price_captured,7,1545
amazon-fresh,110087,Delhi,2026-06-30,2026-06-30-amzcov-fresh,price_captured,8,1917
amazon-fresh,110088,Delhi,2026-06-30,2026-06-30-amzcov-fresh,price_captured,7,939
amazon-fresh,110089,Delhi,2026-06-30,2026-06-30-amzcov-fresh,price_captured,10,1193
amazon-fresh,110090,Delhi,2026-06-30,2026-06-30-amzcov-fresh,price_captured,6,1205
amazon-fresh,110091,Delhi,2026-06-30,2026-06-30-amzcov-fresh,price_captured,17,959
amazon-fresh,110092,Delhi,2026-06-30,2026-06-30-amzcov-fresh,price_captured,7,1545
amazon-fresh,110093,Delhi,2026-06-30,2026-06-30-amzcov-fresh,price_captured,7,1545
amazon-fresh,110094,Delhi,2026-06-30,2026-06-30-amzcov-fresh,price_captured,6,1545
amazon-fresh,110095,Delhi,2026-06-30,2026-06-30-amzcov-fresh,price_captured,7,1545
amazon-fresh,110096,Delhi,2026-06-30,2026-06-30-amzcov-fresh,price_captured,15,959
amazon-fresh,110097,Delhi,2026-06-30,2026-06-30-amzcov-fresh,price_captured,22,1139
amazon-fresh,110099,Delhi,2026-06-30,2026-06-30-amzcov-fresh,not_serviceable,0,
amazon-fresh,110110,Delhi,2026-06-30,2026-06-30-amzcov-fresh,not_serviceable,0,
amazon-fresh,122001,Gurugram,2026-06-30,2026-06-30-amzcov-fresh,price_captured,8,485
amazon-fresh,122002,Gurugram,2026-06-30,2026-06-30-amzcov-fresh,price_captured,13,959
amazon-fresh,122003,Gurugram,2026-06-30,2026-06-30-amzcov-fresh,price_captured,15,1024
amazon-fresh,122004,Gurugram,2026-06-30,2026-06-30-amzcov-fresh,price_captured,6,1205
amazon-fresh,122005,Gurugram,2026-06-30,2026-06-30-amzcov-fresh,price_captured,6,1205
amazon-fresh,122006,Gurugram,2026-06-30,2026-06-30-amzcov-fresh,not_serviceable,0,
amazon-fresh,122007,Gurugram,2026-06-30,2026-06-30-amzcov-fresh,price_captured,9,951
amazon-fresh,122008,Gurugram,2026-06-30,2026-06-30-amzcov-fresh,price_captured,9,951
amazon-fresh,122009,Gurugram,2026-06-30,2026-06-30-amzcov-fresh,price_captured,14,959
amazon-fresh,122010,Gurugram,2026-06-30,2026-06-30-amzcov-fresh,price_captured,13,959
amazon-fresh,122011,Gurugram,2026-06-30,2026-06-30-amzcov-fresh,price_captured,6,1205
amazon-fresh,122012,Gurugram,2026-06-30,2026-06-30-amzcov-fresh,price_captured,11,959
amazon-fresh,122015,Gurugram,2026-06-30,2026-06-30-amzcov-fresh,price_captured,9,951
amazon-fresh,122016,Gurugram,2026-06-30,2026-06-30-amzcov-fresh,price_captured,13,959
amazon-fresh,122017,Gurugram,2026-06-30,2026-06-30-amzcov-fresh,price_captured,6,1205
amazon-fresh,122018,Gurugram,2026-06-30,2026-06-30-amzcov-fresh,price_captured,6,1205
amazon-fresh,122051,Gurugram,2026-06-30,2026-06-30-amzcov-fresh,price_captured,6,1205
amazon-fresh,122052,Gurugram,2026-06-30,2026-06-30-amzcov-fresh,price_captured,5,1205
amazon-fresh,122098,Gurugram,2026-06-30,2026-06-30-amzcov-fresh,not_serviceable,0,
amazon-fresh,122101,Gurugram,2026-06-30,2026-06-30-amzcov-fresh,price_captured,1,242
amazon-fresh,122102,Gurugram,2026-06-30,2026-06-30-amzcov-fresh,not_serviceable,0,
amazon-fresh,122103,Gurugram,2026-06-30,2026-06-30-amzcov-fresh,not_serviceable,0,
amazon-fresh,122413,Gurugram,2026-06-30,2026-06-30-amzcov-fresh,not_serviceable,0,
amazon-fresh,122414,Gurugram,2026-06-30,2026-06-30-amzcov-fresh,not_serviceable,0,
amazon-fresh,122502,Gurugram,2026-06-30,2026-06-30-amzcov-fresh,not_serviceable,0,
amazon-fresh,122503,Gurugram,2026-06-30,2026-06-30-amzcov-fresh,not_serviceable,0,
amazon-fresh,122504,Gurugram,2026-06-30,2026-06-30-amzcov-fresh,not_serviceable,0,
amazon-fresh,122505,Gurugram,2026-06-30,2026-06-30-amzcov-fresh,not_serviceable,0,
amazon-fresh,122506,Gurugram,2026-06-30,2026-06-30-amzcov-fresh,not_serviceable,0,
amazon-fresh,160001,Chandigarh,2026-06-30,2026-06-30-amzcov-fresh,not_serviceable,0,
amazon-fresh,160002,Chandigarh,2026-06-30,2026-06-30-amzcov-fresh,serviceable_no_jivo,0,
amazon-fresh,160003,Chandigarh,2026-06-30,2026-06-30-amzcov-fresh,serviceable_no_jivo,0,
amazon-fresh,160004,Chandigarh,2026-06-30,2026-06-30-amzcov-fresh,not_serviceable,0,
amazon-fresh,160005,Chandigarh,2026-06-30,2026-06-30-amzcov-fresh,not_serviceable,0,
amazon-fresh,160006,Chandigarh,2026-06-30,2026-06-30-amzcov-fresh,not_serviceable,0,
amazon-fresh,160009,Chandigarh,2026-06-30,2026-06-30-amzcov-fresh,not_serviceable,0,
amazon-fresh,160011,Chandigarh,2026-06-30,2026-06-30-amzcov-fresh,not_serviceable,0,
amazon-fresh,160012,Chandigarh,2026-06-30,2026-06-30-amzcov-fresh,not_serviceable,0,
amazon-fresh,160014,Chandigarh,2026-06-30,2026-06-30-amzcov-fresh,serviceable_no_jivo,0,
amazon-fresh,160015,Chandigarh,2026-06-30,2026-06-30-amzcov-fresh,not_serviceable,0,
amazon-fresh,160016,Chandigarh,2026-06-30,2026-06-30-amzcov-fresh,not_serviceable,0,
amazon-fresh,160017,Chandigarh,2026-06-30,2026-06-30-amzcov-fresh,not_serviceable,0,
amazon-fresh,160018,Chandigarh,2026-06-30,2026-06-30-amzcov-fresh,not_serviceable,0,
amazon-fresh,160019,Chandigarh,2026-06-30,2026-06-30-amzcov-fresh,serviceable_no_jivo,0,
amazon-fresh,160020,Chandigarh,2026-06-30,2026-06-30-amzcov-fresh,serviceable_no_jivo,0,
amazon-fresh,160022,Chandigarh,2026-06-30,2026-06-30-amzcov-fresh,not_serviceable,0,
amazon-fresh,160023,Chandigarh,2026-06-30,2026-06-30-amzcov-fresh,serviceable_no_jivo,0,
amazon-fresh,160025,Chandigarh,2026-06-30,2026-06-30-amzcov-fresh,not_serviceable,0,
amazon-fresh,160030,Chandigarh,2026-06-30,2026-06-30-amzcov-fresh,serviceable_no_jivo,0,
amazon-fresh,160036,Chandigarh,2026-06-30,2026-06-30-amzcov-fresh,serviceable_no_jivo,0,
amazon-fresh,160043,Chandigarh,2026-06-30,2026-06-30-amzcov-fresh,serviceable_no_jivo,0,
amazon-fresh,160047,Chandigarh,2026-06-30,2026-06-30-amzcov-fresh,serviceable_no_jivo,0,
amazon-fresh,160101,Chandigarh,2026-06-30,2026-06-30-amzcov-fresh,serviceable_no_jivo,0,
amazon-fresh,160102,Chandigarh,2026-06-30,2026-06-30-amzcov-fresh,serviceable_no_jivo,0,
amazon-fresh,201008,Noida,2026-06-30,2026-06-30-amzcov-fresh,not_serviceable,0,
amazon-fresh,201009,Noida,2026-06-30,2026-06-30-amzcov-fresh,price_captured,9,368
amazon-fresh,201301,Noida,2026-06-30,2026-06-30-amzcov-fresh,price_captured,16,959
amazon-fresh,201302,Noida,2026-06-30,2026-06-30-amzcov-fresh,not_serviceable,0,
amazon-fresh,201303,Noida,2026-06-30,2026-06-30-amzcov-fresh,price_captured,14,959
amazon-fresh,201304,Noida,2026-06-30,2026-06-30-amzcov-fresh,price_captured,9,368
amazon-fresh,201305,Noida,2026-06-30,2026-06-30-amzcov-fresh,price_captured,9,368
amazon-fresh,201306,Noida,2026-06-30,2026-06-30-amzcov-fresh,price_captured,9,368
amazon-fresh,201307,Noida,2026-06-30,2026-06-30-amzcov-fresh,price_captured,8,368
amazon-fresh,201309,Noida,2026-06-30,2026-06-30-amzcov-fresh,price_captured,8,368
amazon-fresh,201310,Noida,2026-06-30,2026-06-30-amzcov-fresh,price_captured,9,368
amazon-fresh,201311,Noida,2026-06-30,2026-06-30-amzcov-fresh,price_captured,8,368
amazon-fresh,201312,Noida,2026-06-30,2026-06-30-amzcov-fresh,price_captured,1,242
amazon-fresh,201313,Noida,2026-06-30,2026-06-30-amzcov-fresh,not_serviceable,0,
amazon-fresh,201314,Noida,2026-06-30,2026-06-30-amzcov-fresh,not_serviceable,0,
amazon-fresh,201315,Noida,2026-06-30,2026-06-30-amzcov-fresh,not_serviceable,0,
amazon-fresh,201316,Noida,2026-06-30,2026-06-30-amzcov-fresh,not_serviceable,0,
amazon-fresh,201317,Noida,2026-06-30,2026-06-30-amzcov-fresh,not_serviceable,0,
amazon-fresh,201318,Noida,2026-06-30,2026-06-30-amzcov-fresh,price_captured,9,368
amazon-fresh,203135,Noida,2026-06-30,2026-06-30-amzcov-fresh,not_serviceable,0,
amazon-fresh,203141,Noida,2026-06-30,2026-06-30-amzcov-fresh,not_serviceable,0,
amazon-fresh,203155,Noida,2026-06-30,2026-06-30-amzcov-fresh,not_serviceable,0,
amazon-fresh,203201,Noida,2026-06-30,2026-06-30-amzcov-fresh,not_serviceable,0,
amazon-fresh,203202,Noida,2026-06-30,2026-06-30-amzcov-fresh,not_serviceable,0,
amazon-fresh,203203,Noida,2026-06-30,2026-06-30-amzcov-fresh,not_serviceable,0,
amazon-fresh,203207,Noida,2026-06-30,2026-06-30-amzcov-fresh,not_serviceable,0,
amazon-fresh,203209,Noida,2026-06-30,2026-06-30-amzcov-fresh,not_serviceable,0,
amazon-fresh,212652,Noida,2026-06-30,2026-06-30-amzcov-fresh,not_serviceable,0,
amazon-fresh,226001,Lucknow,2026-06-30,2026-06-30-amzcov-fresh,price_captured,2,292
amazon-fresh,226002,Lucknow,2026-06-30,2026-06-30-amzcov-fresh,price_captured,2,1024
amazon-fresh,226003,Lucknow,2026-06-30,2026-06-30-amzcov-fresh,price_captured,7,1024
amazon-fresh,226004,Lucknow,2026-06-30,2026-06-30-amzcov-fresh,price_captured,7,1024
amazon-fresh,226005,Lucknow,2026-06-30,2026-06-30-amzcov-fresh,price_captured,2,1024
amazon-fresh,226006,Lucknow,2026-06-30,2026-06-30-amzcov-fresh,price_captured,7,1205
amazon-fresh,226007,Lucknow,2026-06-30,2026-06-30-amzcov-fresh,price_captured,7,1205
amazon-fresh,226008,Lucknow,2026-06-30,2026-06-30-amzcov-fresh,not_serviceable,0,
amazon-fresh,226009,Lucknow,2026-06-30,2026-06-30-amzcov-fresh,price_captured,3,1024
amazon-fresh,226010,Lucknow,2026-06-30,2026-06-30-amzcov-fresh,price_captured,7,1205
amazon-fresh,226011,Lucknow,2026-06-30,2026-06-30-amzcov-fresh,price_captured,8,1024
amazon-fresh,226012,Lucknow,2026-06-30,2026-06-30-amzcov-fresh,price_captured,7,1024
amazon-fresh,226013,Lucknow,2026-06-30,2026-06-30-amzcov-fresh,price_captured,6,1205
amazon-fresh,226014,Lucknow,2026-06-30,2026-06-30-amzcov-fresh,price_captured,2,1024
amazon-fresh,226015,Lucknow,2026-06-30,2026-06-30-amzcov-fresh,price_captured,7,1205
amazon-fresh,226016,Lucknow,2026-06-30,2026-06-30-amzcov-fresh,price_captured,7,1205
amazon-fresh,226017,Lucknow,2026-06-30,2026-06-30-amzcov-fresh,price_captured,7,1024
amazon-fresh,226018,Lucknow,2026-06-30,2026-06-30-amzcov-fresh,price_captured,3,1024
amazon-fresh,226019,Lucknow,2026-06-30,2026-06-30-amzcov-fresh,price_captured,6,1205
amazon-fresh,226020,Lucknow,2026-06-30,2026-06-30-amzcov-fresh,price_captured,7,1205
amazon-fresh,226021,Lucknow,2026-06-30,2026-06-30-amzcov-fresh,price_captured,6,1205
amazon-fresh,226022,Lucknow,2026-06-30,2026-06-30-amzcov-fresh,price_captured,7,1205
amazon-fresh,226023,Lucknow,2026-06-30,2026-06-30-amzcov-fresh,price_captured,7,1024
amazon-fresh,226024,Lucknow,2026-06-30,2026-06-30-amzcov-fresh,price_captured,7,1205
amazon-fresh,226025,Lucknow,2026-06-30,2026-06-30-amzcov-fresh,price_captured,3,1024
amazon-fresh,226026,Lucknow,2026-06-30,2026-06-30-amzcov-fresh,price_captured,6,1205
amazon-fresh,226027,Lucknow,2026-06-30,2026-06-30-amzcov-fresh,price_captured,2,292
amazon-fresh,226028,Lucknow,2026-06-30,2026-06-30-amzcov-fresh,price_captured,6,1205
amazon-fresh,226029,Lucknow,2026-06-30,2026-06-30-amzcov-fresh,price_captured,7,1024
amazon-fresh,226030,Lucknow,2026-06-30,2026-06-30-amzcov-fresh,not_serviceable,0,
amazon-fresh,226031,Lucknow,2026-06-30,2026-06-30-amzcov-fresh,price_captured,6,1205
amazon-fresh,226101,Lucknow,2026-06-30,2026-06-30-amzcov-fresh,not_serviceable,0,
amazon-fresh,226102,Lucknow,2026-06-30,2026-06-30-amzcov-fresh,not_serviceable,0,
amazon-fresh,226103,Lucknow,2026-06-30,2026-06-30-amzcov-fresh,not_serviceable,0,
amazon-fresh,226104,Lucknow,2026-06-30,2026-06-30-amzcov-fresh,not_serviceable,0,
amazon-fresh,226201,Lucknow,2026-06-30,2026-06-30-amzcov-fresh,price_captured,6,1205
amazon-fresh,226202,Lucknow,2026-06-30,2026-06-30-amzcov-fresh,price_captured,5,1205
amazon-fresh,226203,Lucknow,2026-06-30,2026-06-30-amzcov-fresh,not_serviceable,0,
amazon-fresh,226301,Lucknow,2026-06-30,2026-06-30-amzcov-fresh,not_serviceable,0,
amazon-fresh,226302,Lucknow,2026-06-30,2026-06-30-amzcov-fresh,not_serviceable,0,
amazon-fresh,226303,Lucknow,2026-06-30,2026-06-30-amzcov-fresh,not_serviceable,0,
amazon-fresh,226401,Lucknow,2026-06-30,2026-06-30-amzcov-fresh,not_serviceable,0,
amazon-fresh,226501,Lucknow,2026-06-30,2026-06-30-amzcov-fresh,not_serviceable,0,
amazon-fresh,302001,Jaipur,2026-06-30,2026-06-30-amzcov-fresh,price_captured,5,1024
amazon-fresh,302002,Jaipur,2026-06-30,2026-06-30-amzcov-fresh,price_captured,5,1024
amazon-fresh,302003,Jaipur,2026-06-30,2026-06-30-amzcov-fresh,price_captured,2,1024
amazon-fresh,302004,Jaipur,2026-06-30,2026-06-30-amzcov-fresh,price_captured,6,1024
amazon-fresh,302005,Jaipur,2026-06-30,2026-06-30-amzcov-fresh,price_captured,2,1024
amazon-fresh,302006,Jaipur,2026-06-30,2026-06-30-amzcov-fresh,price_captured,6,1024
amazon-fresh,302012,Jaipur,2026-06-30,2026-06-30-amzcov-fresh,price_captured,1,1024
amazon-fresh,302013,Jaipur,2026-06-30,2026-06-30-amzcov-fresh,price_captured,5,1024
amazon-fresh,302015,Jaipur,2026-06-30,2026-06-30-amzcov-fresh,price_captured,2,1024
amazon-fresh,302016,Jaipur,2026-06-30,2026-06-30-amzcov-fresh,price_captured,5,1024
amazon-fresh,302017,Jaipur,2026-06-30,2026-06-30-amzcov-fresh,price_captured,2,1024
amazon-fresh,302018,Jaipur,2026-06-30,2026-06-30-amzcov-fresh,price_captured,2,1024
amazon-fresh,302019,Jaipur,2026-06-30,2026-06-30-amzcov-fresh,price_captured,2,1024
amazon-fresh,302020,Jaipur,2026-06-30,2026-06-30-amzcov-fresh,price_captured,1,292
amazon-fresh,302021,Jaipur,2026-06-30,2026-06-30-amzcov-fresh,price_captured,1,1024
amazon-fresh,302022,Jaipur,2026-06-30,2026-06-30-amzcov-fresh,not_serviceable,0,
amazon-fresh,302026,Jaipur,2026-06-30,2026-06-30-amzcov-fresh,price_captured,4,1545
amazon-fresh,302027,Jaipur,2026-06-30,2026-06-30-amzcov-fresh,not_serviceable,0,
amazon-fresh,302028,Jaipur,2026-06-30,2026-06-30-amzcov-fresh,not_serviceable,0,
amazon-fresh,302029,Jaipur,2026-06-30,2026-06-30-amzcov-fresh,not_serviceable,0,
amazon-fresh,302031,Jaipur,2026-06-30,2026-06-30-amzcov-fresh,not_serviceable,0,
amazon-fresh,302033,Jaipur,2026-06-30,2026-06-30-amzcov-fresh,price_captured,5,1545
amazon-fresh,302034,Jaipur,2026-06-30,2026-06-30-amzcov-fresh,price_captured,4,1545
amazon-fresh,302036,Jaipur,2026-06-30,2026-06-30-amzcov-fresh,not_serviceable,0,
amazon-fresh,302037,Jaipur,2026-06-30,2026-06-30-amzcov-fresh,not_serviceable,0,
amazon-fresh,302038,Jaipur,2026-06-30,2026-06-30-amzcov-fresh,not_serviceable,0,
amazon-fresh,302039,Jaipur,2026-06-30,2026-06-30-amzcov-fresh,price_captured,5,1024
amazon-fresh,302040,Jaipur,2026-06-30,2026-06-30-amzcov-fresh,price_captured,4,1545
amazon-fresh,302041,Jaipur,2026-06-30,2026-06-30-amzcov-fresh,not_serviceable,0,
amazon-fresh,302042,Jaipur,2026-06-30,2026-06-30-amzcov-fresh,not_serviceable,0,
amazon-fresh,302043,Jaipur,2026-06-30,2026-06-30-amzcov-fresh,not_serviceable,0,
amazon-fresh,302044,Jaipur,2026-06-30,2026-06-30-amzcov-fresh,not_serviceable,0,
amazon-fresh,302045,Jaipur,2026-06-30,2026-06-30-amzcov-fresh,not_serviceable,0,
amazon-fresh,302046,Jaipur,2026-06-30,2026-06-30-amzcov-fresh,not_serviceable,0,
amazon-fresh,303001,Jaipur,2026-06-30,2026-06-30-amzcov-fresh,not_serviceable,0,
amazon-fresh,303002,Jaipur,2026-06-30,2026-06-30-amzcov-fresh,not_serviceable,0,
amazon-fresh,303003,Jaipur,2026-06-30,2026-06-30-amzcov-fresh,not_serviceable,0,
amazon-fresh,303005,Jaipur,2026-06-30,2026-06-30-amzcov-fresh,not_serviceable,0,
amazon-fresh,303006,Jaipur,2026-06-30,2026-06-30-amzcov-fresh,not_serviceable,0,
amazon-fresh,303007,Jaipur,2026-06-30,2026-06-30-amzcov-fresh,not_serviceable,0,
amazon-fresh,303008,Jaipur,2026-06-30,2026-06-30-amzcov-fresh,not_serviceable,0,
amazon-fresh,303009,Jaipur,2026-06-30,2026-06-30-amzcov-fresh,not_serviceable,0,
amazon-fresh,303012,Jaipur,2026-06-30,2026-06-30-amzcov-fresh,not_serviceable,0,
amazon-fresh,303102,Jaipur,2026-06-30,2026-06-30-amzcov-fresh,not_serviceable,0,
amazon-fresh,303103,Jaipur,2026-06-30,2026-06-30-amzcov-fresh,not_serviceable,0,
amazon-fresh,303104,Jaipur,2026-06-30,2026-06-30-amzcov-fresh,not_serviceable,0,
amazon-fresh,303105,Jaipur,2026-06-30,2026-06-30-amzcov-fresh,not_serviceable,0,
amazon-fresh,303106,Jaipur,2026-06-30,2026-06-30-amzcov-fresh,not_serviceable,0,
amazon-fresh,303107,Jaipur,2026-06-30,2026-06-30-amzcov-fresh,not_serviceable,0,
amazon-fresh,303108,Jaipur,2026-06-30,2026-06-30-amzcov-fresh,not_serviceable,0,
amazon-fresh,303109,Jaipur,2026-06-30,2026-06-30-amzcov-fresh,not_serviceable,0,
amazon-fresh,303110,Jaipur,2026-06-30,2026-06-30-amzcov-fresh,not_serviceable,0,
amazon-fresh,303119,Jaipur,2026-06-30,2026-06-30-amzcov-fresh,not_serviceable,0,
amazon-fresh,303120,Jaipur,2026-06-30,2026-06-30-amzcov-fresh,not_serviceable,0,
amazon-fresh,303121,Jaipur,2026-06-30,2026-06-30-amzcov-fresh,not_serviceable,0,
amazon-fresh,303122,Jaipur,2026-06-30,2026-06-30-amzcov-fresh,not_serviceable,0,
amazon-fresh,303123,Jaipur,2026-06-30,2026-06-30-amzcov-fresh,not_serviceable,0,
amazon-fresh,303124,Jaipur,2026-06-30,2026-06-30-amzcov-fresh,not_serviceable,0,
amazon-fresh,303301,Jaipur,2026-06-30,2026-06-30-amzcov-fresh,not_serviceable,0,
amazon-fresh,303305,Jaipur,2026-06-30,2026-06-30-amzcov-fresh,not_serviceable,0,
amazon-fresh,303328,Jaipur,2026-06-30,2026-06-30-amzcov-fresh,not_serviceable,0,
amazon-fresh,303329,Jaipur,2026-06-30,2026-06-30-amzcov-fresh,not_serviceable,0,
amazon-fresh,303338,Jaipur,2026-06-30,2026-06-30-amzcov-fresh,not_serviceable,0,
amazon-fresh,303348,Jaipur,2026-06-30,2026-06-30-amzcov-fresh,not_serviceable,0,
amazon-fresh,303601,Jaipur,2026-06-30,2026-06-30-amzcov-fresh,not_serviceable,0,
amazon-fresh,303602,Jaipur,2026-06-30,2026-06-30-amzcov-fresh,not_serviceable,0,
amazon-fresh,303603,Jaipur,2026-06-30,2026-06-30-amzcov-fresh,not_serviceable,0,
amazon-fresh,303604,Jaipur,2026-06-30,2026-06-30-amzcov-fresh,not_serviceable,0,
amazon-fresh,303701,Jaipur,2026-06-30,2026-06-30-amzcov-fresh,not_serviceable,0,
amazon-fresh,303702,Jaipur,2026-06-30,2026-06-30-amzcov-fresh,not_serviceable,0,
amazon-fresh,303704,Jaipur,2026-06-30,2026-06-30-amzcov-fresh,not_serviceable,0,
amazon-fresh,303706,Jaipur,2026-06-30,2026-06-30-amzcov-fresh,not_serviceable,0,
amazon-fresh,303712,Jaipur,2026-06-30,2026-06-30-amzcov-fresh,not_serviceable,0,
amazon-fresh,303801,Jaipur,2026-06-30,2026-06-30-amzcov-fresh,not_serviceable,0,
amazon-fresh,303803,Jaipur,2026-06-30,2026-06-30-amzcov-fresh,not_serviceable,0,
amazon-fresh,303804,Jaipur,2026-06-30,2026-06-30-amzcov-fresh,not_serviceable,0,
amazon-fresh,303805,Jaipur,2026-06-30,2026-06-30-amzcov-fresh,not_serviceable,0,
amazon-fresh,303806,Jaipur,2026-06-30,2026-06-30-amzcov-fresh,not_serviceable,0,
amazon-fresh,303807,Jaipur,2026-06-30,2026-06-30-amzcov-fresh,not_serviceable,0,
amazon-fresh,303901,Jaipur,2026-06-30,2026-06-30-amzcov-fresh,not_serviceable,0,
amazon-fresh,303903,Jaipur,2026-06-30,2026-06-30-amzcov-fresh,not_serviceable,0,
amazon-fresh,303904,Jaipur,2026-06-30,2026-06-30-amzcov-fresh,not_serviceable,0,
amazon-fresh,303905,Jaipur,2026-06-30,2026-06-30-amzcov-fresh,not_serviceable,0,
amazon-fresh,303908,Jaipur,2026-06-30,2026-06-30-amzcov-fresh,not_serviceable,0,
amazon-fresh,363423,Ahmedabad,2026-06-30,2026-06-30-amzcov-fresh,not_serviceable,0,
amazon-fresh,380001,Ahmedabad,2026-06-30,2026-06-30-amzcov-fresh,price_captured,16,1299
amazon-fresh,380002,Ahmedabad,2026-06-30,2026-06-30-amzcov-fresh,price_captured,16,1299
amazon-fresh,380003,Ahmedabad,2026-06-30,2026-06-30-amzcov-fresh,price_captured,16,1299
amazon-fresh,380004,Ahmedabad,2026-06-30,2026-06-30-amzcov-fresh,price_captured,17,1299
amazon-fresh,380005,Ahmedabad,2026-06-30,2026-06-30-amzcov-fresh,price_captured,16,1299
amazon-fresh,380006,Ahmedabad,2026-06-30,2026-06-30-amzcov-fresh,price_captured,17,1299
amazon-fresh,380007,Ahmedabad,2026-06-30,2026-06-30-amzcov-fresh,price_captured,17,1299
amazon-fresh,380008,Ahmedabad,2026-06-30,2026-06-30-amzcov-fresh,price_captured,17,1299
amazon-fresh,380009,Ahmedabad,2026-06-30,2026-06-30-amzcov-fresh,price_captured,17,1299
amazon-fresh,380013,Ahmedabad,2026-06-30,2026-06-30-amzcov-fresh,price_captured,17,1299
amazon-fresh,380014,Ahmedabad,2026-06-30,2026-06-30-amzcov-fresh,price_captured,17,1299
amazon-fresh,380015,Ahmedabad,2026-06-30,2026-06-30-amzcov-fresh,price_captured,17,1299
amazon-fresh,380016,Ahmedabad,2026-06-30,2026-06-30-amzcov-fresh,price_captured,17,1299
amazon-fresh,380018,Ahmedabad,2026-06-30,2026-06-30-amzcov-fresh,price_captured,16,1299
amazon-fresh,380019,Ahmedabad,2026-06-30,2026-06-30-amzcov-fresh,price_captured,16,1299
amazon-fresh,380021,Ahmedabad,2026-06-30,2026-06-30-amzcov-fresh,price_captured,16,1299
amazon-fresh,380022,Ahmedabad,2026-06-30,2026-06-30-amzcov-fresh,price_captured,17,1299
amazon-fresh,380023,Ahmedabad,2026-06-30,2026-06-30-amzcov-fresh,price_captured,16,1299
amazon-fresh,380024,Ahmedabad,2026-06-30,2026-06-30-amzcov-fresh,price_captured,10,246
amazon-fresh,380026,Ahmedabad,2026-06-30,2026-06-30-amzcov-fresh,price_captured,17,1299
amazon-fresh,380027,Ahmedabad,2026-06-30,2026-06-30-amzcov-fresh,price_captured,16,1299
amazon-fresh,380028,Ahmedabad,2026-06-30,2026-06-30-amzcov-fresh,price_captured,17,1299
amazon-fresh,380049,Ahmedabad,2026-06-30,2026-06-30-amzcov-fresh,not_serviceable,0,
amazon-fresh,380050,Ahmedabad,2026-06-30,2026-06-30-amzcov-fresh,price_captured,7,368
amazon-fresh,380051,Ahmedabad,2026-06-30,2026-06-30-amzcov-fresh,price_captured,17,1299
amazon-fresh,380052,Ahmedabad,2026-06-30,2026-06-30-amzcov-fresh,price_captured,17,1299
amazon-fresh,380054,Ahmedabad,2026-06-30,2026-06-30-amzcov-fresh,price_captured,17,1299
amazon-fresh,380055,Ahmedabad,2026-06-30,2026-06-30-amzcov-fresh,price_captured,17,1299
amazon-fresh,380058,Ahmedabad,2026-06-30,2026-06-30-amzcov-fresh,price_captured,17,1299
amazon-fresh,380059,Ahmedabad,2026-06-30,2026-06-30-amzcov-fresh,price_captured,16,1299
amazon-fresh,380060,Ahmedabad,2026-06-30,2026-06-30-amzcov-fresh,price_captured,6,368
amazon-fresh,380061,Ahmedabad,2026-06-30,2026-06-30-amzcov-fresh,price_captured,16,1299
amazon-fresh,380063,Ahmedabad,2026-06-30,2026-06-30-amzcov-fresh,price_captured,17,1299
amazon-fresh,382110,Ahmedabad,2026-06-30,2026-06-30-amzcov-fresh,not_serviceable,0,
amazon-fresh,382115,Ahmedabad,2026-06-30,2026-06-30-amzcov-fresh,not_serviceable,0,
amazon-fresh,382120,Ahmedabad,2026-06-30,2026-06-30-amzcov-fresh,not_serviceable,0,
amazon-fresh,382130,Ahmedabad,2026-06-30,2026-06-30-amzcov-fresh,not_serviceable,0,
amazon-fresh,382140,Ahmedabad,2026-06-30,2026-06-30-amzcov-fresh,not_serviceable,0,
amazon-fresh,382145,Ahmedabad,2026-06-30,2026-06-30-amzcov-fresh,not_serviceable,0,
amazon-fresh,382150,Ahmedabad,2026-06-30,2026-06-30-amzcov-fresh,not_serviceable,0,
amazon-fresh,382170,Ahmedabad,2026-06-30,2026-06-30-amzcov-fresh,not_serviceable,0,
amazon-fresh,382210,Ahmedabad,2026-06-30,2026-06-30-amzcov-fresh,not_serviceable,0,
amazon-fresh,382213,Ahmedabad,2026-06-30,2026-06-30-amzcov-fresh,not_serviceable,0,
amazon-fresh,382220,Ahmedabad,2026-06-30,2026-06-30-amzcov-fresh,not_serviceable,0,
amazon-fresh,382225,Ahmedabad,2026-06-30,2026-06-30-amzcov-fresh,not_serviceable,0,
amazon-fresh,382230,Ahmedabad,2026-06-30,2026-06-30-amzcov-fresh,not_serviceable,0,
amazon-fresh,382240,Ahmedabad,2026-06-30,2026-06-30-amzcov-fresh,not_serviceable,0,
amazon-fresh,382245,Ahmedabad,2026-06-30,2026-06-30-amzcov-fresh,not_serviceable,0,
amazon-fresh,382250,Ahmedabad,2026-06-30,2026-06-30-amzcov-fresh,not_serviceable,0,
amazon-fresh,382260,Ahmedabad,2026-06-30,2026-06-30-amzcov-fresh,not_serviceable,0,
amazon-fresh,382265,Ahmedabad,2026-06-30,2026-06-30-amzcov-fresh,not_serviceable,0,
amazon-fresh,382308,Ahmedabad,2026-06-30,2026-06-30-amzcov-fresh,not_serviceable,0,
amazon-fresh,382330,Ahmedabad,2026-06-30,2026-06-30-amzcov-fresh,price_captured,10,831
amazon-fresh,382340,Ahmedabad,2026-06-30,2026-06-30-amzcov-fresh,price_captured,10,831
amazon-fresh,382345,Ahmedabad,2026-06-30,2026-06-30-amzcov-fresh,price_captured,10,246
amazon-fresh,382350,Ahmedabad,2026-06-30,2026-06-30-amzcov-fresh,price_captured,10,831
amazon-fresh,382405,Ahmedabad,2026-06-30,2026-06-30-amzcov-fresh,price_captured,17,1299
amazon-fresh,382415,Ahmedabad,2026-06-30,2026-06-30-amzcov-fresh,price_captured,10,831
amazon-fresh,382418,Ahmedabad,2026-06-30,2026-06-30-amzcov-fresh,not_serviceable,0,
amazon-fresh,382421,Ahmedabad,2026-06-30,2026-06-30-amzcov-fresh,not_serviceable,0,
amazon-fresh,382424,Ahmedabad,2026-06-30,2026-06-30-amzcov-fresh,price_captured,16,1299
amazon-fresh,382425,Ahmedabad,2026-06-30,2026-06-30-amzcov-fresh,not_serviceable,0,
amazon-fresh,382427,Ahmedabad,2026-06-30,2026-06-30-amzcov-fresh,not_serviceable,0,
amazon-fresh,382428,Ahmedabad,2026-06-30,2026-06-30-amzcov-fresh,price_captured,16,1299
amazon-fresh,382430,Ahmedabad,2026-06-30,2026-06-30-amzcov-fresh,not_serviceable,0,
amazon-fresh,382433,Ahmedabad,2026-06-30,2026-06-30-amzcov-fresh,not_serviceable,0,
amazon-fresh,382435,Ahmedabad,2026-06-30,2026-06-30-amzcov-fresh,not_serviceable,0,
amazon-fresh,382443,Ahmedabad,2026-06-30,2026-06-30-amzcov-fresh,price_captured,17,1299
amazon-fresh,382445,Ahmedabad,2026-06-30,2026-06-30-amzcov-fresh,not_serviceable,0,
amazon-fresh,382449,Ahmedabad,2026-06-30,2026-06-30-amzcov-fresh,not_serviceable,0,
amazon-fresh,382450,Ahmedabad,2026-06-30,2026-06-30-amzcov-fresh,not_serviceable,0,
amazon-fresh,382455,Ahmedabad,2026-06-30,2026-06-30-amzcov-fresh,not_serviceable,0,
amazon-fresh,382460,Ahmedabad,2026-06-30,2026-06-30-amzcov-fresh,not_serviceable,0,
amazon-fresh,382463,Ahmedabad,2026-06-30,2026-06-30-amzcov-fresh,not_serviceable,0,
amazon-fresh,382465,Ahmedabad,2026-06-30,2026-06-30-amzcov-fresh,not_serviceable,0,
amazon-fresh,382470,Ahmedabad,2026-06-30,2026-06-30-amzcov-fresh,price_captured,16,1299
amazon-fresh,382475,Ahmedabad,2026-06-30,2026-06-30-amzcov-fresh,price_captured,16,1299
amazon-fresh,382480,Ahmedabad,2026-06-30,2026-06-30-amzcov-fresh,price_captured,16,1299
amazon-fresh,382481,Ahmedabad,2026-06-30,2026-06-30-amzcov-fresh,price_captured,16,1299
amazon-fresh,382722,Ahmedabad,2026-06-30,2026-06-30-amzcov-fresh,not_serviceable,0,
amazon-fresh,390001,Vadodara,2026-06-30,2026-06-30-amzcov-fresh,price_captured,3,1545
amazon-fresh,390002,Vadodara,2026-06-30,2026-06-30-amzcov-fresh,price_captured,3,1545
amazon-fresh,390003,Vadodara,2026-06-30,2026-06-30-amzcov-fresh,price_captured,3,1545
amazon-fresh,390004,Vadodara,2026-06-30,2026-06-30-amzcov-fresh,not_serviceable,0,
amazon-fresh,390006,Vadodara,2026-06-30,2026-06-30-amzcov-fresh,price_captured,3,1545
amazon-fresh,390007,Vadodara,2026-06-30,2026-06-30-amzcov-fresh,price_captured,3,1545
amazon-fresh,390009,Vadodara,2026-06-30,2026-06-30-amzcov-fresh,price_captured,3,1545
amazon-fresh,390010,Vadodara,2026-06-30,2026-06-30-amzcov-fresh,price_captured,3,1545
amazon-fresh,390011,Vadodara,2026-06-30,2026-06-30-amzcov-fresh,price_captured,3,1545
amazon-fresh,390012,Vadodara,2026-06-30,2026-06-30-amzcov-fresh,price_captured,3,1545
amazon-fresh,390013,Vadodara,2026-06-30,2026-06-30-amzcov-fresh,price_captured,3,1545
amazon-fresh,390014,Vadodara,2026-06-30,2026-06-30-amzcov-fresh,not_serviceable,0,
amazon-fresh,390016,Vadodara,2026-06-30,2026-06-30-amzcov-fresh,price_captured,3,1545
amazon-fresh,390017,Vadodara,2026-06-30,2026-06-30-amzcov-fresh,price_captured,3,1545
amazon-fresh,390018,Vadodara,2026-06-30,2026-06-30-amzcov-fresh,price_captured,3,1545
amazon-fresh,390019,Vadodara,2026-06-30,2026-06-30-amzcov-fresh,price_captured,3,1545
amazon-fresh,390020,Vadodara,2026-06-30,2026-06-30-amzcov-fresh,price_captured,3,1545
amazon-fresh,390021,Vadodara,2026-06-30,2026-06-30-amzcov-fresh,price_captured,3,1545
amazon-fresh,390022,Vadodara,2026-06-30,2026-06-30-amzcov-fresh,price_captured,3,1545
amazon-fresh,390023,Vadodara,2026-06-30,2026-06-30-amzcov-fresh,price_captured,3,1545
amazon-fresh,390024,Vadodara,2026-06-30,2026-06-30-amzcov-fresh,price_captured,3,1545
amazon-fresh,390025,Vadodara,2026-06-30,2026-06-30-amzcov-fresh,price_captured,3,1545
amazon-fresh,391101,Vadodara,2026-06-30,2026-06-30-amzcov-fresh,not_serviceable,0,
amazon-fresh,391105,Vadodara,2026-06-30,2026-06-30-amzcov-fresh,not_serviceable,0,
amazon-fresh,391107,Vadodara,2026-06-30,2026-06-30-amzcov-fresh,not_serviceable,0,
amazon-fresh,391110,Vadodara,2026-06-30,2026-06-30-amzcov-fresh,not_serviceable,0,
amazon-fresh,391115,Vadodara,2026-06-30,2026-06-30-amzcov-fresh,not_serviceable,0,
amazon-fresh,391210,Vadodara,2026-06-30,2026-06-30-amzcov-fresh,not_serviceable,0,
amazon-fresh,391220,Vadodara,2026-06-30,2026-06-30-amzcov-fresh,not_serviceable,0,
amazon-fresh,391240,Vadodara,2026-06-30,2026-06-30-amzcov-fresh,not_serviceable,0,
amazon-fresh,391243,Vadodara,2026-06-30,2026-06-30-amzcov-fresh,not_serviceable,0,
amazon-fresh,391244,Vadodara,2026-06-30,2026-06-30-amzcov-fresh,not_serviceable,0,
amazon-fresh,391250,Vadodara,2026-06-30,2026-06-30-amzcov-fresh,not_serviceable,0,
amazon-fresh,391310,Vadodara,2026-06-30,2026-06-30-amzcov-fresh,price_captured,3,1545
amazon-fresh,391320,Vadodara,2026-06-30,2026-06-30-amzcov-fresh,price_captured,3,1545
amazon-fresh,391330,Vadodara,2026-06-30,2026-06-30-amzcov-fresh,price_captured,3,1545
amazon-fresh,391340,Vadodara,2026-06-30,2026-06-30-amzcov-fresh,not_serviceable,0,
amazon-fresh,391345,Vadodara,2026-06-30,2026-06-30-amzcov-fresh,not_serviceable,0,
amazon-fresh,391350,Vadodara,2026-06-30,2026-06-30-amzcov-fresh,not_serviceable,0,
amazon-fresh,391410,Vadodara,2026-06-30,2026-06-30-amzcov-fresh,price_captured,3,1545
amazon-fresh,391421,Vadodara,2026-06-30,2026-06-30-amzcov-fresh,not_serviceable,0,
amazon-fresh,391430,Vadodara,2026-06-30,2026-06-30-amzcov-fresh,not_serviceable,0,
amazon-fresh,391440,Vadodara,2026-06-30,2026-06-30-amzcov-fresh,not_serviceable,0,
amazon-fresh,391445,Vadodara,2026-06-30,2026-06-30-amzcov-fresh,not_serviceable,0,
amazon-fresh,391450,Vadodara,2026-06-30,2026-06-30-amzcov-fresh,not_serviceable,0,
amazon-fresh,391510,Vadodara,2026-06-30,2026-06-30-amzcov-fresh,not_serviceable,0,
amazon-fresh,391520,Vadodara,2026-06-30,2026-06-30-amzcov-fresh,not_serviceable,0,
amazon-fresh,391530,Vadodara,2026-06-30,2026-06-30-amzcov-fresh,not_serviceable,0,
amazon-fresh,391740,Vadodara,2026-06-30,2026-06-30-amzcov-fresh,price_captured,3,1545
amazon-fresh,391745,Vadodara,2026-06-30,2026-06-30-amzcov-fresh,not_serviceable,0,
amazon-fresh,391750,Vadodara,2026-06-30,2026-06-30-amzcov-fresh,not_serviceable,0,
amazon-fresh,391760,Vadodara,2026-06-30,2026-06-30-amzcov-fresh,not_serviceable,0,
amazon-fresh,391761,Vadodara,2026-06-30,2026-06-30-amzcov-fresh,not_serviceable,0,
amazon-fresh,391770,Vadodara,2026-06-30,2026-06-30-amzcov-fresh,not_serviceable,0,
amazon-fresh,391774,Vadodara,2026-06-30,2026-06-30-amzcov-fresh,not_serviceable,0,
amazon-fresh,391775,Vadodara,2026-06-30,2026-06-30-amzcov-fresh,not_serviceable,0,
amazon-fresh,391776,Vadodara,2026-06-30,2026-06-30-amzcov-fresh,not_serviceable,0,
amazon-fresh,391780,Vadodara,2026-06-30,2026-06-30-amzcov-fresh,not_serviceable,0,
amazon-fresh,392220,Vadodara,2026-06-30,2026-06-30-amzcov-fresh,not_serviceable,0,
amazon-fresh,392310,Vadodara,2026-06-30,2026-06-30-amzcov-fresh,not_serviceable,0,
amazon-fresh,393105,Vadodara,2026-06-30,2026-06-30-amzcov-fresh,not_serviceable,0,
amazon-fresh,394101,Surat,2026-06-30,2026-06-30-amzcov-fresh,price_captured,3,1545
amazon-fresh,394105,Surat,2026-06-30,2026-06-30-amzcov-fresh,not_serviceable,0,
amazon-fresh,394107,Surat,2026-06-30,2026-06-30-amzcov-fresh,price_captured,4,1545
amazon-fresh,394110,Surat,2026-06-30,2026-06-30-amzcov-fresh,not_serviceable,0,
amazon-fresh,394111,Surat,2026-06-30,2026-06-30-amzcov-fresh,not_serviceable,0,
amazon-fresh,394112,Surat,2026-06-30,2026-06-30-amzcov-fresh,not_serviceable,0,
amazon-fresh,394120,Surat,2026-06-30,2026-06-30-amzcov-fresh,not_serviceable,0,
amazon-fresh,394125,Surat,2026-06-30,2026-06-30-amzcov-fresh,not_serviceable,0,
amazon-fresh,394130,Surat,2026-06-30,2026-06-30-amzcov-fresh,not_serviceable,0,
amazon-fresh,394140,Surat,2026-06-30,2026-06-30-amzcov-fresh,not_serviceable,0,
amazon-fresh,394150,Surat,2026-06-30,2026-06-30-amzcov-fresh,not_serviceable,0,
amazon-fresh,394155,Surat,2026-06-30,2026-06-30-amzcov-fresh,not_serviceable,0,
amazon-fresh,394160,Surat,2026-06-30,2026-06-30-amzcov-fresh,not_serviceable,0,
amazon-fresh,394163,Surat,2026-06-30,2026-06-30-amzcov-fresh,not_serviceable,0,
amazon-fresh,394170,Surat,2026-06-30,2026-06-30-amzcov-fresh,not_serviceable,0,
amazon-fresh,394180,Surat,2026-06-30,2026-06-30-amzcov-fresh,not_serviceable,0,
amazon-fresh,394185,Surat,2026-06-30,2026-06-30-amzcov-fresh,not_serviceable,0,
amazon-fresh,394190,Surat,2026-06-30,2026-06-30-amzcov-fresh,not_serviceable,0,
amazon-fresh,394210,Surat,2026-06-30,2026-06-30-amzcov-fresh,price_captured,3,1545
amazon-fresh,394221,Surat,2026-06-30,2026-06-30-amzcov-fresh,price_captured,3,1545
amazon-fresh,394230,Surat,2026-06-30,2026-06-30-amzcov-fresh,price_captured,3,1545
amazon-fresh,394235,Surat,2026-06-30,2026-06-30-amzcov-fresh,not_serviceable,0,
amazon-fresh,394240,Surat,2026-06-30,2026-06-30-amzcov-fresh,not_serviceable,0,
amazon-fresh,394245,Surat,2026-06-30,2026-06-30-amzcov-fresh,not_serviceable,0,
amazon-fresh,394246,Surat,2026-06-30,2026-06-30-amzcov-fresh,not_serviceable,0,
amazon-fresh,394248,Surat,2026-06-30,2026-06-30-amzcov-fresh,not_serviceable,0,
amazon-fresh,394250,Surat,2026-06-30,2026-06-30-amzcov-fresh,not_serviceable,0,
amazon-fresh,394270,Surat,2026-06-30,2026-06-30-amzcov-fresh,not_serviceable,0,
amazon-fresh,394305,Surat,2026-06-30,2026-06-30-amzcov-fresh,not_serviceable,0,
amazon-fresh,394310,Surat,2026-06-30,2026-06-30-amzcov-fresh,not_serviceable,0,
amazon-fresh,394315,Surat,2026-06-30,2026-06-30-amzcov-fresh,not_serviceable,0,
amazon-fresh,394317,Surat,2026-06-30,2026-06-30-amzcov-fresh,not_serviceable,0,
amazon-fresh,394320,Surat,2026-06-30,2026-06-30-amzcov-fresh,not_serviceable,0,
amazon-fresh,394325,Surat,2026-06-30,2026-06-30-amzcov-fresh,not_serviceable,0,
amazon-fresh,394326,Surat,2026-06-30,2026-06-30-amzcov-fresh,not_serviceable,0,
amazon-fresh,394327,Surat,2026-06-30,2026-06-30-amzcov-fresh,not_serviceable,0,
amazon-fresh,394330,Surat,2026-06-30,2026-06-30-amzcov-fresh,not_serviceable,0,
amazon-fresh,394335,Surat,2026-06-30,2026-06-30-amzcov-fresh,not_serviceable,0,
amazon-fresh,394340,Surat,2026-06-30,2026-06-30-amzcov-fresh,not_serviceable,0,
amazon-fresh,394345,Surat,2026-06-30,2026-06-30-amzcov-fresh,not_serviceable,0,
amazon-fresh,394350,Surat,2026-06-30,2026-06-30-amzcov-fresh,not_serviceable,0,
amazon-fresh,394352,Surat,2026-06-30,2026-06-30-amzcov-fresh,not_serviceable,0,
amazon-fresh,394355,Surat,2026-06-30,2026-06-30-amzcov-fresh,not_serviceable,0,
amazon-fresh,394360,Surat,2026-06-30,2026-06-30-amzcov-fresh,not_serviceable,0,
amazon-fresh,394405,Surat,2026-06-30,2026-06-30-amzcov-fresh,not_serviceable,0,
amazon-fresh,394410,Surat,2026-06-30,2026-06-30-amzcov-fresh,not_serviceable,0,
amazon-fresh,394421,Surat,2026-06-30,2026-06-30-amzcov-fresh,not_serviceable,0,
amazon-fresh,394430,Surat,2026-06-30,2026-06-30-amzcov-fresh,not_serviceable,0,
amazon-fresh,394440,Surat,2026-06-30,2026-06-30-amzcov-fresh,not_serviceable,0,
amazon-fresh,394445,Surat,2026-06-30,2026-06-30-amzcov-fresh,not_serviceable,0,
amazon-fresh,394510,Surat,2026-06-30,2026-06-30-amzcov-fresh,not_serviceable,0,
amazon-fresh,394515,Surat,2026-06-30,2026-06-30-amzcov-fresh,not_serviceable,0,
amazon-fresh,394516,Surat,2026-06-30,2026-06-30-amzcov-fresh,not_serviceable,0,
amazon-fresh,394517,Surat,2026-06-30,2026-06-30-amzcov-fresh,not_serviceable,0,
amazon-fresh,394518,Surat,2026-06-30,2026-06-30-amzcov-fresh,price_captured,3,1545
amazon-fresh,394520,Surat,2026-06-30,2026-06-30-amzcov-fresh,not_serviceable,0,
amazon-fresh,394530,Surat,2026-06-30,2026-06-30-amzcov-fresh,not_serviceable,0,
amazon-fresh,394540,Surat,2026-06-30,2026-06-30-amzcov-fresh,not_serviceable,0,
amazon-fresh,394541,Surat,2026-06-30,2026-06-30-amzcov-fresh,not_serviceable,0,
amazon-fresh,394550,Surat,2026-06-30,2026-06-30-amzcov-fresh,not_serviceable,0,
amazon-fresh,394601,Surat,2026-06-30,2026-06-30-amzcov-fresh,not_serviceable,0,
amazon-fresh,394620,Surat,2026-06-30,2026-06-30-amzcov-fresh,not_serviceable,0,
amazon-fresh,394651,Surat,2026-06-30,2026-06-30-amzcov-fresh,not_serviceable,0,
amazon-fresh,395001,Surat,2026-06-30,2026-06-30-amzcov-fresh,price_captured,3,1545
amazon-fresh,395002,Surat,2026-06-30,2026-06-30-amzcov-fresh,price_captured,3,1545
amazon-fresh,395003,Surat,2026-06-30,2026-06-30-amzcov-fresh,price_captured,3,1545
amazon-fresh,395004,Surat,2026-06-30,2026-06-30-amzcov-fresh,price_captured,3,1545
amazon-fresh,395005,Surat,2026-06-30,2026-06-30-amzcov-fresh,not_serviceable,0,
amazon-fresh,395006,Surat,2026-06-30,2026-06-30-amzcov-fresh,price_captured,3,1545
amazon-fresh,395007,Surat,2026-06-30,2026-06-30-amzcov-fresh,price_captured,3,1545
amazon-fresh,395008,Surat,2026-06-30,2026-06-30-amzcov-fresh,price_captured,3,1545
amazon-fresh,395009,Surat,2026-06-30,2026-06-30-amzcov-fresh,price_captured,3,1545
amazon-fresh,395010,Surat,2026-06-30,2026-06-30-amzcov-fresh,price_captured,3,1545
amazon-fresh,395011,Surat,2026-06-30,2026-06-30-amzcov-fresh,price_captured,3,1545
amazon-fresh,395012,Surat,2026-06-30,2026-06-30-amzcov-fresh,not_serviceable,0,
amazon-fresh,395013,Surat,2026-06-30,2026-06-30-amzcov-fresh,not_serviceable,0,
amazon-fresh,395017,Surat,2026-06-30,2026-06-30-amzcov-fresh,price_captured,3,1545
amazon-fresh,395023,Surat,2026-06-30,2026-06-30-amzcov-fresh,price_captured,4,1545
amazon-fresh,396510,Surat,2026-06-30,2026-06-30-amzcov-fresh,not_serviceable,0,
amazon-fresh,400001,Mumbai,2026-06-30,2026-06-30-amzcov-fresh,price_captured,4,959
amazon-fresh,400002,Mumbai,2026-06-30,2026-06-30-amzcov-fresh,price_captured,7,1299
amazon-fresh,400003,Mumbai,2026-06-30,2026-06-30-amzcov-fresh,price_captured,3,959
amazon-fresh,400004,Mumbai,2026-06-30,2026-06-30-amzcov-fresh,price_captured,3,959
amazon-fresh,400005,Mumbai,2026-06-30,2026-06-30-amzcov-fresh,price_captured,9,1299
amazon-fresh,400006,Mumbai,2026-06-30,2026-06-30-amzcov-fresh,price_captured,9,1299
amazon-fresh,400007,Mumbai,2026-06-30,2026-06-30-amzcov-fresh,price_captured,3,959
amazon-fresh,400008,Mumbai,2026-06-30,2026-06-30-amzcov-fresh,price_captured,9,1299
amazon-fresh,400009,Mumbai,2026-06-30,2026-06-30-amzcov-fresh,price_captured,3,959
amazon-fresh,400010,Mumbai,2026-06-30,2026-06-30-amzcov-fresh,price_captured,1,959
amazon-fresh,400011,Mumbai,2026-06-30,2026-06-30-amzcov-fresh,price_captured,4,959
amazon-fresh,400012,Mumbai,2026-06-30,2026-06-30-amzcov-fresh,price_captured,4,1299
amazon-fresh,400013,Mumbai,2026-06-30,2026-06-30-amzcov-fresh,price_captured,3,959
amazon-fresh,400014,Mumbai,2026-06-30,2026-06-30-amzcov-fresh,price_captured,5,959
amazon-fresh,400015,Mumbai,2026-06-30,2026-06-30-amzcov-fresh,price_captured,3,959
amazon-fresh,400016,Mumbai,2026-06-30,2026-06-30-amzcov-fresh,price_captured,4,959
amazon-fresh,400017,Mumbai,2026-06-30,2026-06-30-amzcov-fresh,price_captured,9,1299
amazon-fresh,400018,Mumbai,2026-06-30,2026-06-30-amzcov-fresh,price_captured,3,959
amazon-fresh,400019,Mumbai,2026-06-30,2026-06-30-amzcov-fresh,price_captured,2,2163
amazon-fresh,400020,Mumbai,2026-06-30,2026-06-30-amzcov-fresh,price_captured,4,959
amazon-fresh,400021,Mumbai,2026-06-30,2026-06-30-amzcov-fresh,price_captured,4,499
amazon-fresh,400022,Mumbai,2026-06-30,2026-06-30-amzcov-fresh,price_captured,2,2163
amazon-fresh,400024,Mumbai,2026-06-30,2026-06-30-amzcov-fresh,price_captured,7,1299
amazon-fresh,400025,Mumbai,2026-06-30,2026-06-30-amzcov-fresh,price_captured,9,1299
amazon-fresh,400026,Mumbai,2026-06-30,2026-06-30-amzcov-fresh,price_captured,3,959
amazon-fresh,400027,Mumbai,2026-06-30,2026-06-30-amzcov-fresh,price_captured,3,959
amazon-fresh,400028,Mumbai,2026-06-30,2026-06-30-amzcov-fresh,price_captured,4,959
amazon-fresh,400029,Mumbai,2026-06-30,2026-06-30-amzcov-fresh,price_captured,2,909
amazon-fresh,400030,Mumbai,2026-06-30,2026-06-30-amzcov-fresh,price_captured,3,959
amazon-fresh,400031,Mumbai,2026-06-30,2026-06-30-amzcov-fresh,price_captured,5,959
amazon-fresh,400032,Mumbai,2026-06-30,2026-06-30-amzcov-fresh,price_captured,4,959
amazon-fresh,400033,Mumbai,2026-06-30,2026-06-30-amzcov-fresh,price_captured,4,1299
amazon-fresh,400034,Mumbai,2026-06-30,2026-06-30-amzcov-fresh,price_captured,3,959
amazon-fresh,400035,Mumbai,2026-06-30,2026-06-30-amzcov-fresh,price_captured,2,2323
amazon-fresh,400037,Mumbai,2026-06-30,2026-06-30-amzcov-fresh,price_captured,9,1299
amazon-fresh,400042,Mumbai,2026-06-30,2026-06-30-amzcov-fresh,price_captured,4,289
amazon-fresh,400043,Mumbai,2026-06-30,2026-06-30-amzcov-fresh,price_captured,5,1299
amazon-fresh,400049,Mumbai,2026-06-30,2026-06-30-amzcov-fresh,price_captured,3,248
amazon-fresh,400050,Mumbai,2026-06-30,2026-06-30-amzcov-fresh,price_captured,3,248
amazon-fresh,400051,Mumbai,2026-06-30,2026-06-30-amzcov-fresh,price_captured,3,248
amazon-fresh,400052,Mumbai,2026-06-30,2026-06-30-amzcov-fresh,price_captured,3,248
amazon-fresh,400053,Mumbai,2026-06-30,2026-06-30-amzcov-fresh,price_captured,3,248
amazon-fresh,400054,Mumbai,2026-06-30,2026-06-30-amzcov-fresh,not_serviceable,0,
amazon-fresh,400055,Mumbai,2026-06-30,2026-06-30-amzcov-fresh,price_captured,3,248
amazon-fresh,400056,Mumbai,2026-06-30,2026-06-30-amzcov-fresh,price_captured,3,248
amazon-fresh,400057,Mumbai,2026-06-30,2026-06-30-amzcov-fresh,price_captured,3,248
amazon-fresh,400058,Mumbai,2026-06-30,2026-06-30-amzcov-fresh,price_captured,8,175
amazon-fresh,400059,Mumbai,2026-06-30,2026-06-30-amzcov-fresh,price_captured,3,248
amazon-fresh,400060,Mumbai,2026-06-30,2026-06-30-amzcov-fresh,price_captured,3,248
amazon-fresh,400061,Mumbai,2026-06-30,2026-06-30-amzcov-fresh,price_captured,6,248
amazon-fresh,400063,Mumbai,2026-06-30,2026-06-30-amzcov-fresh,not_serviceable,0,
amazon-fresh,400064,Mumbai,2026-06-30,2026-06-30-amzcov-fresh,price_captured,4,379
amazon-fresh,400065,Mumbai,2026-06-30,2026-06-30-amzcov-fresh,price_captured,3,189
amazon-fresh,400066,Mumbai,2026-06-30,2026-06-30-amzcov-fresh,price_captured,1,379
amazon-fresh,400067,Mumbai,2026-06-30,2026-06-30-amzcov-fresh,price_captured,12,855
amazon-fresh,400068,Mumbai,2026-06-30,2026-06-30-amzcov-fresh,not_serviceable,0,
amazon-fresh,400069,Mumbai,2026-06-30,2026-06-30-amzcov-fresh,not_serviceable,0,
amazon-fresh,400070,Mumbai,2026-06-30,2026-06-30-amzcov-fresh,price_captured,5,1299
amazon-fresh,400071,Mumbai,2026-06-30,2026-06-30-amzcov-fresh,price_captured,5,909
amazon-fresh,400072,Mumbai,2026-06-30,2026-06-30-amzcov-fresh,price_captured,3,379
amazon-fresh,400074,Mumbai,2026-06-30,2026-06-30-amzcov-fresh,price_captured,5,909
amazon-fresh,400075,Mumbai,2026-06-30,2026-06-30-amzcov-fresh,price_captured,14,831
amazon-fresh,400076,Mumbai,2026-06-30,2026-06-30-amzcov-fresh,price_captured,3,379
amazon-fresh,400077,Mumbai,2026-06-30,2026-06-30-amzcov-fresh,price_captured,14,831
amazon-fresh,400078,Mumbai,2026-06-30,2026-06-30-amzcov-fresh,price_captured,3,379
amazon-fresh,400079,Mumbai,2026-06-30,2026-06-30-amzcov-fresh,price_captured,3,379
amazon-fresh,400080,Mumbai,2026-06-30,2026-06-30-amzcov-fresh,price_captured,4,289
amazon-fresh,400081,Mumbai,2026-06-30,2026-06-30-amzcov-fresh,price_captured,4,289
amazon-fresh,400082,Mumbai,2026-06-30,2026-06-30-amzcov-fresh,price_captured,4,289
amazon-fresh,400083,Mumbai,2026-06-30,2026-06-30-amzcov-fresh,price_captured,3,379
amazon-fresh,400084,Mumbai,2026-06-30,2026-06-30-amzcov-fresh,price_captured,5,379
amazon-fresh,400085,Mumbai,2026-06-30,2026-06-30-amzcov-fresh,price_captured,5,1299
amazon-fresh,400086,Mumbai,2026-06-30,2026-06-30-amzcov-fresh,price_captured,5,379
amazon-fresh,400087,Mumbai,2026-06-30,2026-06-30-amzcov-fresh,price_captured,3,379
amazon-fresh,400088,Mumbai,2026-06-30,2026-06-30-amzcov-fresh,price_captured,5,1299
amazon-fresh,400089,Mumbai,2026-06-30,2026-06-30-amzcov-fresh,price_captured,13,831
amazon-fresh,400091,Mumbai,2026-06-30,2026-06-30-amzcov-fresh,price_captured,3,1545
amazon-fresh,400092,Mumbai,2026-06-30,2026-06-30-amzcov-fresh,price_captured,5,1299
amazon-fresh,400093,Mumbai,2026-06-30,2026-06-30-amzcov-fresh,price_captured,3,248
amazon-fresh,400094,Mumbai,2026-06-30,2026-06-30-amzcov-fresh,price_captured,7,248
amazon-fresh,400095,Mumbai,2026-06-30,2026-06-30-amzcov-fresh,price_captured,5,1299
amazon-fresh,400096,Mumbai,2026-06-30,2026-06-30-amzcov-fresh,price_captured,3,379
amazon-fresh,400097,Mumbai,2026-06-30,2026-06-30-amzcov-fresh,price_captured,3,248
amazon-fresh,400098,Mumbai,2026-06-30,2026-06-30-amzcov-fresh,price_captured,4,909
amazon-fresh,400099,Mumbai,2026-06-30,2026-06-30-amzcov-fresh,price_captured,3,248
amazon-fresh,400101,Mumbai,2026-06-30,2026-06-30-amzcov-fresh,price_captured,7,175
amazon-fresh,400102,Mumbai,2026-06-30,2026-06-30-amzcov-fresh,price_captured,8,175
amazon-fresh,400103,Mumbai,2026-06-30,2026-06-30-amzcov-fresh,price_captured,5,1299
amazon-fresh,400104,Mumbai,2026-06-30,2026-06-30-amzcov-fresh,price_captured,3,1545
amazon-fresh,410301,Pune,2026-06-30,2026-06-30-amzcov-fresh,not_serviceable,0,
amazon-fresh,410302,Pune,2026-06-30,2026-06-30-amzcov-fresh,not_serviceable,0,
amazon-fresh,410401,Pune,2026-06-30,2026-06-30-amzcov-fresh,not_serviceable,0,
amazon-fresh,410402,Pune,2026-06-30,2026-06-30-amzcov-fresh,not_serviceable,0,
amazon-fresh,410403,Pune,2026-06-30,2026-06-30-amzcov-fresh,not_serviceable,0,
amazon-fresh,410405,Pune,2026-06-30,2026-06-30-amzcov-fresh,not_serviceable,0,
amazon-fresh,410406,Pune,2026-06-30,2026-06-30-amzcov-fresh,not_serviceable,0,
amazon-fresh,410501,Pune,2026-06-30,2026-06-30-amzcov-fresh,not_serviceable,0,
amazon-fresh,410502,Pune,2026-06-30,2026-06-30-amzcov-fresh,not_serviceable,0,
amazon-fresh,410503,Pune,2026-06-30,2026-06-30-amzcov-fresh,not_serviceable,0,
amazon-fresh,410504,Pune,2026-06-30,2026-06-30-amzcov-fresh,not_serviceable,0,
amazon-fresh,410505,Pune,2026-06-30,2026-06-30-amzcov-fresh,not_serviceable,0,
amazon-fresh,410506,Pune,2026-06-30,2026-06-30-amzcov-fresh,not_serviceable,0,
amazon-fresh,410507,Pune,2026-06-30,2026-06-30-amzcov-fresh,not_serviceable,0,
amazon-fresh,410508,Pune,2026-06-30,2026-06-30-amzcov-fresh,not_serviceable,0,
amazon-fresh,410509,Pune,2026-06-30,2026-06-30-amzcov-fresh,not_serviceable,0,
amazon-fresh,410510,Pune,2026-06-30,2026-06-30-amzcov-fresh,not_serviceable,0,
amazon-fresh,410511,Pune,2026-06-30,2026-06-30-amzcov-fresh,not_serviceable,0,
amazon-fresh,410512,Pune,2026-06-30,2026-06-30-amzcov-fresh,not_serviceable,0,
amazon-fresh,410513,Pune,2026-06-30,2026-06-30-amzcov-fresh,not_serviceable,0,
amazon-fresh,410515,Pune,2026-06-30,2026-06-30-amzcov-fresh,not_serviceable,0,
amazon-fresh,410516,Pune,2026-06-30,2026-06-30-amzcov-fresh,not_serviceable,0,
amazon-fresh,411001,Pune,2026-06-30,2026-06-30-amzcov-fresh,price_captured,13,1299
amazon-fresh,411002,Pune,2026-06-30,2026-06-30-amzcov-fresh,price_captured,6,289
amazon-fresh,411003,Pune,2026-06-30,2026-06-30-amzcov-fresh,price_captured,11,192
amazon-fresh,411004,Pune,2026-06-30,2026-06-30-amzcov-fresh,price_captured,13,1299
amazon-fresh,411005,Pune,2026-06-30,2026-06-30-amzcov-fresh,price_captured,6,289
amazon-fresh,411006,Pune,2026-06-30,2026-06-30-amzcov-fresh,price_captured,6,289
amazon-fresh,411007,Pune,2026-06-30,2026-06-30-amzcov-fresh,price_captured,11,192
amazon-fresh,411008,Pune,2026-06-30,2026-06-30-amzcov-fresh,price_captured,2,289
amazon-fresh,411009,Pune,2026-06-30,2026-06-30-amzcov-fresh,price_captured,5,1545
amazon-fresh,411011,Pune,2026-06-30,2026-06-30-amzcov-fresh,price_captured,6,289
amazon-fresh,411012,Pune,2026-06-30,2026-06-30-amzcov-fresh,price_captured,6,289
amazon-fresh,411013,Pune,2026-06-30,2026-06-30-amzcov-fresh,price_captured,5,289
amazon-fresh,411014,Pune,2026-06-30,2026-06-30-amzcov-fresh,price_captured,6,797
amazon-fresh,411015,Pune,2026-06-30,2026-06-30-amzcov-fresh,price_captured,6,289
amazon-fresh,411016,Pune,2026-06-30,2026-06-30-amzcov-fresh,price_captured,13,1299
amazon-fresh,411017,Pune,2026-06-30,2026-06-30-amzcov-fresh,price_captured,5,289
amazon-fresh,411018,Pune,2026-06-30,2026-06-30-amzcov-fresh,price_captured,11,192
amazon-fresh,411019,Pune,2026-06-30,2026-06-30-amzcov-fresh,price_captured,5,289
amazon-fresh,411020,Pune,2026-06-30,2026-06-30-amzcov-fresh,price_captured,11,192
amazon-fresh,411021,Pune,2026-06-30,2026-06-30-amzcov-fresh,not_serviceable,0,
amazon-fresh,411022,Pune,2026-06-30,2026-06-30-amzcov-fresh,price_captured,5,289
amazon-fresh,411023,Pune,2026-06-30,2026-06-30-amzcov-fresh,not_serviceable,0,
amazon-fresh,411024,Pune,2026-06-30,2026-06-30-amzcov-fresh,price_captured,4,289
amazon-fresh,411025,Pune,2026-06-30,2026-06-30-amzcov-fresh,not_serviceable,0,
amazon-fresh,411026,Pune,2026-06-30,2026-06-30-amzcov-fresh,price_captured,5,289
amazon-fresh,411027,Pune,2026-06-30,2026-06-30-amzcov-fresh,price_captured,5,289
amazon-fresh,411028,Pune,2026-06-30,2026-06-30-amzcov-fresh,price_captured,6,289
amazon-fresh,411030,Pune,2026-06-30,2026-06-30-amzcov-fresh,price_captured,6,289
amazon-fresh,411031,Pune,2026-06-30,2026-06-30-amzcov-fresh,price_captured,11,192
amazon-fresh,411032,Pune,2026-06-30,2026-06-30-amzcov-fresh,price_captured,13,1299
amazon-fresh,411033,Pune,2026-06-30,2026-06-30-amzcov-fresh,price_captured,5,289
amazon-fresh,411034,Pune,2026-06-30,2026-06-30-amzcov-fresh,price_captured,11,192
amazon-fresh,411035,Pune,2026-06-30,2026-06-30-amzcov-fresh,price_captured,5,289
amazon-fresh,411036,Pune,2026-06-30,2026-06-30-amzcov-fresh,price_captured,5,289
amazon-fresh,411037,Pune,2026-06-30,2026-06-30-amzcov-fresh,price_captured,5,1545
amazon-fresh,411038,Pune,2026-06-30,2026-06-30-amzcov-fresh,price_captured,9,1299
amazon-fresh,411039,Pune,2026-06-30,2026-06-30-amzcov-fresh,price_captured,5,289
amazon-fresh,411040,Pune,2026-06-30,2026-06-30-amzcov-fresh,price_captured,6,289
amazon-fresh,411041,Pune,2026-06-30,2026-06-30-amzcov-fresh,price_captured,7,192
amazon-fresh,411042,Pune,2026-06-30,2026-06-30-amzcov-fresh,price_captured,6,289
amazon-fresh,411043,Pune,2026-06-30,2026-06-30-amzcov-fresh,price_captured,5,1545
amazon-fresh,411044,Pune,2026-06-30,2026-06-30-amzcov-fresh,price_captured,6,289
amazon-fresh,411045,Pune,2026-06-30,2026-06-30-amzcov-fresh,price_captured,1,289
amazon-fresh,411046,Pune,2026-06-30,2026-06-30-amzcov-fresh,not_serviceable,0,
amazon-fresh,411047,Pune,2026-06-30,2026-06-30-amzcov-fresh,price_captured,13,1299
amazon-fresh,411048,Pune,2026-06-30,2026-06-30-amzcov-fresh,price_captured,6,1545
amazon-fresh,411051,Pune,2026-06-30,2026-06-30-amzcov-fresh,price_captured,6,289
amazon-fresh,411052,Pune,2026-06-30,2026-06-30-amzcov-fresh,price_captured,2,289
amazon-fresh,411057,Pune,2026-06-30,2026-06-30-amzcov-fresh,price_captured,12,1299
amazon-fresh,411058,Pune,2026-06-30,2026-06-30-amzcov-fresh,price_captured,2,289
amazon-fresh,411060,Pune,2026-06-30,2026-06-30-amzcov-fresh,price_captured,6,1545
amazon-fresh,411061,Pune,2026-06-30,2026-06-30-amzcov-fresh,price_captured,5,289
amazon-fresh,411062,Pune,2026-06-30,2026-06-30-amzcov-fresh,price_captured,2,2163
amazon-fresh,411067,Pune,2026-06-30,2026-06-30-amzcov-fresh,not_serviceable,0,
amazon-fresh,411068,Pune,2026-06-30,2026-06-30-amzcov-fresh,not_serviceable,0,
amazon-fresh,411069,Pune,2026-06-30,2026-06-30-amzcov-fresh,not_serviceable,0,
amazon-fresh,412101,Pune,2026-06-30,2026-06-30-amzcov-fresh,price_captured,4,1545
amazon-fresh,412102,Pune,2026-06-30,2026-06-30-amzcov-fresh,not_serviceable,0,
amazon-fresh,412103,Pune,2026-06-30,2026-06-30-amzcov-fresh,not_serviceable,0,
amazon-fresh,412104,Pune,2026-06-30,2026-06-30-amzcov-fresh,not_serviceable,0,
amazon-fresh,412105,Pune,2026-06-30,2026-06-30-amzcov-fresh,price_captured,2,2163
amazon-fresh,412106,Pune,2026-06-30,2026-06-30-amzcov-fresh,not_serviceable,0,
amazon-fresh,412107,Pune,2026-06-30,2026-06-30-amzcov-fresh,not_serviceable,0,
amazon-fresh,412108,Pune,2026-06-30,2026-06-30-amzcov-fresh,not_serviceable,0,
amazon-fresh,412109,Pune,2026-06-30,2026-06-30-amzcov-fresh,not_serviceable,0,
amazon-fresh,412110,Pune,2026-06-30,2026-06-30-amzcov-fresh,not_serviceable,0,
amazon-fresh,412112,Pune,2026-06-30,2026-06-30-amzcov-fresh,not_serviceable,0,
amazon-fresh,412115,Pune,2026-06-30,2026-06-30-amzcov-fresh,not_serviceable,0,
amazon-fresh,412201,Pune,2026-06-30,2026-06-30-amzcov-fresh,not_serviceable,0,
amazon-fresh,412202,Pune,2026-06-30,2026-06-30-amzcov-fresh,not_serviceable,0,
amazon-fresh,412203,Pune,2026-06-30,2026-06-30-amzcov-fresh,not_serviceable,0,
amazon-fresh,412204,Pune,2026-06-30,2026-06-30-amzcov-fresh,not_serviceable,0,
amazon-fresh,412205,Pune,2026-06-30,2026-06-30-amzcov-fresh,not_serviceable,0,
amazon-fresh,412206,Pune,2026-06-30,2026-06-30-amzcov-fresh,not_serviceable,0,
amazon-fresh,412207,Pune,2026-06-30,2026-06-30-amzcov-fresh,not_serviceable,0,
amazon-fresh,412208,Pune,2026-06-30,2026-06-30-amzcov-fresh,not_serviceable,0,
amazon-fresh,412209,Pune,2026-06-30,2026-06-30-amzcov-fresh,not_serviceable,0,
amazon-fresh,412210,Pune,2026-06-30,2026-06-30-amzcov-fresh,not_serviceable,0,
amazon-fresh,412211,Pune,2026-06-30,2026-06-30-amzcov-fresh,not_serviceable,0,
amazon-fresh,412212,Pune,2026-06-30,2026-06-30-amzcov-fresh,not_serviceable,0,
amazon-fresh,412213,Pune,2026-06-30,2026-06-30-amzcov-fresh,not_serviceable,0,
amazon-fresh,412214,Pune,2026-06-30,2026-06-30-amzcov-fresh,not_serviceable,0,
amazon-fresh,412215,Pune,2026-06-30,2026-06-30-amzcov-fresh,not_serviceable,0,
amazon-fresh,412216,Pune,2026-06-30,2026-06-30-amzcov-fresh,not_serviceable,0,
amazon-fresh,412218,Pune,2026-06-30,2026-06-30-amzcov-fresh,not_serviceable,0,
amazon-fresh,412219,Pune,2026-06-30,2026-06-30-amzcov-fresh,not_serviceable,0,
amazon-fresh,412220,Pune,2026-06-30,2026-06-30-amzcov-fresh,not_serviceable,0,
amazon-fresh,412301,Pune,2026-06-30,2026-06-30-amzcov-fresh,not_serviceable,0,
amazon-fresh,412303,Pune,2026-06-30,2026-06-30-amzcov-fresh,not_serviceable,0,
amazon-fresh,412304,Pune,2026-06-30,2026-06-30-amzcov-fresh,not_serviceable,0,
amazon-fresh,412305,Pune,2026-06-30,2026-06-30-amzcov-fresh,not_serviceable,0,
amazon-fresh,412306,Pune,2026-06-30,2026-06-30-amzcov-fresh,not_serviceable,0,
amazon-fresh,412307,Pune,2026-06-30,2026-06-30-amzcov-fresh,price_captured,6,289
amazon-fresh,412308,Pune,2026-06-30,2026-06-30-amzcov-fresh,price_captured,9,1299
amazon-fresh,412311,Pune,2026-06-30,2026-06-30-amzcov-fresh,not_serviceable,0,
amazon-fresh,412312,Pune,2026-06-30,2026-06-30-amzcov-fresh,not_serviceable,0,
amazon-fresh,412401,Pune,2026-06-30,2026-06-30-amzcov-fresh,not_serviceable,0,
amazon-fresh,412402,Pune,2026-06-30,2026-06-30-amzcov-fresh,not_serviceable,0,
amazon-fresh,412403,Pune,2026-06-30,2026-06-30-amzcov-fresh,not_serviceable,0,
amazon-fresh,412404,Pune,2026-06-30,2026-06-30-amzcov-fresh,not_serviceable,0,
amazon-fresh,412405,Pune,2026-06-30,2026-06-30-amzcov-fresh,not_serviceable,0,
amazon-fresh,412406,Pune,2026-06-30,2026-06-30-amzcov-fresh,not_serviceable,0,
amazon-fresh,412408,Pune,2026-06-30,2026-06-30-amzcov-fresh,not_serviceable,0,
amazon-fresh,412409,Pune,2026-06-30,2026-06-30-amzcov-fresh,not_serviceable,0,
amazon-fresh,412410,Pune,2026-06-30,2026-06-30-amzcov-fresh,not_serviceable,0,
amazon-fresh,412411,Pune,2026-06-30,2026-06-30-amzcov-fresh,not_serviceable,0,
amazon-fresh,412412,Pune,2026-06-30,2026-06-30-amzcov-fresh,not_serviceable,0,
amazon-fresh,413102,Pune,2026-06-30,2026-06-30-amzcov-fresh,not_serviceable,0,
amazon-fresh,413103,Pune,2026-06-30,2026-06-30-amzcov-fresh,not_serviceable,0,
amazon-fresh,413104,Pune,2026-06-30,2026-06-30-amzcov-fresh,not_serviceable,0,
amazon-fresh,413105,Pune,2026-06-30,2026-06-30-amzcov-fresh,not_serviceable,0,
amazon-fresh,413106,Pune,2026-06-30,2026-06-30-amzcov-fresh,not_serviceable,0,
amazon-fresh,413110,Pune,2026-06-30,2026-06-30-amzcov-fresh,not_serviceable,0,
amazon-fresh,413114,Pune,2026-06-30,2026-06-30-amzcov-fresh,not_serviceable,0,
amazon-fresh,413115,Pune,2026-06-30,2026-06-30-amzcov-fresh,not_serviceable,0,
amazon-fresh,413116,Pune,2026-06-30,2026-06-30-amzcov-fresh,not_serviceable,0,
amazon-fresh,413120,Pune,2026-06-30,2026-06-30-amzcov-fresh,not_serviceable,0,
amazon-fresh,413130,Pune,2026-06-30,2026-06-30-amzcov-fresh,not_serviceable,0,
amazon-fresh,413132,Pune,2026-06-30,2026-06-30-amzcov-fresh,not_serviceable,0,
amazon-fresh,413133,Pune,2026-06-30,2026-06-30-amzcov-fresh,not_serviceable,0,
amazon-fresh,413211,Pune,2026-06-30,2026-06-30-amzcov-fresh,not_serviceable,0,
amazon-fresh,413801,Pune,2026-06-30,2026-06-30-amzcov-fresh,not_serviceable,0,
amazon-fresh,413802,Pune,2026-06-30,2026-06-30-amzcov-fresh,not_serviceable,0,
amazon-fresh,422001,Nashik,2026-06-30,2026-06-30-amzcov-fresh,not_serviceable,0,
amazon-fresh,422002,Nashik,2026-06-30,2026-06-30-amzcov-fresh,not_serviceable,0,
amazon-fresh,422003,Nashik,2026-06-30,2026-06-30-amzcov-fresh,not_serviceable,0,
amazon-fresh,422004,Nashik,2026-06-30,2026-06-30-amzcov-fresh,not_serviceable,0,
amazon-fresh,422005,Nashik,2026-06-30,2026-06-30-amzcov-fresh,not_serviceable,0,
amazon-fresh,422006,Nashik,2026-06-30,2026-06-30-amzcov-fresh,not_serviceable,0,
amazon-fresh,422007,Nashik,2026-06-30,2026-06-30-amzcov-fresh,not_serviceable,0,
amazon-fresh,422008,Nashik,2026-06-30,2026-06-30-amzcov-fresh,not_serviceable,0,
amazon-fresh,422009,Nashik,2026-06-30,2026-06-30-amzcov-fresh,not_serviceable,0,
amazon-fresh,422010,Nashik,2026-06-30,2026-06-30-amzcov-fresh,not_serviceable,0,
amazon-fresh,422011,Nashik,2026-06-30,2026-06-30-amzcov-fresh,not_serviceable,0,
amazon-fresh,422012,Nashik,2026-06-30,2026-06-30-amzcov-fresh,not_serviceable,0,
amazon-fresh,422013,Nashik,2026-06-30,2026-06-30-amzcov-fresh,not_serviceable,0,
amazon-fresh,422101,Nashik,2026-06-30,2026-06-30-amzcov-fresh,not_serviceable,0,
amazon-fresh,422102,Nashik,2026-06-30,2026-06-30-amzcov-fresh,not_serviceable,0,
amazon-fresh,422103,Nashik,2026-06-30,2026-06-30-amzcov-fresh,not_serviceable,0,
amazon-fresh,422104,Nashik,2026-06-30,2026-06-30-amzcov-fresh,not_serviceable,0,
amazon-fresh,422105,Nashik,2026-06-30,2026-06-30-amzcov-fresh,not_serviceable,0,
amazon-fresh,422112,Nashik,2026-06-30,2026-06-30-amzcov-fresh,not_serviceable,0,
amazon-fresh,422113,Nashik,2026-06-30,2026-06-30-amzcov-fresh,not_serviceable,0,
amazon-fresh,422201,Nashik,2026-06-30,2026-06-30-amzcov-fresh,not_serviceable,0,
amazon-fresh,422202,Nashik,2026-06-30,2026-06-30-amzcov-fresh,not_serviceable,0,
amazon-fresh,422203,Nashik,2026-06-30,2026-06-30-amzcov-fresh,not_serviceable,0,
amazon-fresh,422204,Nashik,2026-06-30,2026-06-30-amzcov-fresh,not_serviceable,0,
amazon-fresh,422205,Nashik,2026-06-30,2026-06-30-amzcov-fresh,not_serviceable,0,
amazon-fresh,422206,Nashik,2026-06-30,2026-06-30-amzcov-fresh,not_serviceable,0,
amazon-fresh,422207,Nashik,2026-06-30,2026-06-30-amzcov-fresh,not_serviceable,0,
amazon-fresh,422208,Nashik,2026-06-30,2026-06-30-amzcov-fresh,not_serviceable,0,
amazon-fresh,422209,Nashik,2026-06-30,2026-06-30-amzcov-fresh,not_serviceable,0,
amazon-fresh,422210,Nashik,2026-06-30,2026-06-30-amzcov-fresh,not_serviceable,0,
amazon-fresh,422211,Nashik,2026-06-30,2026-06-30-amzcov-fresh,not_serviceable,0,
amazon-fresh,422212,Nashik,2026-06-30,2026-06-30-amzcov-fresh,not_serviceable,0,
amazon-fresh,422213,Nashik,2026-06-30,2026-06-30-amzcov-fresh,not_serviceable,0,
amazon-fresh,422214,Nashik,2026-06-30,2026-06-30-amzcov-fresh,not_serviceable,0,
amazon-fresh,422215,Nashik,2026-06-30,2026-06-30-amzcov-fresh,not_serviceable,0,
amazon-fresh,422221,Nashik,2026-06-30,2026-06-30-amzcov-fresh,not_serviceable,0,
amazon-fresh,422222,Nashik,2026-06-30,2026-06-30-amzcov-fresh,not_serviceable,0,
amazon-fresh,422301,Nashik,2026-06-30,2026-06-30-amzcov-fresh,not_serviceable,0,
amazon-fresh,422302,Nashik,2026-06-30,2026-06-30-amzcov-fresh,not_serviceable,0,
amazon-fresh,422303,Nashik,2026-06-30,2026-06-30-amzcov-fresh,not_serviceable,0,
amazon-fresh,422304,Nashik,2026-06-30,2026-06-30-amzcov-fresh,not_serviceable,0,
amazon-fresh,422305,Nashik,2026-06-30,2026-06-30-amzcov-fresh,not_serviceable,0,
amazon-fresh,422306,Nashik,2026-06-30,2026-06-30-amzcov-fresh,not_serviceable,0,
amazon-fresh,422308,Nashik,2026-06-30,2026-06-30-amzcov-fresh,not_serviceable,0,
amazon-fresh,422401,Nashik,2026-06-30,2026-06-30-amzcov-fresh,not_serviceable,0,
amazon-fresh,422402,Nashik,2026-06-30,2026-06-30-amzcov-fresh,not_serviceable,0,
amazon-fresh,422403,Nashik,2026-06-30,2026-06-30-amzcov-fresh,not_serviceable,0,
amazon-fresh,422501,Nashik,2026-06-30,2026-06-30-amzcov-fresh,not_serviceable,0,
amazon-fresh,422502,Nashik,2026-06-30,2026-06-30-amzcov-fresh,not_serviceable,0,
amazon-fresh,422606,Nashik,2026-06-30,2026-06-30-amzcov-fresh,not_serviceable,0,
amazon-fresh,423101,Nashik,2026-06-30,2026-06-30-amzcov-fresh,not_serviceable,0,
amazon-fresh,423102,Nashik,2026-06-30,2026-06-30-amzcov-fresh,not_serviceable,0,
amazon-fresh,423104,Nashik,2026-06-30,2026-06-30-amzcov-fresh,not_serviceable,0,
amazon-fresh,423105,Nashik,2026-06-30,2026-06-30-amzcov-fresh,not_serviceable,0,
amazon-fresh,423106,Nashik,2026-06-30,2026-06-30-amzcov-fresh,not_serviceable,0,
amazon-fresh,423108,Nashik,2026-06-30,2026-06-30-amzcov-fresh,not_serviceable,0,
amazon-fresh,423110,Nashik,2026-06-30,2026-06-30-amzcov-fresh,not_serviceable,0,
amazon-fresh,423111,Nashik,2026-06-30,2026-06-30-amzcov-fresh,not_serviceable,0,
amazon-fresh,423117,Nashik,2026-06-30,2026-06-30-amzcov-fresh,not_serviceable,0,
amazon-fresh,423201,Nashik,2026-06-30,2026-06-30-amzcov-fresh,not_serviceable,0,
amazon-fresh,423202,Nashik,2026-06-30,2026-06-30-amzcov-fresh,not_serviceable,0,
amazon-fresh,423203,Nashik,2026-06-30,2026-06-30-amzcov-fresh,not_serviceable,0,
amazon-fresh,423204,Nashik,2026-06-30,2026-06-30-amzcov-fresh,not_serviceable,0,
amazon-fresh,423205,Nashik,2026-06-30,2026-06-30-amzcov-fresh,not_serviceable,0,
amazon-fresh,423206,Nashik,2026-06-30,2026-06-30-amzcov-fresh,not_serviceable,0,
amazon-fresh,423208,Nashik,2026-06-30,2026-06-30-amzcov-fresh,not_serviceable,0,
amazon-fresh,423212,Nashik,2026-06-30,2026-06-30-amzcov-fresh,not_serviceable,0,
amazon-fresh,423213,Nashik,2026-06-30,2026-06-30-amzcov-fresh,not_serviceable,0,
amazon-fresh,423301,Nashik,2026-06-30,2026-06-30-amzcov-fresh,not_serviceable,0,
amazon-fresh,423302,Nashik,2026-06-30,2026-06-30-amzcov-fresh,not_serviceable,0,
amazon-fresh,423303,Nashik,2026-06-30,2026-06-30-amzcov-fresh,not_serviceable,0,
amazon-fresh,423401,Nashik,2026-06-30,2026-06-30-amzcov-fresh,not_serviceable,0,
amazon-fresh,423402,Nashik,2026-06-30,2026-06-30-amzcov-fresh,not_serviceable,0,
amazon-fresh,423403,Nashik,2026-06-30,2026-06-30-amzcov-fresh,not_serviceable,0,
amazon-fresh,423501,Nashik,2026-06-30,2026-06-30-amzcov-fresh,not_serviceable,0,
amazon-fresh,423502,Nashik,2026-06-30,2026-06-30-amzcov-fresh,not_serviceable,0,
amazon-fresh,424109,Nashik,2026-06-30,2026-06-30-amzcov-fresh,not_serviceable,0,
amazon-fresh,440001,Nagpur,2026-06-30,2026-06-30-amzcov-fresh,serviceable_no_jivo,0,
amazon-fresh,440002,Nagpur,2026-06-30,2026-06-30-amzcov-fresh,serviceable_no_jivo,0,
amazon-fresh,440003,Nagpur,2026-06-30,2026-06-30-amzcov-fresh,serviceable_no_jivo,0,
amazon-fresh,440005,Nagpur,2026-06-30,2026-06-30-amzcov-fresh,serviceable_no_jivo,0,
amazon-fresh,440006,Nagpur,2026-06-30,2026-06-30-amzcov-fresh,serviceable_no_jivo,0,
amazon-fresh,440007,Nagpur,2026-06-30,2026-06-30-amzcov-fresh,serviceable_no_jivo,0,
amazon-fresh,440008,Nagpur,2026-06-30,2026-06-30-amzcov-fresh,serviceable_no_jivo,0,
amazon-fresh,440010,Nagpur,2026-06-30,2026-06-30-amzcov-fresh,serviceable_no_jivo,0,
amazon-fresh,440012,Nagpur,2026-06-30,2026-06-30-amzcov-fresh,serviceable_no_jivo,0,
amazon-fresh,440013,Nagpur,2026-06-30,2026-06-30-amzcov-fresh,serviceable_no_jivo,0,
amazon-fresh,440014,Nagpur,2026-06-30,2026-06-30-amzcov-fresh,serviceable_no_jivo,0,
amazon-fresh,440015,Nagpur,2026-06-30,2026-06-30-amzcov-fresh,serviceable_no_jivo,0,
amazon-fresh,440016,Nagpur,2026-06-30,2026-06-30-amzcov-fresh,serviceable_no_jivo,0,
amazon-fresh,440017,Nagpur,2026-06-30,2026-06-30-amzcov-fresh,serviceable_no_jivo,0,
amazon-fresh,440018,Nagpur,2026-06-30,2026-06-30-amzcov-fresh,serviceable_no_jivo,0,
amazon-fresh,440019,Nagpur,2026-06-30,2026-06-30-amzcov-fresh,not_serviceable,0,
amazon-fresh,440020,Nagpur,2026-06-30,2026-06-30-amzcov-fresh,serviceable_no_jivo,0,
amazon-fresh,440021,Nagpur,2026-06-30,2026-06-30-amzcov-fresh,not_serviceable,0,
amazon-fresh,440022,Nagpur,2026-06-30,2026-06-30-amzcov-fresh,serviceable_no_jivo,0,
amazon-fresh,440023,Nagpur,2026-06-30,2026-06-30-amzcov-fresh,not_serviceable,0,
amazon-fresh,440024,Nagpur,2026-06-30,2026-06-30-amzcov-fresh,serviceable_no_jivo,0,
amazon-fresh,440025,Nagpur,2026-06-30,2026-06-30-amzcov-fresh,serviceable_no_jivo,0,
amazon-fresh,440026,Nagpur,2026-06-30,2026-06-30-amzcov-fresh,serviceable_no_jivo,0,
amazon-fresh,440027,Nagpur,2026-06-30,2026-06-30-amzcov-fresh,serviceable_no_jivo,0,
amazon-fresh,440030,Nagpur,2026-06-30,2026-06-30-amzcov-fresh,serviceable_no_jivo,0,
amazon-fresh,440032,Nagpur,2026-06-30,2026-06-30-amzcov-fresh,serviceable_no_jivo,0,
amazon-fresh,440033,Nagpur,2026-06-30,2026-06-30-amzcov-fresh,serviceable_no_jivo,0,
amazon-fresh,440034,Nagpur,2026-06-30,2026-06-30-amzcov-fresh,serviceable_no_jivo,0,
amazon-fresh,440035,Nagpur,2026-06-30,2026-06-30-amzcov-fresh,serviceable_no_jivo,0,
amazon-fresh,440036,Nagpur,2026-06-30,2026-06-30-amzcov-fresh,serviceable_no_jivo,0,
amazon-fresh,440037,Nagpur,2026-06-30,2026-06-30-amzcov-fresh,not_serviceable,0,
amazon-fresh,441001,Nagpur,2026-06-30,2026-06-30-amzcov-fresh,not_serviceable,0,
amazon-fresh,441101,Nagpur,2026-06-30,2026-06-30-amzcov-fresh,not_serviceable,0,
amazon-fresh,441102,Nagpur,2026-06-30,2026-06-30-amzcov-fresh,not_serviceable,0,
amazon-fresh,441103,Nagpur,2026-06-30,2026-06-30-amzcov-fresh,not_serviceable,0,
amazon-fresh,441104,Nagpur,2026-06-30,2026-06-30-amzcov-fresh,not_serviceable,0,
amazon-fresh,441105,Nagpur,2026-06-30,2026-06-30-amzcov-fresh,not_serviceable,0,
amazon-fresh,441106,Nagpur,2026-06-30,2026-06-30-amzcov-fresh,not_serviceable,0,
amazon-fresh,441107,Nagpur,2026-06-30,2026-06-30-amzcov-fresh,not_serviceable,0,
amazon-fresh,441108,Nagpur,2026-06-30,2026-06-30-amzcov-fresh,not_serviceable,0,
amazon-fresh,441109,Nagpur,2026-06-30,2026-06-30-amzcov-fresh,not_serviceable,0,
amazon-fresh,441110,Nagpur,2026-06-30,2026-06-30-amzcov-fresh,not_serviceable,0,
amazon-fresh,441111,Nagpur,2026-06-30,2026-06-30-amzcov-fresh,not_serviceable,0,
amazon-fresh,441112,Nagpur,2026-06-30,2026-06-30-amzcov-fresh,not_serviceable,0,
amazon-fresh,441113,Nagpur,2026-06-30,2026-06-30-amzcov-fresh,not_serviceable,0,
amazon-fresh,441122,Nagpur,2026-06-30,2026-06-30-amzcov-fresh,not_serviceable,0,
amazon-fresh,441123,Nagpur,2026-06-30,2026-06-30-amzcov-fresh,not_serviceable,0,
amazon-fresh,441201,Nagpur,2026-06-30,2026-06-30-amzcov-fresh,not_serviceable,0,
amazon-fresh,441202,Nagpur,2026-06-30,2026-06-30-amzcov-fresh,not_serviceable,0,
amazon-fresh,441203,Nagpur,2026-06-30,2026-06-30-amzcov-fresh,not_serviceable,0,
amazon-fresh,441204,Nagpur,2026-06-30,2026-06-30-amzcov-fresh,not_serviceable,0,
amazon-fresh,441210,Nagpur,2026-06-30,2026-06-30-amzcov-fresh,not_serviceable,0,
amazon-fresh,441214,Nagpur,2026-06-30,2026-06-30-amzcov-fresh,not_serviceable,0,
amazon-fresh,441301,Nagpur,2026-06-30,2026-06-30-amzcov-fresh,not_serviceable,0,
amazon-fresh,441302,Nagpur,2026-06-30,2026-06-30-amzcov-fresh,not_serviceable,0,
amazon-fresh,441303,Nagpur,2026-06-30,2026-06-30-amzcov-fresh,not_serviceable,0,
amazon-fresh,441304,Nagpur,2026-06-30,2026-06-30-amzcov-fresh,not_serviceable,0,
amazon-fresh,441305,Nagpur,2026-06-30,2026-06-30-amzcov-fresh,not_serviceable,0,
amazon-fresh,441306,Nagpur,2026-06-30,2026-06-30-amzcov-fresh,not_serviceable,0,
amazon-fresh,441401,Nagpur,2026-06-30,2026-06-30-amzcov-fresh,not_serviceable,0,
amazon-fresh,441404,Nagpur,2026-06-30,2026-06-30-amzcov-fresh,not_serviceable,0,
amazon-fresh,441501,Nagpur,2026-06-30,2026-06-30-amzcov-fresh,not_serviceable,0,
amazon-fresh,441502,Nagpur,2026-06-30,2026-06-30-amzcov-fresh,not_serviceable,0,
amazon-fresh,452001,Indore,2026-06-30,2026-06-30-amzcov-fresh,price_captured,1,2163
amazon-fresh,452002,Indore,2026-06-30,2026-06-30-amzcov-fresh,price_captured,1,2163
amazon-fresh,452003,Indore,2026-06-30,2026-06-30-amzcov-fresh,price_captured,1,2163
amazon-fresh,452005,Indore,2026-06-30,2026-06-30-amzcov-fresh,price_captured,1,2163
amazon-fresh,452006,Indore,2026-06-30,2026-06-30-amzcov-fresh,price_captured,1,2163
amazon-fresh,452007,Indore,2026-06-30,2026-06-30-amzcov-fresh,price_captured,1,2163
amazon-fresh,452009,Indore,2026-06-30,2026-06-30-amzcov-fresh,price_captured,1,2163
amazon-fresh,452010,Indore,2026-06-30,2026-06-30-amzcov-fresh,price_captured,1,2163
amazon-fresh,452011,Indore,2026-06-30,2026-06-30-amzcov-fresh,price_captured,1,2163
amazon-fresh,452012,Indore,2026-06-30,2026-06-30-amzcov-fresh,price_captured,1,2163
amazon-fresh,452013,Indore,2026-06-30,2026-06-30-amzcov-fresh,price_captured,1,2163
amazon-fresh,452014,Indore,2026-06-30,2026-06-30-amzcov-fresh,price_captured,1,2163
amazon-fresh,452015,Indore,2026-06-30,2026-06-30-amzcov-fresh,price_captured,1,2163
amazon-fresh,452016,Indore,2026-06-30,2026-06-30-amzcov-fresh,price_captured,1,2163
amazon-fresh,452018,Indore,2026-06-30,2026-06-30-amzcov-fresh,price_captured,1,2163
amazon-fresh,452020,Indore,2026-06-30,2026-06-30-amzcov-fresh,not_serviceable,0,
amazon-fresh,453001,Indore,2026-06-30,2026-06-30-amzcov-fresh,not_serviceable,0,
amazon-fresh,453111,Indore,2026-06-30,2026-06-30-amzcov-fresh,not_serviceable,0,
amazon-fresh,453112,Indore,2026-06-30,2026-06-30-amzcov-fresh,not_serviceable,0,
amazon-fresh,453115,Indore,2026-06-30,2026-06-30-amzcov-fresh,not_serviceable,0,
amazon-fresh,453220,Indore,2026-06-30,2026-06-30-amzcov-fresh,not_serviceable,0,
amazon-fresh,453331,Indore,2026-06-30,2026-06-30-amzcov-fresh,not_serviceable,0,
amazon-fresh,453441,Indore,2026-06-30,2026-06-30-amzcov-fresh,not_serviceable,0,
amazon-fresh,453446,Indore,2026-06-30,2026-06-30-amzcov-fresh,not_serviceable,0,
amazon-fresh,453551,Indore,2026-06-30,2026-06-30-amzcov-fresh,not_serviceable,0,
amazon-fresh,453552,Indore,2026-06-30,2026-06-30-amzcov-fresh,not_serviceable,0,
amazon-fresh,453555,Indore,2026-06-30,2026-06-30-amzcov-fresh,not_serviceable,0,
amazon-fresh,453556,Indore,2026-06-30,2026-06-30-amzcov-fresh,not_serviceable,0,
amazon-fresh,453661,Indore,2026-06-30,2026-06-30-amzcov-fresh,not_serviceable,0,
amazon-fresh,453771,Indore,2026-06-30,2026-06-30-amzcov-fresh,not_serviceable,0,
amazon-fresh,500001,Hyderabad,2026-06-30,2026-06-30-amzcov-fresh,price_captured,5,1205
amazon-fresh,500002,Hyderabad,2026-06-30,2026-06-30-amzcov-fresh,price_captured,3,2163
amazon-fresh,500003,Hyderabad,2026-06-30,2026-06-30-amzcov-fresh,price_captured,3,2163
amazon-fresh,500004,Hyderabad,2026-06-30,2026-06-30-amzcov-fresh,price_captured,5,1545
amazon-fresh,500005,Hyderabad,2026-06-30,2026-06-30-amzcov-fresh,price_captured,3,2163
amazon-fresh,500006,Hyderabad,2026-06-30,2026-06-30-amzcov-fresh,price_captured,5,1205
amazon-fresh,500007,Hyderabad,2026-06-30,2026-06-30-amzcov-fresh,price_captured,3,2163
amazon-fresh,500008,Hyderabad,2026-06-30,2026-06-30-amzcov-fresh,price_captured,5,1205
amazon-fresh,500009,Hyderabad,2026-06-30,2026-06-30-amzcov-fresh,price_captured,3,2163
amazon-fresh,500010,Hyderabad,2026-06-30,2026-06-30-amzcov-fresh,price_captured,3,2163
amazon-fresh,500011,Hyderabad,2026-06-30,2026-06-30-amzcov-fresh,price_captured,3,2163
amazon-fresh,500012,Hyderabad,2026-06-30,2026-06-30-amzcov-fresh,price_captured,5,1205
amazon-fresh,500013,Hyderabad,2026-06-30,2026-06-30-amzcov-fresh,price_captured,3,2163
amazon-fresh,500014,Hyderabad,2026-06-30,2026-06-30-amzcov-fresh,not_serviceable,0,
amazon-fresh,500015,Hyderabad,2026-06-30,2026-06-30-amzcov-fresh,price_captured,3,2163
amazon-fresh,500016,Hyderabad,2026-06-30,2026-06-30-amzcov-fresh,price_captured,3,2163
amazon-fresh,500017,Hyderabad,2026-06-30,2026-06-30-amzcov-fresh,price_captured,3,2163
amazon-fresh,500018,Hyderabad,2026-06-30,2026-06-30-amzcov-fresh,price_captured,3,2163
amazon-fresh,500020,Hyderabad,2026-06-30,2026-06-30-amzcov-fresh,price_captured,3,2163
amazon-fresh,500022,Hyderabad,2026-06-30,2026-06-30-amzcov-fresh,price_captured,5,1205
amazon-fresh,500023,Hyderabad,2026-06-30,2026-06-30-amzcov-fresh,price_captured,3,2163
amazon-fresh,500024,Hyderabad,2026-06-30,2026-06-30-amzcov-fresh,price_captured,3,2163
amazon-fresh,500025,Hyderabad,2026-06-30,2026-06-30-amzcov-fresh,price_captured,3,2163
amazon-fresh,500026,Hyderabad,2026-06-30,2026-06-30-amzcov-fresh,price_captured,3,2163
amazon-fresh,500027,Hyderabad,2026-06-30,2026-06-30-amzcov-fresh,price_captured,3,2163
amazon-fresh,500028,Hyderabad,2026-06-30,2026-06-30-amzcov-fresh,price_captured,5,1205
amazon-fresh,500029,Hyderabad,2026-06-30,2026-06-30-amzcov-fresh,price_captured,3,2163
amazon-fresh,500031,Hyderabad,2026-06-30,2026-06-30-amzcov-fresh,price_captured,5,1205
amazon-fresh,500032,Hyderabad,2026-06-30,2026-06-30-amzcov-fresh,price_captured,5,1205
amazon-fresh,500033,Hyderabad,2026-06-30,2026-06-30-amzcov-fresh,price_captured,5,1205
amazon-fresh,500034,Hyderabad,2026-06-30,2026-06-30-amzcov-fresh,price_captured,5,1205
amazon-fresh,500036,Hyderabad,2026-06-30,2026-06-30-amzcov-fresh,price_captured,3,2163
amazon-fresh,500038,Hyderabad,2026-06-30,2026-06-30-amzcov-fresh,price_captured,5,1205
amazon-fresh,500040,Hyderabad,2026-06-30,2026-06-30-amzcov-fresh,price_captured,3,2163
amazon-fresh,500041,Hyderabad,2026-06-30,2026-06-30-amzcov-fresh,price_captured,5,1205
amazon-fresh,500044,Hyderabad,2026-06-30,2026-06-30-amzcov-fresh,price_captured,3,2163
amazon-fresh,500045,Hyderabad,2026-06-30,2026-06-30-amzcov-fresh,price_captured,5,1205
amazon-fresh,500047,Hyderabad,2026-06-30,2026-06-30-amzcov-fresh,price_captured,3,2163
amazon-fresh,500053,Hyderabad,2026-06-30,2026-06-30-amzcov-fresh,price_captured,3,2163
amazon-fresh,500056,Hyderabad,2026-06-30,2026-06-30-amzcov-fresh,price_captured,3,2163
amazon-fresh,500057,Hyderabad,2026-06-30,2026-06-30-amzcov-fresh,price_captured,5,1205
amazon-fresh,500058,Hyderabad,2026-06-30,2026-06-30-amzcov-fresh,price_captured,3,2323
amazon-fresh,500059,Hyderabad,2026-06-30,2026-06-30-amzcov-fresh,price_captured,3,2163
amazon-fresh,500061,Hyderabad,2026-06-30,2026-06-30-amzcov-fresh,price_captured,3,2163
amazon-fresh,500063,Hyderabad,2026-06-30,2026-06-30-amzcov-fresh,price_captured,5,1205
amazon-fresh,500064,Hyderabad,2026-06-30,2026-06-30-amzcov-fresh,price_captured,3,2163
amazon-fresh,500065,Hyderabad,2026-06-30,2026-06-30-amzcov-fresh,price_captured,3,2163
amazon-fresh,500066,Hyderabad,2026-06-30,2026-06-30-amzcov-fresh,price_captured,3,2163
amazon-fresh,500073,Hyderabad,2026-06-30,2026-06-30-amzcov-fresh,price_captured,5,1205
amazon-fresh,500080,Hyderabad,2026-06-30,2026-06-30-amzcov-fresh,price_captured,3,2163
amazon-fresh,500081,Hyderabad,2026-06-30,2026-06-30-amzcov-fresh,price_captured,5,1205
amazon-fresh,500082,Hyderabad,2026-06-30,2026-06-30-amzcov-fresh,price_captured,5,1205
amazon-fresh,500084,Hyderabad,2026-06-30,2026-06-30-amzcov-fresh,price_captured,1,1158
amazon-fresh,500094,Hyderabad,2026-06-30,2026-06-30-amzcov-fresh,price_captured,3,2163
amazon-fresh,500095,Hyderabad,2026-06-30,2026-06-30-amzcov-fresh,price_captured,5,1205
amazon-fresh,500096,Hyderabad,2026-06-30,2026-06-30-amzcov-fresh,price_captured,5,1205
amazon-fresh,500107,Hyderabad,2026-06-30,2026-06-30-amzcov-fresh,not_serviceable,0,
amazon-fresh,500109,Hyderabad,2026-06-30,2026-06-30-amzcov-fresh,not_serviceable,0,
amazon-fresh,500110,Hyderabad,2026-06-30,2026-06-30-amzcov-fresh,not_serviceable,0,
amazon-fresh,500112,Hyderabad,2026-06-30,2026-06-30-amzcov-fresh,not_serviceable,0,
amazon-fresh,509132,Vijayawada,2026-06-30,2026-06-30-amzcov-fresh,not_serviceable,0,
amazon-fresh,520001,Vijayawada,2026-06-30,2026-06-30-amzcov-fresh,price_captured,3,2323
amazon-fresh,520002,Vijayawada,2026-06-30,2026-06-30-amzcov-fresh,price_captured,3,2323
amazon-fresh,520003,Vijayawada,2026-06-30,2026-06-30-amzcov-fresh,price_captured,3,2323
amazon-fresh,520004,Vijayawada,2026-06-30,2026-06-30-amzcov-fresh,price_captured,3,2323
amazon-fresh,520007,Vijayawada,2026-06-30,2026-06-30-amzcov-fresh,price_captured,3,2323
amazon-fresh,520008,Vijayawada,2026-06-30,2026-06-30-amzcov-fresh,price_captured,3,2323
amazon-fresh,520010,Vijayawada,2026-06-30,2026-06-30-amzcov-fresh,price_captured,3,2323
amazon-fresh,520011,Vijayawada,2026-06-30,2026-06-30-amzcov-fresh,price_captured,3,2323
amazon-fresh,520012,Vijayawada,2026-06-30,2026-06-30-amzcov-fresh,price_captured,3,2323
amazon-fresh,520013,Vijayawada,2026-06-30,2026-06-30-amzcov-fresh,price_captured,3,2323
amazon-fresh,520015,Vijayawada,2026-06-30,2026-06-30-amzcov-fresh,price_captured,3,2323
amazon-fresh,521101,Vijayawada,2026-06-30,2026-06-30-amzcov-fresh,not_serviceable,0,
amazon-fresh,521102,Vijayawada,2026-06-30,2026-06-30-amzcov-fresh,serviceable_no_jivo,0,
amazon-fresh,521104,Vijayawada,2026-06-30,2026-06-30-amzcov-fresh,serviceable_no_jivo,0,
amazon-fresh,521107,Vijayawada,2026-06-30,2026-06-30-amzcov-fresh,price_captured,3,2323
amazon-fresh,521108,Vijayawada,2026-06-30,2026-06-30-amzcov-fresh,price_captured,3,2323
amazon-fresh,521109,Vijayawada,2026-06-30,2026-06-30-amzcov-fresh,not_serviceable,0,
amazon-fresh,521110,Vijayawada,2026-06-30,2026-06-30-amzcov-fresh,not_serviceable,0,
amazon-fresh,521134,Vijayawada,2026-06-30,2026-06-30-amzcov-fresh,not_serviceable,0,
amazon-fresh,521137,Vijayawada,2026-06-30,2026-06-30-amzcov-fresh,price_captured,3,2323
amazon-fresh,521139,Vijayawada,2026-06-30,2026-06-30-amzcov-fresh,price_captured,3,2323
amazon-fresh,521151,Vijayawada,2026-06-30,2026-06-30-amzcov-fresh,price_captured,3,2323
amazon-fresh,521153,Vijayawada,2026-06-30,2026-06-30-amzcov-fresh,not_serviceable,0,
amazon-fresh,521163,Vijayawada,2026-06-30,2026-06-30-amzcov-fresh,not_serviceable,0,
amazon-fresh,521164,Vijayawada,2026-06-30,2026-06-30-amzcov-fresh,not_serviceable,0,
amazon-fresh,521165,Vijayawada,2026-06-30,2026-06-30-amzcov-fresh,not_serviceable,0,
amazon-fresh,521170,Vijayawada,2026-06-30,2026-06-30-amzcov-fresh,not_serviceable,0,
amazon-fresh,521175,Vijayawada,2026-06-30,2026-06-30-amzcov-fresh,serviceable_no_jivo,0,
amazon-fresh,521178,Vijayawada,2026-06-30,2026-06-30-amzcov-fresh,serviceable_no_jivo,0,
amazon-fresh,521180,Vijayawada,2026-06-30,2026-06-30-amzcov-fresh,not_serviceable,0,
amazon-fresh,521181,Vijayawada,2026-06-30,2026-06-30-amzcov-fresh,not_serviceable,0,
amazon-fresh,521182,Vijayawada,2026-06-30,2026-06-30-amzcov-fresh,not_serviceable,0,
amazon-fresh,521183,Vijayawada,2026-06-30,2026-06-30-amzcov-fresh,not_serviceable,0,
amazon-fresh,521184,Vijayawada,2026-06-30,2026-06-30-amzcov-fresh,not_serviceable,0,
amazon-fresh,521185,Vijayawada,2026-06-30,2026-06-30-amzcov-fresh,not_serviceable,0,
amazon-fresh,521190,Vijayawada,2026-06-30,2026-06-30-amzcov-fresh,not_serviceable,0,
amazon-fresh,521211,Vijayawada,2026-06-30,2026-06-30-amzcov-fresh,not_serviceable,0,
amazon-fresh,521212,Vijayawada,2026-06-30,2026-06-30-amzcov-fresh,not_serviceable,0,
amazon-fresh,521225,Vijayawada,2026-06-30,2026-06-30-amzcov-fresh,price_captured,3,2163
amazon-fresh,521226,Vijayawada,2026-06-30,2026-06-30-amzcov-fresh,not_serviceable,0,
amazon-fresh,521227,Vijayawada,2026-06-30,2026-06-30-amzcov-fresh,not_serviceable,0,
amazon-fresh,521228,Vijayawada,2026-06-30,2026-06-30-amzcov-fresh,not_serviceable,0,
amazon-fresh,521229,Vijayawada,2026-06-30,2026-06-30-amzcov-fresh,not_serviceable,0,
amazon-fresh,521230,Vijayawada,2026-06-30,2026-06-30-amzcov-fresh,not_serviceable,0,
amazon-fresh,521231,Vijayawada,2026-06-30,2026-06-30-amzcov-fresh,not_serviceable,0,
amazon-fresh,521235,Vijayawada,2026-06-30,2026-06-30-amzcov-fresh,not_serviceable,0,
amazon-fresh,521241,Vijayawada,2026-06-30,2026-06-30-amzcov-fresh,not_serviceable,0,
amazon-fresh,521245,Vijayawada,2026-06-30,2026-06-30-amzcov-fresh,not_serviceable,0,
amazon-fresh,521246,Vijayawada,2026-06-30,2026-06-30-amzcov-fresh,not_serviceable,0,
amazon-fresh,521247,Vijayawada,2026-06-30,2026-06-30-amzcov-fresh,not_serviceable,0,
amazon-fresh,521250,Vijayawada,2026-06-30,2026-06-30-amzcov-fresh,not_serviceable,0,
amazon-fresh,521256,Vijayawada,2026-06-30,2026-06-30-amzcov-fresh,not_serviceable,0,
amazon-fresh,521286,Vijayawada,2026-06-30,2026-06-30-amzcov-fresh,not_serviceable,0,
amazon-fresh,521401,Vijayawada,2026-06-30,2026-06-30-amzcov-fresh,not_serviceable,0,
amazon-fresh,521402,Vijayawada,2026-06-30,2026-06-30-amzcov-fresh,not_serviceable,0,
amazon-fresh,521403,Vijayawada,2026-06-30,2026-06-30-amzcov-fresh,not_serviceable,0,
amazon-fresh,521456,Vijayawada,2026-06-30,2026-06-30-amzcov-fresh,not_serviceable,0,
amazon-fresh,521457,Vijayawada,2026-06-30,2026-06-30-amzcov-fresh,not_serviceable,0,
amazon-fresh,530001,Visakhapatnam,2026-06-30,2026-06-30-amzcov-fresh,price_captured,3,2163
amazon-fresh,530002,Visakhapatnam,2026-06-30,2026-06-30-amzcov-fresh,price_captured,4,1545
amazon-fresh,530003,Visakhapatnam,2026-06-30,2026-06-30-amzcov-fresh,price_captured,4,1545
amazon-fresh,530004,Visakhapatnam,2026-06-30,2026-06-30-amzcov-fresh,price_captured,3,2323
amazon-fresh,530005,Visakhapatnam,2026-06-30,2026-06-30-amzcov-fresh,not_serviceable,0,
amazon-fresh,530007,Visakhapatnam,2026-06-30,2026-06-30-amzcov-fresh,price_captured,4,1545
amazon-fresh,530008,Visakhapatnam,2026-06-30,2026-06-30-amzcov-fresh,price_captured,4,1545
amazon-fresh,530009,Visakhapatnam,2026-06-30,2026-06-30-amzcov-fresh,price_captured,4,1545
amazon-fresh,530011,Visakhapatnam,2026-06-30,2026-06-30-amzcov-fresh,price_captured,3,2323
amazon-fresh,530012,Visakhapatnam,2026-06-30,2026-06-30-amzcov-fresh,price_captured,4,1545
amazon-fresh,530013,Visakhapatnam,2026-06-30,2026-06-30-amzcov-fresh,price_captured,4,1545
amazon-fresh,530014,Visakhapatnam,2026-06-30,2026-06-30-amzcov-fresh,not_serviceable,0,
amazon-fresh,530015,Visakhapatnam,2026-06-30,2026-06-30-amzcov-fresh,price_captured,3,2163
amazon-fresh,530016,Visakhapatnam,2026-06-30,2026-06-30-amzcov-fresh,price_captured,4,1545
amazon-fresh,530017,Visakhapatnam,2026-06-30,2026-06-30-amzcov-fresh,price_captured,4,1545
amazon-fresh,530018,Visakhapatnam,2026-06-30,2026-06-30-amzcov-fresh,price_captured,4,1545
amazon-fresh,530020,Visakhapatnam,2026-06-30,2026-06-30-amzcov-fresh,price_captured,4,1545
amazon-fresh,530022,Visakhapatnam,2026-06-30,2026-06-30-amzcov-fresh,price_captured,4,1545
amazon-fresh,530024,Visakhapatnam,2026-06-30,2026-06-30-amzcov-fresh,price_captured,4,1545
amazon-fresh,530026,Visakhapatnam,2026-06-30,2026-06-30-amzcov-fresh,price_captured,4,1545
amazon-fresh,530027,Visakhapatnam,2026-06-30,2026-06-30-amzcov-fresh,price_captured,3,2163
amazon-fresh,530028,Visakhapatnam,2026-06-30,2026-06-30-amzcov-fresh,price_captured,3,2163
amazon-fresh,530029,Visakhapatnam,2026-06-30,2026-06-30-amzcov-fresh,price_captured,3,2163
amazon-fresh,530031,Visakhapatnam,2026-06-30,2026-06-30-amzcov-fresh,price_captured,4,1545
amazon-fresh,530032,Visakhapatnam,2026-06-30,2026-06-30-amzcov-fresh,price_captured,4,1545
amazon-fresh,530040,Visakhapatnam,2026-06-30,2026-06-30-amzcov-fresh,price_captured,3,2163
amazon-fresh,530041,Visakhapatnam,2026-06-30,2026-06-30-amzcov-fresh,not_serviceable,0,
amazon-fresh,530043,Visakhapatnam,2026-06-30,2026-06-30-amzcov-fresh,price_captured,3,2163
amazon-fresh,530044,Visakhapatnam,2026-06-30,2026-06-30-amzcov-fresh,price_captured,4,1545
amazon-fresh,530045,Visakhapatnam,2026-06-30,2026-06-30-amzcov-fresh,not_serviceable,0,
amazon-fresh,530046,Visakhapatnam,2026-06-30,2026-06-30-amzcov-fresh,price_captured,3,2163
amazon-fresh,530047,Visakhapatnam,2026-06-30,2026-06-30-amzcov-fresh,not_serviceable,0,
amazon-fresh,530048,Visakhapatnam,2026-06-30,2026-06-30-amzcov-fresh,not_serviceable,0,
amazon-fresh,530049,Visakhapatnam,2026-06-30,2026-06-30-amzcov-fresh,not_serviceable,0,
amazon-fresh,530051,Visakhapatnam,2026-06-30,2026-06-30-amzcov-fresh,price_captured,4,1545
amazon-fresh,530052,Visakhapatnam,2026-06-30,2026-06-30-amzcov-fresh,not_serviceable,0,
amazon-fresh,530053,Visakhapatnam,2026-06-30,2026-06-30-amzcov-fresh,not_serviceable,0,
amazon-fresh,531162,Visakhapatnam,2026-06-30,2026-06-30-amzcov-fresh,not_serviceable,0,
amazon-fresh,531163,Visakhapatnam,2026-06-30,2026-06-30-amzcov-fresh,not_serviceable,0,
amazon-fresh,531173,Visakhapatnam,2026-06-30,2026-06-30-amzcov-fresh,not_serviceable,0,
amazon-fresh,531219,Visakhapatnam,2026-06-30,2026-06-30-amzcov-fresh,not_serviceable,0,
amazon-fresh,560001,Bengaluru,2026-06-30,2026-06-30-amzcov-fresh,price_captured,14,831
amazon-fresh,560002,Bengaluru,2026-06-30,2026-06-30-amzcov-fresh,price_captured,11,1024
amazon-fresh,560003,Bengaluru,2026-06-30,2026-06-30-amzcov-fresh,price_captured,9,1299
amazon-fresh,560004,Bengaluru,2026-06-30,2026-06-30-amzcov-fresh,price_captured,15,831
amazon-fresh,560005,Bengaluru,2026-06-30,2026-06-30-amzcov-fresh,price_captured,11,872
amazon-fresh,560006,Bengaluru,2026-06-30,2026-06-30-amzcov-fresh,price_captured,17,831
amazon-fresh,560007,Bengaluru,2026-06-30,2026-06-30-amzcov-fresh,price_captured,13,831
amazon-fresh,560008,Bengaluru,2026-06-30,2026-06-30-amzcov-fresh,price_captured,9,175
amazon-fresh,560009,Bengaluru,2026-06-30,2026-06-30-amzcov-fresh,price_captured,14,1299
amazon-fresh,560010,Bengaluru,2026-06-30,2026-06-30-amzcov-fresh,price_captured,11,1299
amazon-fresh,560011,Bengaluru,2026-06-30,2026-06-30-amzcov-fresh,price_captured,6,246
amazon-fresh,560012,Bengaluru,2026-06-30,2026-06-30-amzcov-fresh,price_captured,6,1299
amazon-fresh,560013,Bengaluru,2026-06-30,2026-06-30-amzcov-fresh,price_captured,10,831
amazon-fresh,560015,Bengaluru,2026-06-30,2026-06-30-amzcov-fresh,price_captured,10,872
amazon-fresh,560016,Bengaluru,2026-06-30,2026-06-30-amzcov-fresh,price_captured,10,175
amazon-fresh,560017,Bengaluru,2026-06-30,2026-06-30-amzcov-fresh,price_captured,12,831
amazon-fresh,560018,Bengaluru,2026-06-30,2026-06-30-amzcov-fresh,price_captured,11,1024
amazon-fresh,560020,Bengaluru,2026-06-30,2026-06-30-amzcov-fresh,price_captured,13,1299
amazon-fresh,560021,Bengaluru,2026-06-30,2026-06-30-amzcov-fresh,price_captured,11,1299
amazon-fresh,560022,Bengaluru,2026-06-30,2026-06-30-amzcov-fresh,price_captured,11,166
amazon-fresh,560023,Bengaluru,2026-06-30,2026-06-30-amzcov-fresh,price_captured,11,1299
amazon-fresh,560024,Bengaluru,2026-06-30,2026-06-30-amzcov-fresh,price_captured,14,1299
amazon-fresh,560025,Bengaluru,2026-06-30,2026-06-30-amzcov-fresh,price_captured,14,831
amazon-fresh,560026,Bengaluru,2026-06-30,2026-06-30-amzcov-fresh,price_captured,17,831
amazon-fresh,560027,Bengaluru,2026-06-30,2026-06-30-amzcov-fresh,price_captured,11,831
amazon-fresh,560029,Bengaluru,2026-06-30,2026-06-30-amzcov-fresh,price_captured,11,1024
amazon-fresh,560030,Bengaluru,2026-06-30,2026-06-30-amzcov-fresh,price_captured,12,831
amazon-fresh,560032,Bengaluru,2026-06-30,2026-06-30-amzcov-fresh,price_captured,12,831
amazon-fresh,560033,Bengaluru,2026-06-30,2026-06-30-amzcov-fresh,price_captured,15,175
amazon-fresh,560034,Bengaluru,2026-06-30,2026-06-30-amzcov-fresh,price_captured,3,1150
amazon-fresh,560035,Bengaluru,2026-06-30,2026-06-30-amzcov-fresh,price_captured,5,1299
amazon-fresh,560036,Bengaluru,2026-06-30,2026-06-30-amzcov-fresh,price_captured,14,175
amazon-fresh,560037,Bengaluru,2026-06-30,2026-06-30-amzcov-fresh,price_captured,7,1299
amazon-fresh,560038,Bengaluru,2026-06-30,2026-06-30-amzcov-fresh,price_captured,13,175
amazon-fresh,560040,Bengaluru,2026-06-30,2026-06-30-amzcov-fresh,price_captured,11,1299
amazon-fresh,560041,Bengaluru,2026-06-30,2026-06-30-amzcov-fresh,price_captured,10,831
amazon-fresh,560042,Bengaluru,2026-06-30,2026-06-30-amzcov-fresh,price_captured,11,872
amazon-fresh,560043,Bengaluru,2026-06-30,2026-06-30-amzcov-fresh,price_captured,7,175
amazon-fresh,560045,Bengaluru,2026-06-30,2026-06-30-amzcov-fresh,price_captured,6,1205
amazon-fresh,560046,Bengaluru,2026-06-30,2026-06-30-amzcov-fresh,price_captured,17,831
amazon-fresh,560047,Bengaluru,2026-06-30,2026-06-30-amzcov-fresh,price_captured,6,1205
amazon-fresh,560048,Bengaluru,2026-06-30,2026-06-30-amzcov-fresh,price_captured,8,831
amazon-fresh,560049,Bengaluru,2026-06-30,2026-06-30-amzcov-fresh,price_captured,10,1299
amazon-fresh,560050,Bengaluru,2026-06-30,2026-06-30-amzcov-fresh,price_captured,14,1299
amazon-fresh,560051,Bengaluru,2026-06-30,2026-06-30-amzcov-fresh,price_captured,12,831
amazon-fresh,560053,Bengaluru,2026-06-30,2026-06-30-amzcov-fresh,price_captured,14,1299
amazon-fresh,560054,Bengaluru,2026-06-30,2026-06-30-amzcov-fresh,price_captured,9,246
amazon-fresh,560055,Bengaluru,2026-06-30,2026-06-30-amzcov-fresh,price_captured,12,193
amazon-fresh,560056,Bengaluru,2026-06-30,2026-06-30-amzcov-fresh,price_captured,15,202
amazon-fresh,560057,Bengaluru,2026-06-30,2026-06-30-amzcov-fresh,price_captured,11,193
amazon-fresh,560058,Bengaluru,2026-06-30,2026-06-30-amzcov-fresh,price_captured,10,831
amazon-fresh,560059,Bengaluru,2026-06-30,2026-06-30-amzcov-fresh,price_captured,14,831
amazon-fresh,560060,Bengaluru,2026-06-30,2026-06-30-amzcov-fresh,price_captured,10,1299
amazon-fresh,560061,Bengaluru,2026-06-30,2026-06-30-amzcov-fresh,price_captured,13,1299
amazon-fresh,560062,Bengaluru,2026-06-30,2026-06-30-amzcov-fresh,serviceable_no_jivo,0,
amazon-fresh,560063,Bengaluru,2026-06-30,2026-06-30-amzcov-fresh,price_captured,6,831
amazon-fresh,560064,Bengaluru,2026-06-30,2026-06-30-amzcov-fresh,price_captured,11,193
amazon-fresh,560065,Bengaluru,2026-06-30,2026-06-30-amzcov-fresh,price_captured,6,831
amazon-fresh,560066,Bengaluru,2026-06-30,2026-06-30-amzcov-fresh,price_captured,17,831
amazon-fresh,560067,Bengaluru,2026-06-30,2026-06-30-amzcov-fresh,price_captured,1,2163
amazon-fresh,560068,Bengaluru,2026-06-30,2026-06-30-amzcov-fresh,price_captured,7,831
amazon-fresh,560070,Bengaluru,2026-06-30,2026-06-30-amzcov-fresh,price_captured,13,831
amazon-fresh,560071,Bengaluru,2026-06-30,2026-06-30-amzcov-fresh,price_captured,13,831
amazon-fresh,560072,Bengaluru,2026-06-30,2026-06-30-amzcov-fresh,price_captured,15,1299
amazon-fresh,560073,Bengaluru,2026-06-30,2026-06-30-amzcov-fresh,not_serviceable,0,
amazon-fresh,560074,Bengaluru,2026-06-30,2026-06-30-amzcov-fresh,price_captured,5,1299
amazon-fresh,560075,Bengaluru,2026-06-30,2026-06-30-amzcov-fresh,price_captured,10,175
amazon-fresh,560076,Bengaluru,2026-06-30,2026-06-30-amzcov-fresh,price_captured,13,831
amazon-fresh,560077,Bengaluru,2026-06-30,2026-06-30-amzcov-fresh,price_captured,3,1299
amazon-fresh,560078,Bengaluru,2026-06-30,2026-06-30-amzcov-fresh,price_captured,12,1024
amazon-fresh,560079,Bengaluru,2026-06-30,2026-06-30-amzcov-fresh,price_captured,12,831
amazon-fresh,560080,Bengaluru,2026-06-30,2026-06-30-amzcov-fresh,price_captured,17,831
amazon-fresh,560081,Bengaluru,2026-06-30,2026-06-30-amzcov-fresh,not_serviceable,0,
amazon-fresh,560082,Bengaluru,2026-06-30,2026-06-30-amzcov-fresh,not_serviceable,0,
amazon-fresh,560083,Bengaluru,2026-06-30,2026-06-30-amzcov-fresh,price_captured,4,1545
amazon-fresh,560084,Bengaluru,2026-06-30,2026-06-30-amzcov-fresh,price_captured,11,872
amazon-fresh,560085,Bengaluru,2026-06-30,2026-06-30-amzcov-fresh,price_captured,14,1299
amazon-fresh,560086,Bengaluru,2026-06-30,2026-06-30-amzcov-fresh,price_captured,12,193
amazon-fresh,560087,Bengaluru,2026-06-30,2026-06-30-amzcov-fresh,price_captured,4,1299
amazon-fresh,560088,Bengaluru,2026-06-30,2026-06-30-amzcov-fresh,not_serviceable,0,
amazon-fresh,560089,Bengaluru,2026-06-30,2026-06-30-amzcov-fresh,not_serviceable,0,
amazon-fresh,560090,Bengaluru,2026-06-30,2026-06-30-amzcov-fresh,price_captured,7,246
amazon-fresh,560091,Bengaluru,2026-06-30,2026-06-30-amzcov-fresh,price_captured,17,831
amazon-fresh,560092,Bengaluru,2026-06-30,2026-06-30-amzcov-fresh,price_captured,13,831
amazon-fresh,560093,Bengaluru,2026-06-30,2026-06-30-amzcov-fresh,price_captured,12,183
amazon-fresh,560094,Bengaluru,2026-06-30,2026-06-30-amzcov-fresh,price_captured,18,831
amazon-fresh,560095,Bengaluru,2026-06-30,2026-06-30-amzcov-fresh,price_captured,9,1150
amazon-fresh,560096,Bengaluru,2026-06-30,2026-06-30-amzcov-fresh,price_captured,11,166
amazon-fresh,560097,Bengaluru,2026-06-30,2026-06-30-amzcov-fresh,price_captured,11,159
amazon-fresh,560098,Bengaluru,2026-06-30,2026-06-30-amzcov-fresh,price_captured,13,1299
amazon-fresh,560099,Bengaluru,2026-06-30,2026-06-30-amzcov-fresh,not_serviceable,0,
amazon-fresh,560100,Bengaluru,2026-06-30,2026-06-30-amzcov-fresh,price_captured,4,1299
amazon-fresh,560102,Bengaluru,2026-06-30,2026-06-30-amzcov-fresh,price_captured,6,1299
amazon-fresh,560103,Bengaluru,2026-06-30,2026-06-30-amzcov-fresh,price_captured,5,1299
amazon-fresh,560104,Bengaluru,2026-06-30,2026-06-30-amzcov-fresh,price_captured,19,831
amazon-fresh,560105,Bengaluru,2026-06-30,2026-06-30-amzcov-fresh,not_serviceable,0,
amazon-fresh,560107,Bengaluru,2026-06-30,2026-06-30-amzcov-fresh,not_serviceable,0,
amazon-fresh,560108,Bengaluru,2026-06-30,2026-06-30-amzcov-fresh,price_captured,5,831
amazon-fresh,560109,Bengaluru,2026-06-30,2026-06-30-amzcov-fresh,price_captured,16,831
amazon-fresh,560110,Bengaluru,2026-06-30,2026-06-30-amzcov-fresh,price_captured,14,159
amazon-fresh,560111,Bengaluru,2026-06-30,2026-06-30-amzcov-fresh,not_serviceable,0,
amazon-fresh,560112,Bengaluru,2026-06-30,2026-06-30-amzcov-fresh,not_serviceable,0,
amazon-fresh,560113,Bengaluru,2026-06-30,2026-06-30-amzcov-fresh,not_serviceable,0,
amazon-fresh,560114,Bengaluru,2026-06-30,2026-06-30-amzcov-fresh,not_serviceable,0,
amazon-fresh,560115,Bengaluru,2026-06-30,2026-06-30-amzcov-fresh,not_serviceable,0,
amazon-fresh,560116,Bengaluru,2026-06-30,2026-06-30-amzcov-fresh,not_serviceable,0,
amazon-fresh,560300,Bengaluru,2026-06-30,2026-06-30-amzcov-fresh,not_serviceable,0,
amazon-fresh,560500,Bengaluru,2026-06-30,2026-06-30-amzcov-fresh,not_serviceable,0,
amazon-fresh,562106,Bengaluru,2026-06-30,2026-06-30-amzcov-fresh,serviceable_no_jivo,0,
amazon-fresh,562107,Bengaluru,2026-06-30,2026-06-30-amzcov-fresh,not_serviceable,0,
amazon-fresh,562120,Bengaluru,2026-06-30,2026-06-30-amzcov-fresh,not_serviceable,0,
amazon-fresh,562125,Bengaluru,2026-06-30,2026-06-30-amzcov-fresh,not_serviceable,0,
amazon-fresh,562130,Bengaluru,2026-06-30,2026-06-30-amzcov-fresh,not_serviceable,0,
amazon-fresh,562149,Bengaluru,2026-06-30,2026-06-30-amzcov-fresh,not_serviceable,0,
amazon-fresh,562157,Bengaluru,2026-06-30,2026-06-30-amzcov-fresh,serviceable_no_jivo,0,
amazon-fresh,562162,Bengaluru,2026-06-30,2026-06-30-amzcov-fresh,serviceable_no_jivo,0,
amazon-fresh,562163,Bengaluru,2026-06-30,2026-06-30-amzcov-fresh,not_serviceable,0,
amazon-fresh,570001,Mysuru,2026-06-30,2026-06-30-amzcov-fresh,price_captured,2,2163
amazon-fresh,570002,Mysuru,2026-06-30,2026-06-30-amzcov-fresh,price_captured,2,2323
amazon-fresh,570003,Mysuru,2026-06-30,2026-06-30-amzcov-fresh,price_captured,2,2163
amazon-fresh,570004,Mysuru,2026-06-30,2026-06-30-amzcov-fresh,price_captured,2,2163
amazon-fresh,570005,Mysuru,2026-06-30,2026-06-30-amzcov-fresh,price_captured,2,2163
amazon-fresh,570006,Mysuru,2026-06-30,2026-06-30-amzcov-fresh,price_captured,2,2323
amazon-fresh,570007,Mysuru,2026-06-30,2026-06-30-amzcov-fresh,price_captured,2,2323
amazon-fresh,570008,Mysuru,2026-06-30,2026-06-30-amzcov-fresh,price_captured,2,2163
amazon-fresh,570009,Mysuru,2026-06-30,2026-06-30-amzcov-fresh,price_captured,2,2163
amazon-fresh,570010,Mysuru,2026-06-30,2026-06-30-amzcov-fresh,not_serviceable,0,
amazon-fresh,570011,Mysuru,2026-06-30,2026-06-30-amzcov-fresh,price_captured,2,2323
amazon-fresh,570012,Mysuru,2026-06-30,2026-06-30-amzcov-fresh,price_captured,2,2163
amazon-fresh,570014,Mysuru,2026-06-30,2026-06-30-amzcov-fresh,price_captured,2,2163
amazon-fresh,570015,Mysuru,2026-06-30,2026-06-30-amzcov-fresh,price_captured,2,2163
amazon-fresh,570016,Mysuru,2026-06-30,2026-06-30-amzcov-fresh,price_captured,2,2323
amazon-fresh,570017,Mysuru,2026-06-30,2026-06-30-amzcov-fresh,price_captured,2,2163
amazon-fresh,570018,Mysuru,2026-06-30,2026-06-30-amzcov-fresh,price_captured,2,2163
amazon-fresh,570019,Mysuru,2026-06-30,2026-06-30-amzcov-fresh,price_captured,2,2163
amazon-fresh,570020,Mysuru,2026-06-30,2026-06-30-amzcov-fresh,price_captured,2,2163
amazon-fresh,570022,Mysuru,2026-06-30,2026-06-30-amzcov-fresh,price_captured,2,2163
amazon-fresh,570023,Mysuru,2026-06-30,2026-06-30-amzcov-fresh,price_captured,2,2163
amazon-fresh,570025,Mysuru,2026-06-30,2026-06-30-amzcov-fresh,price_captured,2,2163
amazon-fresh,570026,Mysuru,2026-06-30,2026-06-30-amzcov-fresh,price_captured,2,2163
amazon-fresh,570027,Mysuru,2026-06-30,2026-06-30-amzcov-fresh,price_captured,2,2163
amazon-fresh,570028,Mysuru,2026-06-30,2026-06-30-amzcov-fresh,not_serviceable,0,
amazon-fresh,570029,Mysuru,2026-06-30,2026-06-30-amzcov-fresh,price_captured,2,2163
amazon-fresh,570030,Mysuru,2026-06-30,2026-06-30-amzcov-fresh,price_captured,2,2163
amazon-fresh,570031,Mysuru,2026-06-30,2026-06-30-amzcov-fresh,price_captured,2,2163
amazon-fresh,570032,Mysuru,2026-06-30,2026-06-30-amzcov-fresh,price_captured,2,2163
amazon-fresh,570033,Mysuru,2026-06-30,2026-06-30-amzcov-fresh,not_serviceable,0,
amazon-fresh,570034,Mysuru,2026-06-30,2026-06-30-amzcov-fresh,not_serviceable,0,
amazon-fresh,571101,Mysuru,2026-06-30,2026-06-30-amzcov-fresh,not_serviceable,0,
amazon-fresh,571102,Mysuru,2026-06-30,2026-06-30-amzcov-fresh,not_serviceable,0,
amazon-fresh,571103,Mysuru,2026-06-30,2026-06-30-amzcov-fresh,not_serviceable,0,
amazon-fresh,571104,Mysuru,2026-06-30,2026-06-30-amzcov-fresh,not_serviceable,0,
amazon-fresh,571105,Mysuru,2026-06-30,2026-06-30-amzcov-fresh,not_serviceable,0,
amazon-fresh,571106,Mysuru,2026-06-30,2026-06-30-amzcov-fresh,not_serviceable,0,
amazon-fresh,571107,Mysuru,2026-06-30,2026-06-30-amzcov-fresh,not_serviceable,0,
amazon-fresh,571108,Mysuru,2026-06-30,2026-06-30-amzcov-fresh,not_serviceable,0,
amazon-fresh,571110,Mysuru,2026-06-30,2026-06-30-amzcov-fresh,not_serviceable,0,
amazon-fresh,571114,Mysuru,2026-06-30,2026-06-30-amzcov-fresh,not_serviceable,0,
amazon-fresh,571116,Mysuru,2026-06-30,2026-06-30-amzcov-fresh,not_serviceable,0,
amazon-fresh,571118,Mysuru,2026-06-30,2026-06-30-amzcov-fresh,not_serviceable,0,
amazon-fresh,571119,Mysuru,2026-06-30,2026-06-30-amzcov-fresh,not_serviceable,0,
amazon-fresh,571120,Mysuru,2026-06-30,2026-06-30-amzcov-fresh,not_serviceable,0,
amazon-fresh,571121,Mysuru,2026-06-30,2026-06-30-amzcov-fresh,not_serviceable,0,
amazon-fresh,571122,Mysuru,2026-06-30,2026-06-30-amzcov-fresh,not_serviceable,0,
amazon-fresh,571124,Mysuru,2026-06-30,2026-06-30-amzcov-fresh,not_serviceable,0,
amazon-fresh,571125,Mysuru,2026-06-30,2026-06-30-amzcov-fresh,not_serviceable,0,
amazon-fresh,571129,Mysuru,2026-06-30,2026-06-30-amzcov-fresh,not_serviceable,0,
amazon-fresh,571130,Mysuru,2026-06-30,2026-06-30-amzcov-fresh,not_serviceable,0,
amazon-fresh,571134,Mysuru,2026-06-30,2026-06-30-amzcov-fresh,not_serviceable,0,
amazon-fresh,571187,Mysuru,2026-06-30,2026-06-30-amzcov-fresh,not_serviceable,0,
amazon-fresh,571189,Mysuru,2026-06-30,2026-06-30-amzcov-fresh,not_serviceable,0,
amazon-fresh,571301,Mysuru,2026-06-30,2026-06-30-amzcov-fresh,not_serviceable,0,
amazon-fresh,571302,Mysuru,2026-06-30,2026-06-30-amzcov-fresh,not_serviceable,0,
amazon-fresh,571311,Mysuru,2026-06-30,2026-06-30-amzcov-fresh,not_serviceable,0,
amazon-fresh,571312,Mysuru,2026-06-30,2026-06-30-amzcov-fresh,not_serviceable,0,
amazon-fresh,571314,Mysuru,2026-06-30,2026-06-30-amzcov-fresh,not_serviceable,0,
amazon-fresh,571315,Mysuru,2026-06-30,2026-06-30-amzcov-fresh,not_serviceable,0,
amazon-fresh,571316,Mysuru,2026-06-30,2026-06-30-amzcov-fresh,not_serviceable,0,
amazon-fresh,571442,Mysuru,2026-06-30,2026-06-30-amzcov-fresh,not_serviceable,0,
amazon-fresh,571601,Mysuru,2026-06-30,2026-06-30-amzcov-fresh,not_serviceable,0,
amazon-fresh,571602,Mysuru,2026-06-30,2026-06-30-amzcov-fresh,not_serviceable,0,
amazon-fresh,571603,Mysuru,2026-06-30,2026-06-30-amzcov-fresh,not_serviceable,0,
amazon-fresh,571604,Mysuru,2026-06-30,2026-06-30-amzcov-fresh,not_serviceable,0,
amazon-fresh,571610,Mysuru,2026-06-30,2026-06-30-amzcov-fresh,not_serviceable,0,
amazon-fresh,571617,Mysuru,2026-06-30,2026-06-30-amzcov-fresh,not_serviceable,0,
amazon-fresh,600001,Chennai,2026-06-30,2026-06-30-amzcov-fresh,price_captured,10,959
amazon-fresh,600002,Chennai,2026-06-30,2026-06-30-amzcov-fresh,price_captured,12,959
amazon-fresh,600003,Chennai,2026-06-30,2026-06-30-amzcov-fresh,price_captured,10,959
amazon-fresh,600004,Chennai,2026-06-30,2026-06-30-amzcov-fresh,price_captured,8,959
amazon-fresh,600005,Chennai,2026-06-30,2026-06-30-amzcov-fresh,price_captured,8,959
amazon-fresh,600006,Chennai,2026-06-30,2026-06-30-amzcov-fresh,price_captured,12,499
amazon-fresh,600007,Chennai,2026-06-30,2026-06-30-amzcov-fresh,price_captured,8,959
amazon-fresh,600008,Chennai,2026-06-30,2026-06-30-amzcov-fresh,price_captured,12,959
amazon-fresh,600009,Chennai,2026-06-30,2026-06-30-amzcov-fresh,price_captured,10,959
amazon-fresh,600010,Chennai,2026-06-30,2026-06-30-amzcov-fresh,price_captured,8,959
amazon-fresh,600011,Chennai,2026-06-30,2026-06-30-amzcov-fresh,price_captured,5,1205
amazon-fresh,600012,Chennai,2026-06-30,2026-06-30-amzcov-fresh,price_captured,10,959
amazon-fresh,600013,Chennai,2026-06-30,2026-06-30-amzcov-fresh,price_captured,5,1205
amazon-fresh,600014,Chennai,2026-06-30,2026-06-30-amzcov-fresh,price_captured,8,959
amazon-fresh,600015,Chennai,2026-06-30,2026-06-30-amzcov-fresh,price_captured,12,959
amazon-fresh,600016,Chennai,2026-06-30,2026-06-30-amzcov-fresh,price_captured,16,1249
amazon-fresh,600017,Chennai,2026-06-30,2026-06-30-amzcov-fresh,price_captured,10,959
amazon-fresh,600018,Chennai,2026-06-30,2026-06-30-amzcov-fresh,price_captured,10,959
amazon-fresh,600019,Chennai,2026-06-30,2026-06-30-amzcov-fresh,not_serviceable,0,
amazon-fresh,600020,Chennai,2026-06-30,2026-06-30-amzcov-fresh,price_captured,11,959
amazon-fresh,600021,Chennai,2026-06-30,2026-06-30-amzcov-fresh,price_captured,5,1205
amazon-fresh,600022,Chennai,2026-06-30,2026-06-30-amzcov-fresh,price_captured,12,959
amazon-fresh,600023,Chennai,2026-06-30,2026-06-30-amzcov-fresh,price_captured,8,959
amazon-fresh,600024,Chennai,2026-06-30,2026-06-30-amzcov-fresh,price_captured,10,959
amazon-fresh,600025,Chennai,2026-06-30,2026-06-30-amzcov-fresh,price_captured,13,959
amazon-fresh,600026,Chennai,2026-06-30,2026-06-30-amzcov-fresh,price_captured,9,959
amazon-fresh,600028,Chennai,2026-06-30,2026-06-30-amzcov-fresh,price_captured,10,959
amazon-fresh,600030,Chennai,2026-06-30,2026-06-30-amzcov-fresh,price_captured,10,959
amazon-fresh,600031,Chennai,2026-06-30,2026-06-30-amzcov-fresh,price_captured,10,959
amazon-fresh,600032,Chennai,2026-06-30,2026-06-30-amzcov-fresh,price_captured,8,959
amazon-fresh,600033,Chennai,2026-06-30,2026-06-30-amzcov-fresh,price_captured,12,959
amazon-fresh,600034,Chennai,2026-06-30,2026-06-30-amzcov-fresh,price_captured,10,959
amazon-fresh,600035,Chennai,2026-06-30,2026-06-30-amzcov-fresh,price_captured,12,959
amazon-fresh,600036,Chennai,2026-06-30,2026-06-30-amzcov-fresh,price_captured,12,959
amazon-fresh,600037,Chennai,2026-06-30,2026-06-30-amzcov-fresh,price_captured,12,959
amazon-fresh,600038,Chennai,2026-06-30,2026-06-30-amzcov-fresh,price_captured,5,1205
amazon-fresh,600039,Chennai,2026-06-30,2026-06-30-amzcov-fresh,price_captured,5,1205
amazon-fresh,600040,Chennai,2026-06-30,2026-06-30-amzcov-fresh,price_captured,10,959
amazon-fresh,600041,Chennai,2026-06-30,2026-06-30-amzcov-fresh,price_captured,16,1249
amazon-fresh,600042,Chennai,2026-06-30,2026-06-30-amzcov-fresh,price_captured,16,1249
amazon-fresh,600049,Chennai,2026-06-30,2026-06-30-amzcov-fresh,price_captured,5,1205
amazon-fresh,600050,Chennai,2026-06-30,2026-06-30-amzcov-fresh,price_captured,9,959
amazon-fresh,600051,Chennai,2026-06-30,2026-06-30-amzcov-fresh,price_captured,4,1205
amazon-fresh,600053,Chennai,2026-06-30,2026-06-30-amzcov-fresh,price_captured,5,1205
amazon-fresh,600057,Chennai,2026-06-30,2026-06-30-amzcov-fresh,not_serviceable,0,
amazon-fresh,600058,Chennai,2026-06-30,2026-06-30-amzcov-fresh,price_captured,5,1205
amazon-fresh,600060,Chennai,2026-06-30,2026-06-30-amzcov-fresh,price_captured,4,1205
amazon-fresh,600061,Chennai,2026-06-30,2026-06-30-amzcov-fresh,price_captured,16,1249
amazon-fresh,600066,Chennai,2026-06-30,2026-06-30-amzcov-fresh,serviceable_no_jivo,0,
amazon-fresh,600068,Chennai,2026-06-30,2026-06-30-amzcov-fresh,price_captured,4,1205
amazon-fresh,600076,Chennai,2026-06-30,2026-06-30-amzcov-fresh,price_captured,5,1205
amazon-fresh,600077,Chennai,2026-06-30,2026-06-30-amzcov-fresh,price_captured,5,1205
amazon-fresh,600078,Chennai,2026-06-30,2026-06-30-amzcov-fresh,price_captured,8,959
amazon-fresh,600081,Chennai,2026-06-30,2026-06-30-amzcov-fresh,price_captured,5,1205
amazon-fresh,600082,Chennai,2026-06-30,2026-06-30-amzcov-fresh,price_captured,5,1205
amazon-fresh,600083,Chennai,2026-06-30,2026-06-30-amzcov-fresh,price_captured,10,959
amazon-fresh,600084,Chennai,2026-06-30,2026-06-30-amzcov-fresh,price_captured,8,959
amazon-fresh,600085,Chennai,2026-06-30,2026-06-30-amzcov-fresh,price_captured,12,959
amazon-fresh,600086,Chennai,2026-06-30,2026-06-30-amzcov-fresh,price_captured,10,959
amazon-fresh,600087,Chennai,2026-06-30,2026-06-30-amzcov-fresh,price_captured,8,959
amazon-fresh,600088,Chennai,2026-06-30,2026-06-30-amzcov-fresh,price_captured,16,1249
amazon-fresh,600089,Chennai,2026-06-30,2026-06-30-amzcov-fresh,price_captured,5,959
amazon-fresh,600090,Chennai,2026-06-30,2026-06-30-amzcov-fresh,price_captured,10,959
amazon-fresh,600091,Chennai,2026-06-30,2026-06-30-amzcov-fresh,price_captured,16,1249
amazon-fresh,600092,Chennai,2026-06-30,2026-06-30-amzcov-fresh,price_captured,8,959
amazon-fresh,600093,Chennai,2026-06-30,2026-06-30-amzcov-fresh,price_captured,8,959
amazon-fresh,600094,Chennai,2026-06-30,2026-06-30-amzcov-fresh,price_captured,10,959
amazon-fresh,600095,Chennai,2026-06-30,2026-06-30-amzcov-fresh,price_captured,5,1205
amazon-fresh,600096,Chennai,2026-06-30,2026-06-30-amzcov-fresh,price_captured,7,368
amazon-fresh,600097,Chennai,2026-06-30,2026-06-30-amzcov-fresh,price_captured,7,368
amazon-fresh,600099,Chennai,2026-06-30,2026-06-30-amzcov-fresh,price_captured,5,1205
amazon-fresh,600101,Chennai,2026-06-30,2026-06-30-amzcov-fresh,price_captured,9,959
amazon-fresh,600102,Chennai,2026-06-30,2026-06-30-amzcov-fresh,price_captured,10,959
amazon-fresh,600103,Chennai,2026-06-30,2026-06-30-amzcov-fresh,not_serviceable,0,
amazon-fresh,600104,Chennai,2026-06-30,2026-06-30-amzcov-fresh,price_captured,10,959
amazon-fresh,600106,Chennai,2026-06-30,2026-06-30-amzcov-fresh,price_captured,8,959
amazon-fresh,600107,Chennai,2026-06-30,2026-06-30-amzcov-fresh,price_captured,8,959
amazon-fresh,600113,Chennai,2026-06-30,2026-06-30-amzcov-fresh,price_captured,16,1249
amazon-fresh,600115,Chennai,2026-06-30,2026-06-30-amzcov-fresh,price_captured,7,368
amazon-fresh,600116,Chennai,2026-06-30,2026-06-30-amzcov-fresh,price_captured,8,959
amazon-fresh,600118,Chennai,2026-06-30,2026-06-30-amzcov-fresh,price_captured,5,1205
amazon-fresh,600119,Chennai,2026-06-30,2026-06-30-amzcov-fresh,price_captured,7,368
amazon-fresh,600125,Chennai,2026-06-30,2026-06-30-amzcov-fresh,price_captured,8,959
amazon-fresh,638459,Coimbatore,2026-06-30,2026-06-30-amzcov-fresh,not_serviceable,0,
amazon-fresh,641001,Coimbatore,2026-06-30,2026-06-30-amzcov-fresh,not_serviceable,0,
amazon-fresh,641002,Coimbatore,2026-06-30,2026-06-30-amzcov-fresh,not_serviceable,0,
amazon-fresh,641003,Coimbatore,2026-06-30,2026-06-30-amzcov-fresh,not_serviceable,0,
amazon-fresh,641004,Coimbatore,2026-06-30,2026-06-30-amzcov-fresh,not_serviceable,0,
amazon-fresh,641005,Coimbatore,2026-06-30,2026-06-30-amzcov-fresh,not_serviceable,0,
amazon-fresh,641006,Coimbatore,2026-06-30,2026-06-30-amzcov-fresh,not_serviceable,0,
amazon-fresh,641007,Coimbatore,2026-06-30,2026-06-30-amzcov-fresh,not_serviceable,0,
amazon-fresh,641008,Coimbatore,2026-06-30,2026-06-30-amzcov-fresh,not_serviceable,0,
amazon-fresh,641009,Coimbatore,2026-06-30,2026-06-30-amzcov-fresh,not_serviceable,0,
amazon-fresh,641010,Coimbatore,2026-06-30,2026-06-30-amzcov-fresh,not_serviceable,0,
amazon-fresh,641011,Coimbatore,2026-06-30,2026-06-30-amzcov-fresh,not_serviceable,0,
amazon-fresh,641012,Coimbatore,2026-06-30,2026-06-30-amzcov-fresh,not_serviceable,0,
amazon-fresh,641013,Coimbatore,2026-06-30,2026-06-30-amzcov-fresh,not_serviceable,0,
amazon-fresh,641014,Coimbatore,2026-06-30,2026-06-30-amzcov-fresh,not_serviceable,0,
amazon-fresh,641015,Coimbatore,2026-06-30,2026-06-30-amzcov-fresh,not_serviceable,0,
amazon-fresh,641016,Coimbatore,2026-06-30,2026-06-30-amzcov-fresh,not_serviceable,0,
amazon-fresh,641017,Coimbatore,2026-06-30,2026-06-30-amzcov-fresh,not_serviceable,0,
amazon-fresh,641018,Coimbatore,2026-06-30,2026-06-30-amzcov-fresh,not_serviceable,0,
amazon-fresh,641019,Coimbatore,2026-06-30,2026-06-30-amzcov-fresh,not_serviceable,0,
amazon-fresh,641020,Coimbatore,2026-06-30,2026-06-30-amzcov-fresh,not_serviceable,0,
amazon-fresh,641021,Coimbatore,2026-06-30,2026-06-30-amzcov-fresh,not_serviceable,0,
amazon-fresh,641022,Coimbatore,2026-06-30,2026-06-30-amzcov-fresh,not_serviceable,0,
amazon-fresh,641023,Coimbatore,2026-06-30,2026-06-30-amzcov-fresh,not_serviceable,0,
amazon-fresh,641024,Coimbatore,2026-06-30,2026-06-30-amzcov-fresh,not_serviceable,0,
amazon-fresh,641025,Coimbatore,2026-06-30,2026-06-30-amzcov-fresh,not_serviceable,0,
amazon-fresh,641026,Coimbatore,2026-06-30,2026-06-30-amzcov-fresh,not_serviceable,0,
amazon-fresh,641027,Coimbatore,2026-06-30,2026-06-30-amzcov-fresh,not_serviceable,0,
amazon-fresh,641028,Coimbatore,2026-06-30,2026-06-30-amzcov-fresh,not_serviceable,0,
amazon-fresh,641029,Coimbatore,2026-06-30,2026-06-30-amzcov-fresh,not_serviceable,0,
amazon-fresh,641030,Coimbatore,2026-06-30,2026-06-30-amzcov-fresh,not_serviceable,0,
amazon-fresh,641031,Coimbatore,2026-06-30,2026-06-30-amzcov-fresh,serviceable_no_jivo,0,
amazon-fresh,641032,Coimbatore,2026-06-30,2026-06-30-amzcov-fresh,not_serviceable,0,
amazon-fresh,641033,Coimbatore,2026-06-30,2026-06-30-amzcov-fresh,not_serviceable,0,
amazon-fresh,641034,Coimbatore,2026-06-30,2026-06-30-amzcov-fresh,not_serviceable,0,
amazon-fresh,641035,Coimbatore,2026-06-30,2026-06-30-amzcov-fresh,not_serviceable,0,
amazon-fresh,641036,Coimbatore,2026-06-30,2026-06-30-amzcov-fresh,not_serviceable,0,
amazon-fresh,641037,Coimbatore,2026-06-30,2026-06-30-amzcov-fresh,not_serviceable,0,
amazon-fresh,641038,Coimbatore,2026-06-30,2026-06-30-amzcov-fresh,not_serviceable,0,
amazon-fresh,641039,Coimbatore,2026-06-30,2026-06-30-amzcov-fresh,not_serviceable,0,
amazon-fresh,641040,Coimbatore,2026-06-30,2026-06-30-amzcov-fresh,not_serviceable,0,
amazon-fresh,641041,Coimbatore,2026-06-30,2026-06-30-amzcov-fresh,serviceable_no_jivo,0,
amazon-fresh,641042,Coimbatore,2026-06-30,2026-06-30-amzcov-fresh,not_serviceable,0,
amazon-fresh,641043,Coimbatore,2026-06-30,2026-06-30-amzcov-fresh,serviceable_no_jivo,0,
amazon-fresh,641044,Coimbatore,2026-06-30,2026-06-30-amzcov-fresh,not_serviceable,0,
amazon-fresh,641045,Coimbatore,2026-06-30,2026-06-30-amzcov-fresh,not_serviceable,0,
amazon-fresh,641046,Coimbatore,2026-06-30,2026-06-30-amzcov-fresh,not_serviceable,0,
amazon-fresh,641047,Coimbatore,2026-06-30,2026-06-30-amzcov-fresh,not_serviceable,0,
amazon-fresh,641048,Coimbatore,2026-06-30,2026-06-30-amzcov-fresh,not_serviceable,0,
amazon-fresh,641049,Coimbatore,2026-06-30,2026-06-30-amzcov-fresh,not_serviceable,0,
amazon-fresh,641050,Coimbatore,2026-06-30,2026-06-30-amzcov-fresh,not_serviceable,0,
amazon-fresh,641062,Coimbatore,2026-06-30,2026-06-30-amzcov-fresh,serviceable_no_jivo,0,
amazon-fresh,641101,Coimbatore,2026-06-30,2026-06-30-amzcov-fresh,not_serviceable,0,
amazon-fresh,641103,Coimbatore,2026-06-30,2026-06-30-amzcov-fresh,not_serviceable,0,
amazon-fresh,641104,Coimbatore,2026-06-30,2026-06-30-amzcov-fresh,not_serviceable,0,
amazon-fresh,641105,Coimbatore,2026-06-30,2026-06-30-amzcov-fresh,not_serviceable,0,
amazon-fresh,641107,Coimbatore,2026-06-30,2026-06-30-amzcov-fresh,not_serviceable,0,
amazon-fresh,641108,Coimbatore,2026-06-30,2026-06-30-amzcov-fresh,not_serviceable,0,
amazon-fresh,641109,Coimbatore,2026-06-30,2026-06-30-amzcov-fresh,not_serviceable,0,
amazon-fresh,641110,Coimbatore,2026-06-30,2026-06-30-amzcov-fresh,not_serviceable,0,
amazon-fresh,641111,Coimbatore,2026-06-30,2026-06-30-amzcov-fresh,not_serviceable,0,
amazon-fresh,641112,Coimbatore,2026-06-30,2026-06-30-amzcov-fresh,not_serviceable,0,
amazon-fresh,641113,Coimbatore,2026-06-30,2026-06-30-amzcov-fresh,not_serviceable,0,
amazon-fresh,641114,Coimbatore,2026-06-30,2026-06-30-amzcov-fresh,not_serviceable,0,
amazon-fresh,641201,Coimbatore,2026-06-30,2026-06-30-amzcov-fresh,not_serviceable,0,
amazon-fresh,641202,Coimbatore,2026-06-30,2026-06-30-amzcov-fresh,not_serviceable,0,
amazon-fresh,641301,Coimbatore,2026-06-30,2026-06-30-amzcov-fresh,not_serviceable,0,
amazon-fresh,641302,Coimbatore,2026-06-30,2026-06-30-amzcov-fresh,not_serviceable,0,
amazon-fresh,641305,Coimbatore,2026-06-30,2026-06-30-amzcov-fresh,not_serviceable,0,
amazon-fresh,641401,Coimbatore,2026-06-30,2026-06-30-amzcov-fresh,not_serviceable,0,
amazon-fresh,641402,Coimbatore,2026-06-30,2026-06-30-amzcov-fresh,not_serviceable,0,
amazon-fresh,641407,Coimbatore,2026-06-30,2026-06-30-amzcov-fresh,not_serviceable,0,
amazon-fresh,641653,Coimbatore,2026-06-30,2026-06-30-amzcov-fresh,not_serviceable,0,
amazon-fresh,641658,Coimbatore,2026-06-30,2026-06-30-amzcov-fresh,not_serviceable,0,
amazon-fresh,641659,Coimbatore,2026-06-30,2026-06-30-amzcov-fresh,not_serviceable,0,
amazon-fresh,641668,Coimbatore,2026-06-30,2026-06-30-amzcov-fresh,not_serviceable,0,
amazon-fresh,641669,Coimbatore,2026-06-30,2026-06-30-amzcov-fresh,not_serviceable,0,
amazon-fresh,641671,Coimbatore,2026-06-30,2026-06-30-amzcov-fresh,not_serviceable,0,
amazon-fresh,641697,Coimbatore,2026-06-30,2026-06-30-amzcov-fresh,not_serviceable,0,
amazon-fresh,642001,Coimbatore,2026-06-30,2026-06-30-amzcov-fresh,not_serviceable,0,
amazon-fresh,642002,Coimbatore,2026-06-30,2026-06-30-amzcov-fresh,not_serviceable,0,
amazon-fresh,642003,Coimbatore,2026-06-30,2026-06-30-amzcov-fresh,not_serviceable,0,
amazon-fresh,642004,Coimbatore,2026-06-30,2026-06-30-amzcov-fresh,not_serviceable,0,
amazon-fresh,642005,Coimbatore,2026-06-30,2026-06-30-amzcov-fresh,not_serviceable,0,
amazon-fresh,642006,Coimbatore,2026-06-30,2026-06-30-amzcov-fresh,not_serviceable,0,
amazon-fresh,642007,Coimbatore,2026-06-30,2026-06-30-amzcov-fresh,not_serviceable,0,
amazon-fresh,642101,Coimbatore,2026-06-30,2026-06-30-amzcov-fresh,not_serviceable,0,
amazon-fresh,642103,Coimbatore,2026-06-30,2026-06-30-amzcov-fresh,not_serviceable,0,
amazon-fresh,642104,Coimbatore,2026-06-30,2026-06-30-amzcov-fresh,not_serviceable,0,
amazon-fresh,642105,Coimbatore,2026-06-30,2026-06-30-amzcov-fresh,not_serviceable,0,
amazon-fresh,642106,Coimbatore,2026-06-30,2026-06-30-amzcov-fresh,not_serviceable,0,
amazon-fresh,642107,Coimbatore,2026-06-30,2026-06-30-amzcov-fresh,not_serviceable,0,
amazon-fresh,642108,Coimbatore,2026-06-30,2026-06-30-amzcov-fresh,not_serviceable,0,
amazon-fresh,642109,Coimbatore,2026-06-30,2026-06-30-amzcov-fresh,not_serviceable,0,
amazon-fresh,642110,Coimbatore,2026-06-30,2026-06-30-amzcov-fresh,not_serviceable,0,
amazon-fresh,642114,Coimbatore,2026-06-30,2026-06-30-amzcov-fresh,not_serviceable,0,
amazon-fresh,642117,Coimbatore,2026-06-30,2026-06-30-amzcov-fresh,not_serviceable,0,
amazon-fresh,642120,Coimbatore,2026-06-30,2026-06-30-amzcov-fresh,not_serviceable,0,
amazon-fresh,642123,Coimbatore,2026-06-30,2026-06-30-amzcov-fresh,not_serviceable,0,
amazon-fresh,642125,Coimbatore,2026-06-30,2026-06-30-amzcov-fresh,not_serviceable,0,
amazon-fresh,642127,Coimbatore,2026-06-30,2026-06-30-amzcov-fresh,not_serviceable,0,
amazon-fresh,642129,Coimbatore,2026-06-30,2026-06-30-amzcov-fresh,not_serviceable,0,
amazon-fresh,642130,Coimbatore,2026-06-30,2026-06-30-amzcov-fresh,not_serviceable,0,
amazon-fresh,642133,Coimbatore,2026-06-30,2026-06-30-amzcov-fresh,not_serviceable,0,
amazon-fresh,642134,Coimbatore,2026-06-30,2026-06-30-amzcov-fresh,not_serviceable,0,
amazon-fresh,642202,Coimbatore,2026-06-30,2026-06-30-amzcov-fresh,not_serviceable,0,
amazon-fresh,642205,Coimbatore,2026-06-30,2026-06-30-amzcov-fresh,not_serviceable,0,
amazon-fresh,680667,Kochi,2026-06-30,2026-06-30-amzcov-fresh,not_serviceable,0,
amazon-fresh,682001,Kochi,2026-06-30,2026-06-30-amzcov-fresh,not_serviceable,0,
amazon-fresh,682002,Kochi,2026-06-30,2026-06-30-amzcov-fresh,not_serviceable,0,
amazon-fresh,682003,Kochi,2026-06-30,2026-06-30-amzcov-fresh,not_serviceable,0,
amazon-fresh,682004,Kochi,2026-06-30,2026-06-30-amzcov-fresh,not_serviceable,0,
amazon-fresh,682005,Kochi,2026-06-30,2026-06-30-amzcov-fresh,not_serviceable,0,
amazon-fresh,682006,Kochi,2026-06-30,2026-06-30-amzcov-fresh,not_serviceable,0,
amazon-fresh,682007,Kochi,2026-06-30,2026-06-30-amzcov-fresh,not_serviceable,0,
amazon-fresh,682008,Kochi,2026-06-30,2026-06-30-amzcov-fresh,not_serviceable,0,
amazon-fresh,682009,Kochi,2026-06-30,2026-06-30-amzcov-fresh,not_serviceable,0,
amazon-fresh,682010,Kochi,2026-06-30,2026-06-30-amzcov-fresh,not_serviceable,0,
amazon-fresh,682011,Kochi,2026-06-30,2026-06-30-amzcov-fresh,price_captured,5,1545
amazon-fresh,682012,Kochi,2026-06-30,2026-06-30-amzcov-fresh,price_captured,5,1545
amazon-fresh,682013,Kochi,2026-06-30,2026-06-30-amzcov-fresh,price_captured,5,1545
amazon-fresh,682015,Kochi,2026-06-30,2026-06-30-amzcov-fresh,price_captured,5,1545
amazon-fresh,682016,Kochi,2026-06-30,2026-06-30-amzcov-fresh,price_captured,5,1545
amazon-fresh,682017,Kochi,2026-06-30,2026-06-30-amzcov-fresh,price_captured,5,1545
amazon-fresh,682018,Kochi,2026-06-30,2026-06-30-amzcov-fresh,price_captured,5,1545
amazon-fresh,682019,Kochi,2026-06-30,2026-06-30-amzcov-fresh,price_captured,5,1545
amazon-fresh,682020,Kochi,2026-06-30,2026-06-30-amzcov-fresh,price_captured,5,1545
amazon-fresh,682021,Kochi,2026-06-30,2026-06-30-amzcov-fresh,price_captured,5,1545
amazon-fresh,682022,Kochi,2026-06-30,2026-06-30-amzcov-fresh,price_captured,5,1545
amazon-fresh,682023,Kochi,2026-06-30,2026-06-30-amzcov-fresh,price_captured,5,1545
amazon-fresh,682024,Kochi,2026-06-30,2026-06-30-amzcov-fresh,price_captured,5,1545
amazon-fresh,682025,Kochi,2026-06-30,2026-06-30-amzcov-fresh,price_captured,4,1545
amazon-fresh,682026,Kochi,2026-06-30,2026-06-30-amzcov-fresh,price_captured,5,1545
amazon-fresh,682027,Kochi,2026-06-30,2026-06-30-amzcov-fresh,not_serviceable,0,
amazon-fresh,682028,Kochi,2026-06-30,2026-06-30-amzcov-fresh,price_captured,5,1545
amazon-fresh,682029,Kochi,2026-06-30,2026-06-30-amzcov-fresh,not_serviceable,0,
amazon-fresh,682030,Kochi,2026-06-30,2026-06-30-amzcov-fresh,price_captured,5,1545
amazon-fresh,682031,Kochi,2026-06-30,2026-06-30-amzcov-fresh,price_captured,5,1545
amazon-fresh,682032,Kochi,2026-06-30,2026-06-30-amzcov-fresh,price_captured,5,1545
amazon-fresh,682033,Kochi,2026-06-30,2026-06-30-amzcov-fresh,price_captured,5,1545
amazon-fresh,682034,Kochi,2026-06-30,2026-06-30-amzcov-fresh,price_captured,5,1545
amazon-fresh,682035,Kochi,2026-06-30,2026-06-30-amzcov-fresh,price_captured,5,1545
amazon-fresh,682036,Kochi,2026-06-30,2026-06-30-amzcov-fresh,price_captured,5,1545
amazon-fresh,682037,Kochi,2026-06-30,2026-06-30-amzcov-fresh,price_captured,5,1545
amazon-fresh,682038,Kochi,2026-06-30,2026-06-30-amzcov-fresh,price_captured,5,1545
amazon-fresh,682039,Kochi,2026-06-30,2026-06-30-amzcov-fresh,price_captured,5,1545
amazon-fresh,682040,Kochi,2026-06-30,2026-06-30-amzcov-fresh,price_captured,5,1545
amazon-fresh,682041,Kochi,2026-06-30,2026-06-30-amzcov-fresh,price_captured,5,1545
amazon-fresh,682042,Kochi,2026-06-30,2026-06-30-amzcov-fresh,price_captured,5,1545
amazon-fresh,682050,Kochi,2026-06-30,2026-06-30-amzcov-fresh,not_serviceable,0,
amazon-fresh,682051,Kochi,2026-06-30,2026-06-30-amzcov-fresh,not_serviceable,0,
amazon-fresh,682052,Kochi,2026-06-30,2026-06-30-amzcov-fresh,not_serviceable,0,
amazon-fresh,682301,Kochi,2026-06-30,2026-06-30-amzcov-fresh,price_captured,5,1545
amazon-fresh,682302,Kochi,2026-06-30,2026-06-30-amzcov-fresh,not_serviceable,0,
amazon-fresh,682303,Kochi,2026-06-30,2026-06-30-amzcov-fresh,price_captured,5,1545
amazon-fresh,682304,Kochi,2026-06-30,2026-06-30-amzcov-fresh,price_captured,5,1545
amazon-fresh,682305,Kochi,2026-06-30,2026-06-30-amzcov-fresh,price_captured,5,1545
amazon-fresh,682306,Kochi,2026-06-30,2026-06-30-amzcov-fresh,price_captured,5,1545
amazon-fresh,682307,Kochi,2026-06-30,2026-06-30-amzcov-fresh,not_serviceable,0,
amazon-fresh,682308,Kochi,2026-06-30,2026-06-30-amzcov-fresh,not_serviceable,0,
amazon-fresh,682309,Kochi,2026-06-30,2026-06-30-amzcov-fresh,price_captured,5,1545
amazon-fresh,682310,Kochi,2026-06-30,2026-06-30-amzcov-fresh,price_captured,4,1545
amazon-fresh,682311,Kochi,2026-06-30,2026-06-30-amzcov-fresh,serviceable_no_jivo,0,
amazon-fresh,682312,Kochi,2026-06-30,2026-06-30-amzcov-fresh,price_captured,4,1545
amazon-fresh,682313,Kochi,2026-06-30,2026-06-30-amzcov-fresh,not_serviceable,0,
amazon-fresh,682314,Kochi,2026-06-30,2026-06-30-amzcov-fresh,not_serviceable,0,
amazon-fresh,682315,Kochi,2026-06-30,2026-06-30-amzcov-fresh,not_serviceable,0,
amazon-fresh,682316,Kochi,2026-06-30,2026-06-30-amzcov-fresh,serviceable_no_jivo,0,
amazon-fresh,682317,Kochi,2026-06-30,2026-06-30-amzcov-fresh,not_serviceable,0,
amazon-fresh,682501,Kochi,2026-06-30,2026-06-30-amzcov-fresh,not_serviceable,0,
amazon-fresh,682502,Kochi,2026-06-30,2026-06-30-amzcov-fresh,serviceable_no_jivo,0,
amazon-fresh,682503,Kochi,2026-06-30,2026-06-30-amzcov-fresh,not_serviceable,0,
amazon-fresh,682504,Kochi,2026-06-30,2026-06-30-amzcov-fresh,not_serviceable,0,
amazon-fresh,682505,Kochi,2026-06-30,2026-06-30-amzcov-fresh,not_serviceable,0,
amazon-fresh,682506,Kochi,2026-06-30,2026-06-30-amzcov-fresh,not_serviceable,0,
amazon-fresh,682507,Kochi,2026-06-30,2026-06-30-amzcov-fresh,not_serviceable,0,
amazon-fresh,682508,Kochi,2026-06-30,2026-06-30-amzcov-fresh,not_serviceable,0,
amazon-fresh,682509,Kochi,2026-06-30,2026-06-30-amzcov-fresh,not_serviceable,0,
amazon-fresh,682511,Kochi,2026-06-30,2026-06-30-amzcov-fresh,not_serviceable,0,
amazon-fresh,683101,Kochi,2026-06-30,2026-06-30-amzcov-fresh,price_captured,5,1545
amazon-fresh,683102,Kochi,2026-06-30,2026-06-30-amzcov-fresh,not_serviceable,0,
amazon-fresh,683104,Kochi,2026-06-30,2026-06-30-amzcov-fresh,price_captured,4,1545
amazon-fresh,683105,Kochi,2026-06-30,2026-06-30-amzcov-fresh,not_serviceable,0,
amazon-fresh,683106,Kochi,2026-06-30,2026-06-30-amzcov-fresh,price_captured,5,1545
amazon-fresh,683108,Kochi,2026-06-30,2026-06-30-amzcov-fresh,not_serviceable,0,
amazon-fresh,683110,Kochi,2026-06-30,2026-06-30-amzcov-fresh,price_captured,5,1545
amazon-fresh,683111,Kochi,2026-06-30,2026-06-30-amzcov-fresh,not_serviceable,0,
amazon-fresh,683112,Kochi,2026-06-30,2026-06-30-amzcov-fresh,not_serviceable,0,
amazon-fresh,683501,Kochi,2026-06-30,2026-06-30-amzcov-fresh,price_captured,5,1545
amazon-fresh,683502,Kochi,2026-06-30,2026-06-30-amzcov-fresh,not_serviceable,0,
amazon-fresh,683503,Kochi,2026-06-30,2026-06-30-amzcov-fresh,price_captured,4,1545
amazon-fresh,683511,Kochi,2026-06-30,2026-06-30-amzcov-fresh,not_serviceable,0,
amazon-fresh,683512,Kochi,2026-06-30,2026-06-30-amzcov-fresh,serviceable_no_jivo,0,
amazon-fresh,683513,Kochi,2026-06-30,2026-06-30-amzcov-fresh,not_serviceable,0,
amazon-fresh,683514,Kochi,2026-06-30,2026-06-30-amzcov-fresh,serviceable_no_jivo,0,
amazon-fresh,683515,Kochi,2026-06-30,2026-06-30-amzcov-fresh,serviceable_no_jivo,0,
amazon-fresh,683516,Kochi,2026-06-30,2026-06-30-amzcov-fresh,not_serviceable,0,
amazon-fresh,683517,Kochi,2026-06-30,2026-06-30-amzcov-fresh,not_serviceable,0,
amazon-fresh,683518,Kochi,2026-06-30,2026-06-30-amzcov-fresh,not_serviceable,0,
amazon-fresh,683519,Kochi,2026-06-30,2026-06-30-amzcov-fresh,serviceable_no_jivo,0,
amazon-fresh,683520,Kochi,2026-06-30,2026-06-30-amzcov-fresh,serviceable_no_jivo,0,
amazon-fresh,683521,Kochi,2026-06-30,2026-06-30-amzcov-fresh,serviceable_no_jivo,0,
amazon-fresh,683522,Kochi,2026-06-30,2026-06-30-amzcov-fresh,serviceable_no_jivo,0,
amazon-fresh,683541,Kochi,2026-06-30,2026-06-30-amzcov-fresh,not_serviceable,0,
amazon-fresh,683542,Kochi,2026-06-30,2026-06-30-amzcov-fresh,not_serviceable,0,
amazon-fresh,683543,Kochi,2026-06-30,2026-06-30-amzcov-fresh,not_serviceable,0,
amazon-fresh,683544,Kochi,2026-06-30,2026-06-30-amzcov-fresh,not_serviceable,0,
amazon-fresh,683545,Kochi,2026-06-30,2026-06-30-amzcov-fresh,not_serviceable,0,
amazon-fresh,683546,Kochi,2026-06-30,2026-06-30-amzcov-fresh,not_serviceable,0,
amazon-fresh,683547,Kochi,2026-06-30,2026-06-30-amzcov-fresh,not_serviceable,0,
amazon-fresh,683548,Kochi,2026-06-30,2026-06-30-amzcov-fresh,not_serviceable,0,
amazon-fresh,683549,Kochi,2026-06-30,2026-06-30-amzcov-fresh,not_serviceable,0,
amazon-fresh,683550,Kochi,2026-06-30,2026-06-30-amzcov-fresh,not_serviceable,0,
amazon-fresh,683556,Kochi,2026-06-30,2026-06-30-amzcov-fresh,not_serviceable,0,
amazon-fresh,683561,Kochi,2026-06-30,2026-06-30-amzcov-fresh,price_captured,5,1545
amazon-fresh,683562,Kochi,2026-06-30,2026-06-30-amzcov-fresh,not_serviceable,0,
amazon-fresh,683563,Kochi,2026-06-30,2026-06-30-amzcov-fresh,price_captured,5,1545
amazon-fresh,683565,Kochi,2026-06-30,2026-06-30-amzcov-fresh,price_captured,5,1545
amazon-fresh,683571,Kochi,2026-06-30,2026-06-30-amzcov-fresh,not_serviceable,0,
amazon-fresh,683572,Kochi,2026-06-30,2026-06-30-amzcov-fresh,not_serviceable,0,
amazon-fresh,683573,Kochi,2026-06-30,2026-06-30-amzcov-fresh,not_serviceable,0,
amazon-fresh,683574,Kochi,2026-06-30,2026-06-30-amzcov-fresh,not_serviceable,0,
amazon-fresh,683575,Kochi,2026-06-30,2026-06-30-amzcov-fresh,not_serviceable,0,
amazon-fresh,683576,Kochi,2026-06-30,2026-06-30-amzcov-fresh,not_serviceable,0,
amazon-fresh,683577,Kochi,2026-06-30,2026-06-30-amzcov-fresh,not_serviceable,0,
amazon-fresh,683578,Kochi,2026-06-30,2026-06-30-amzcov-fresh,not_serviceable,0,
amazon-fresh,683579,Kochi,2026-06-30,2026-06-30-amzcov-fresh,not_serviceable,0,
amazon-fresh,683580,Kochi,2026-06-30,2026-06-30-amzcov-fresh,not_serviceable,0,
amazon-fresh,683581,Kochi,2026-06-30,2026-06-30-amzcov-fresh,not_serviceable,0,
amazon-fresh,683585,Kochi,2026-06-30,2026-06-30-amzcov-fresh,not_serviceable,0,
amazon-fresh,683587,Kochi,2026-06-30,2026-06-30-amzcov-fresh,not_serviceable,0,
amazon-fresh,683589,Kochi,2026-06-30,2026-06-30-amzcov-fresh,not_serviceable,0,
amazon-fresh,683594,Kochi,2026-06-30,2026-06-30-amzcov-fresh,serviceable_no_jivo,0,
amazon-fresh,686661,Kochi,2026-06-30,2026-06-30-amzcov-fresh,not_serviceable,0,
amazon-fresh,686662,Kochi,2026-06-30,2026-06-30-amzcov-fresh,not_serviceable,0,
amazon-fresh,686663,Kochi,2026-06-30,2026-06-30-amzcov-fresh,not_serviceable,0,
amazon-fresh,686664,Kochi,2026-06-30,2026-06-30-amzcov-fresh,not_serviceable,0,
amazon-fresh,686665,Kochi,2026-06-30,2026-06-30-amzcov-fresh,not_serviceable,0,
amazon-fresh,686666,Kochi,2026-06-30,2026-06-30-amzcov-fresh,not_serviceable,0,
amazon-fresh,686667,Kochi,2026-06-30,2026-06-30-amzcov-fresh,not_serviceable,0,
amazon-fresh,686668,Kochi,2026-06-30,2026-06-30-amzcov-fresh,not_serviceable,0,
amazon-fresh,686669,Kochi,2026-06-30,2026-06-30-amzcov-fresh,serviceable_no_jivo,0,
amazon-fresh,686670,Kochi,2026-06-30,2026-06-30-amzcov-fresh,not_serviceable,0,
amazon-fresh,686671,Kochi,2026-06-30,2026-06-30-amzcov-fresh,not_serviceable,0,
amazon-fresh,686672,Kochi,2026-06-30,2026-06-30-amzcov-fresh,not_serviceable,0,
amazon-fresh,686673,Kochi,2026-06-30,2026-06-30-amzcov-fresh,not_serviceable,0,
amazon-fresh,686681,Kochi,2026-06-30,2026-06-30-amzcov-fresh,not_serviceable,0,
amazon-fresh,686691,Kochi,2026-06-30,2026-06-30-amzcov-fresh,not_serviceable,0,
amazon-fresh,686692,Kochi,2026-06-30,2026-06-30-amzcov-fresh,not_serviceable,0,
amazon-fresh,686693,Kochi,2026-06-30,2026-06-30-amzcov-fresh,not_serviceable,0,
amazon-fresh,695001,Thiruvananthapuram,2026-06-30,2026-06-30-amzcov-fresh,price_captured,1,1545
amazon-fresh,695002,Thiruvananthapuram,2026-06-30,2026-06-30-amzcov-fresh,price_captured,1,1545
amazon-fresh,695003,Thiruvananthapuram,2026-06-30,2026-06-30-amzcov-fresh,price_captured,1,1545
amazon-fresh,695004,Thiruvananthapuram,2026-06-30,2026-06-30-amzcov-fresh,price_captured,1,1545
amazon-fresh,695005,Thiruvananthapuram,2026-06-30,2026-06-30-amzcov-fresh,price_captured,1,1545
amazon-fresh,695006,Thiruvananthapuram,2026-06-30,2026-06-30-amzcov-fresh,price_captured,1,1545
amazon-fresh,695007,Thiruvananthapuram,2026-06-30,2026-06-30-amzcov-fresh,serviceable_no_jivo,0,
amazon-fresh,695008,Thiruvananthapuram,2026-06-30,2026-06-30-amzcov-fresh,price_captured,1,1545
amazon-fresh,695009,Thiruvananthapuram,2026-06-30,2026-06-30-amzcov-fresh,price_captured,1,1545
amazon-fresh,695010,Thiruvananthapuram,2026-06-30,2026-06-30-amzcov-fresh,price_captured,1,1545
amazon-fresh,695011,Thiruvananthapuram,2026-06-30,2026-06-30-amzcov-fresh,price_captured,1,1545
amazon-fresh,695012,Thiruvananthapuram,2026-06-30,2026-06-30-amzcov-fresh,price_captured,1,1545
amazon-fresh,695013,Thiruvananthapuram,2026-06-30,2026-06-30-amzcov-fresh,price_captured,1,1545
amazon-fresh,695014,Thiruvananthapuram,2026-06-30,2026-06-30-amzcov-fresh,price_captured,1,1545
amazon-fresh,695015,Thiruvananthapuram,2026-06-30,2026-06-30-amzcov-fresh,price_captured,1,1545
amazon-fresh,695016,Thiruvananthapuram,2026-06-30,2026-06-30-amzcov-fresh,price_captured,1,1545
amazon-fresh,695017,Thiruvananthapuram,2026-06-30,2026-06-30-amzcov-fresh,price_captured,1,1545
amazon-fresh,695018,Thiruvananthapuram,2026-06-30,2026-06-30-amzcov-fresh,price_captured,1,1545
amazon-fresh,695019,Thiruvananthapuram,2026-06-30,2026-06-30-amzcov-fresh,serviceable_no_jivo,0,
amazon-fresh,695020,Thiruvananthapuram,2026-06-30,2026-06-30-amzcov-fresh,serviceable_no_jivo,0,
amazon-fresh,695021,Thiruvananthapuram,2026-06-30,2026-06-30-amzcov-fresh,price_captured,1,1545
amazon-fresh,695022,Thiruvananthapuram,2026-06-30,2026-06-30-amzcov-fresh,serviceable_no_jivo,0,
amazon-fresh,695023,Thiruvananthapuram,2026-06-30,2026-06-30-amzcov-fresh,price_captured,1,1545
amazon-fresh,695024,Thiruvananthapuram,2026-06-30,2026-06-30-amzcov-fresh,price_captured,1,1545
amazon-fresh,695025,Thiruvananthapuram,2026-06-30,2026-06-30-amzcov-fresh,price_captured,1,1545
amazon-fresh,695026,Thiruvananthapuram,2026-06-30,2026-06-30-amzcov-fresh,serviceable_no_jivo,0,
amazon-fresh,695027,Thiruvananthapuram,2026-06-30,2026-06-30-amzcov-fresh,not_serviceable,0,
amazon-fresh,695028,Thiruvananthapuram,2026-06-30,2026-06-30-amzcov-fresh,not_serviceable,0,
amazon-fresh,695029,Thiruvananthapuram,2026-06-30,2026-06-30-amzcov-fresh,price_captured,1,1545
amazon-fresh,695030,Thiruvananthapuram,2026-06-30,2026-06-30-amzcov-fresh,price_captured,1,1545
amazon-fresh,695032,Thiruvananthapuram,2026-06-30,2026-06-30-amzcov-fresh,serviceable_no_jivo,0,
amazon-fresh,695033,Thiruvananthapuram,2026-06-30,2026-06-30-amzcov-fresh,price_captured,1,1545
amazon-fresh,695034,Thiruvananthapuram,2026-06-30,2026-06-30-amzcov-fresh,price_captured,1,1545
amazon-fresh,695035,Thiruvananthapuram,2026-06-30,2026-06-30-amzcov-fresh,price_captured,1,1545
amazon-fresh,695036,Thiruvananthapuram,2026-06-30,2026-06-30-amzcov-fresh,price_captured,1,1545
amazon-fresh,695038,Thiruvananthapuram,2026-06-30,2026-06-30-amzcov-fresh,price_captured,1,1545
amazon-fresh,695040,Thiruvananthapuram,2026-06-30,2026-06-30-amzcov-fresh,price_captured,1,1545
amazon-fresh,695042,Thiruvananthapuram,2026-06-30,2026-06-30-amzcov-fresh,not_serviceable,0,
amazon-fresh,695043,Thiruvananthapuram,2026-06-30,2026-06-30-amzcov-fresh,price_captured,1,1545
amazon-fresh,695051,Thiruvananthapuram,2026-06-30,2026-06-30-amzcov-fresh,not_serviceable,0,
amazon-fresh,695099,Thiruvananthapuram,2026-06-30,2026-06-30-amzcov-fresh,not_serviceable,0,
amazon-fresh,695101,Thiruvananthapuram,2026-06-30,2026-06-30-amzcov-fresh,not_serviceable,0,
amazon-fresh,695102,Thiruvananthapuram,2026-06-30,2026-06-30-amzcov-fresh,not_serviceable,0,
amazon-fresh,695103,Thiruvananthapuram,2026-06-30,2026-06-30-amzcov-fresh,not_serviceable,0,
amazon-fresh,695104,Thiruvananthapuram,2026-06-30,2026-06-30-amzcov-fresh,not_serviceable,0,
amazon-fresh,695121,Thiruvananthapuram,2026-06-30,2026-06-30-amzcov-fresh,not_serviceable,0,
amazon-fresh,695122,Thiruvananthapuram,2026-06-30,2026-06-30-amzcov-fresh,not_serviceable,0,
amazon-fresh,695123,Thiruvananthapuram,2026-06-30,2026-06-30-amzcov-fresh,not_serviceable,0,
amazon-fresh,695124,Thiruvananthapuram,2026-06-30,2026-06-30-amzcov-fresh,not_serviceable,0,
amazon-fresh,695125,Thiruvananthapuram,2026-06-30,2026-06-30-amzcov-fresh,not_serviceable,0,
amazon-fresh,695126,Thiruvananthapuram,2026-06-30,2026-06-30-amzcov-fresh,not_serviceable,0,
amazon-fresh,695132,Thiruvananthapuram,2026-06-30,2026-06-30-amzcov-fresh,not_serviceable,0,
amazon-fresh,695133,Thiruvananthapuram,2026-06-30,2026-06-30-amzcov-fresh,not_serviceable,0,
amazon-fresh,695134,Thiruvananthapuram,2026-06-30,2026-06-30-amzcov-fresh,not_serviceable,0,
amazon-fresh,695141,Thiruvananthapuram,2026-06-30,2026-06-30-amzcov-fresh,not_serviceable,0,
amazon-fresh,695142,Thiruvananthapuram,2026-06-30,2026-06-30-amzcov-fresh,not_serviceable,0,
amazon-fresh,695143,Thiruvananthapuram,2026-06-30,2026-06-30-amzcov-fresh,not_serviceable,0,
amazon-fresh,695144,Thiruvananthapuram,2026-06-30,2026-06-30-amzcov-fresh,not_serviceable,0,
amazon-fresh,695145,Thiruvananthapuram,2026-06-30,2026-06-30-amzcov-fresh,not_serviceable,0,
amazon-fresh,695146,Thiruvananthapuram,2026-06-30,2026-06-30-amzcov-fresh,not_serviceable,0,
amazon-fresh,695301,Thiruvananthapuram,2026-06-30,2026-06-30-amzcov-fresh,price_captured,1,1545
amazon-fresh,695302,Thiruvananthapuram,2026-06-30,2026-06-30-amzcov-fresh,serviceable_no_jivo,0,
amazon-fresh,695303,Thiruvananthapuram,2026-06-30,2026-06-30-amzcov-fresh,serviceable_no_jivo,0,
amazon-fresh,695304,Thiruvananthapuram,2026-06-30,2026-06-30-amzcov-fresh,not_serviceable,0,
amazon-fresh,695305,Thiruvananthapuram,2026-06-30,2026-06-30-amzcov-fresh,not_serviceable,0,
amazon-fresh,695306,Thiruvananthapuram,2026-06-30,2026-06-30-amzcov-fresh,not_serviceable,0,
amazon-fresh,695307,Thiruvananthapuram,2026-06-30,2026-06-30-amzcov-fresh,not_serviceable,0,
amazon-fresh,695308,Thiruvananthapuram,2026-06-30,2026-06-30-amzcov-fresh,not_serviceable,0,
amazon-fresh,695309,Thiruvananthapuram,2026-06-30,2026-06-30-amzcov-fresh,not_serviceable,0,
amazon-fresh,695310,Thiruvananthapuram,2026-06-30,2026-06-30-amzcov-fresh,not_serviceable,0,
amazon-fresh,695311,Thiruvananthapuram,2026-06-30,2026-06-30-amzcov-fresh,not_serviceable,0,
amazon-fresh,695312,Thiruvananthapuram,2026-06-30,2026-06-30-amzcov-fresh,not_serviceable,0,
amazon-fresh,695313,Thiruvananthapuram,2026-06-30,2026-06-30-amzcov-fresh,not_serviceable,0,
amazon-fresh,695316,Thiruvananthapuram,2026-06-30,2026-06-30-amzcov-fresh,serviceable_no_jivo,0,
amazon-fresh,695317,Thiruvananthapuram,2026-06-30,2026-06-30-amzcov-fresh,serviceable_no_jivo,0,
amazon-fresh,695318,Thiruvananthapuram,2026-06-30,2026-06-30-amzcov-fresh,not_serviceable,0,
amazon-fresh,695501,Thiruvananthapuram,2026-06-30,2026-06-30-amzcov-fresh,not_serviceable,0,
amazon-fresh,695502,Thiruvananthapuram,2026-06-30,2026-06-30-amzcov-fresh,not_serviceable,0,
amazon-fresh,695503,Thiruvananthapuram,2026-06-30,2026-06-30-amzcov-fresh,not_serviceable,0,
amazon-fresh,695504,Thiruvananthapuram,2026-06-30,2026-06-30-amzcov-fresh,not_serviceable,0,
amazon-fresh,695505,Thiruvananthapuram,2026-06-30,2026-06-30-amzcov-fresh,not_serviceable,0,
amazon-fresh,695506,Thiruvananthapuram,2026-06-30,2026-06-30-amzcov-fresh,not_serviceable,0,
amazon-fresh,695507,Thiruvananthapuram,2026-06-30,2026-06-30-amzcov-fresh,not_serviceable,0,
amazon-fresh,695508,Thiruvananthapuram,2026-06-30,2026-06-30-amzcov-fresh,not_serviceable,0,
amazon-fresh,695512,Thiruvananthapuram,2026-06-30,2026-06-30-amzcov-fresh,not_serviceable,0,
amazon-fresh,695513,Thiruvananthapuram,2026-06-30,2026-06-30-amzcov-fresh,not_serviceable,0,
amazon-fresh,695521,Thiruvananthapuram,2026-06-30,2026-06-30-amzcov-fresh,serviceable_no_jivo,0,
amazon-fresh,695522,Thiruvananthapuram,2026-06-30,2026-06-30-amzcov-fresh,serviceable_no_jivo,0,
amazon-fresh,695523,Thiruvananthapuram,2026-06-30,2026-06-30-amzcov-fresh,serviceable_no_jivo,0,
amazon-fresh,695524,Thiruvananthapuram,2026-06-30,2026-06-30-amzcov-fresh,not_serviceable,0,
amazon-fresh,695525,Thiruvananthapuram,2026-06-30,2026-06-30-amzcov-fresh,not_serviceable,0,
amazon-fresh,695526,Thiruvananthapuram,2026-06-30,2026-06-30-amzcov-fresh,not_serviceable,0,
amazon-fresh,695527,Thiruvananthapuram,2026-06-30,2026-06-30-amzcov-fresh,serviceable_no_jivo,0,
amazon-fresh,695528,Thiruvananthapuram,2026-06-30,2026-06-30-amzcov-fresh,not_serviceable,0,
amazon-fresh,695541,Thiruvananthapuram,2026-06-30,2026-06-30-amzcov-fresh,not_serviceable,0,
amazon-fresh,695542,Thiruvananthapuram,2026-06-30,2026-06-30-amzcov-fresh,not_serviceable,0,
amazon-fresh,695543,Thiruvananthapuram,2026-06-30,2026-06-30-amzcov-fresh,not_serviceable,0,
amazon-fresh,695547,Thiruvananthapuram,2026-06-30,2026-06-30-amzcov-fresh,not_serviceable,0,
amazon-fresh,695551,Thiruvananthapuram,2026-06-30,2026-06-30-amzcov-fresh,not_serviceable,0,
amazon-fresh,695561,Thiruvananthapuram,2026-06-30,2026-06-30-amzcov-fresh,not_serviceable,0,
amazon-fresh,695562,Thiruvananthapuram,2026-06-30,2026-06-30-amzcov-fresh,not_serviceable,0,
amazon-fresh,695563,Thiruvananthapuram,2026-06-30,2026-06-30-amzcov-fresh,not_serviceable,0,
amazon-fresh,695564,Thiruvananthapuram,2026-06-30,2026-06-30-amzcov-fresh,serviceable_no_jivo,0,
amazon-fresh,695568,Thiruvananthapuram,2026-06-30,2026-06-30-amzcov-fresh,not_serviceable,0,
amazon-fresh,695570,Thiruvananthapuram,2026-06-30,2026-06-30-amzcov-fresh,not_serviceable,0,
amazon-fresh,695571,Thiruvananthapuram,2026-06-30,2026-06-30-amzcov-fresh,serviceable_no_jivo,0,
amazon-fresh,695572,Thiruvananthapuram,2026-06-30,2026-06-30-amzcov-fresh,not_serviceable,0,
amazon-fresh,695573,Thiruvananthapuram,2026-06-30,2026-06-30-amzcov-fresh,not_serviceable,0,
amazon-fresh,695574,Thiruvananthapuram,2026-06-30,2026-06-30-amzcov-fresh,not_serviceable,0,
amazon-fresh,695575,Thiruvananthapuram,2026-06-30,2026-06-30-amzcov-fresh,serviceable_no_jivo,0,
amazon-fresh,695581,Thiruvananthapuram,2026-06-30,2026-06-30-amzcov-fresh,price_captured,1,1545
amazon-fresh,695582,Thiruvananthapuram,2026-06-30,2026-06-30-amzcov-fresh,price_captured,1,1545
amazon-fresh,695583,Thiruvananthapuram,2026-06-30,2026-06-30-amzcov-fresh,price_captured,1,1545
amazon-fresh,695584,Thiruvananthapuram,2026-06-30,2026-06-30-amzcov-fresh,serviceable_no_jivo,0,
amazon-fresh,695585,Thiruvananthapuram,2026-06-30,2026-06-30-amzcov-fresh,price_captured,1,1545
amazon-fresh,695586,Thiruvananthapuram,2026-06-30,2026-06-30-amzcov-fresh,serviceable_no_jivo,0,
amazon-fresh,695587,Thiruvananthapuram,2026-06-30,2026-06-30-amzcov-fresh,price_captured,1,1545
amazon-fresh,695588,Thiruvananthapuram,2026-06-30,2026-06-30-amzcov-fresh,price_captured,1,1545
amazon-fresh,695589,Thiruvananthapuram,2026-06-30,2026-06-30-amzcov-fresh,not_serviceable,0,
amazon-fresh,695601,Thiruvananthapuram,2026-06-30,2026-06-30-amzcov-fresh,not_serviceable,0,
amazon-fresh,695602,Thiruvananthapuram,2026-06-30,2026-06-30-amzcov-fresh,not_serviceable,0,
amazon-fresh,695603,Thiruvananthapuram,2026-06-30,2026-06-30-amzcov-fresh,not_serviceable,0,
amazon-fresh,695604,Thiruvananthapuram,2026-06-30,2026-06-30-amzcov-fresh,not_serviceable,0,
amazon-fresh,695605,Thiruvananthapuram,2026-06-30,2026-06-30-amzcov-fresh,not_serviceable,0,
amazon-fresh,695606,Thiruvananthapuram,2026-06-30,2026-06-30-amzcov-fresh,not_serviceable,0,
amazon-fresh,695607,Thiruvananthapuram,2026-06-30,2026-06-30-amzcov-fresh,not_serviceable,0,
amazon-fresh,695608,Thiruvananthapuram,2026-06-30,2026-06-30-amzcov-fresh,not_serviceable,0,
amazon-fresh,695609,Thiruvananthapuram,2026-06-30,2026-06-30-amzcov-fresh,not_serviceable,0,
amazon-fresh,695610,Thiruvananthapuram,2026-06-30,2026-06-30-amzcov-fresh,not_serviceable,0,
amazon-fresh,695611,Thiruvananthapuram,2026-06-30,2026-06-30-amzcov-fresh,not_serviceable,0,
amazon-fresh,695612,Thiruvananthapuram,2026-06-30,2026-06-30-amzcov-fresh,not_serviceable,0,
amazon-fresh,695614,Thiruvananthapuram,2026-06-30,2026-06-30-amzcov-fresh,not_serviceable,0,
amazon-fresh,695615,Thiruvananthapuram,2026-06-30,2026-06-30-amzcov-fresh,not_serviceable,0,
amazon-fresh,700001,Kolkata,2026-06-30,2026-06-30-amzcov-fresh,price_captured,6,959
amazon-fresh,700002,Kolkata,2026-06-30,2026-06-30-amzcov-fresh,price_captured,3,959
amazon-fresh,700003,Kolkata,2026-06-30,2026-06-30-amzcov-fresh,price_captured,6,959
amazon-fresh,700004,Kolkata,2026-06-30,2026-06-30-amzcov-fresh,price_captured,6,959
amazon-fresh,700005,Kolkata,2026-06-30,2026-06-30-amzcov-fresh,price_captured,6,959
amazon-fresh,700006,Kolkata,2026-06-30,2026-06-30-amzcov-fresh,price_captured,6,959
amazon-fresh,700007,Kolkata,2026-06-30,2026-06-30-amzcov-fresh,price_captured,6,959
amazon-fresh,700008,Kolkata,2026-06-30,2026-06-30-amzcov-fresh,price_captured,7,959
amazon-fresh,700009,Kolkata,2026-06-30,2026-06-30-amzcov-fresh,price_captured,6,959
amazon-fresh,700010,Kolkata,2026-06-30,2026-06-30-amzcov-fresh,price_captured,6,959
amazon-fresh,700011,Kolkata,2026-06-30,2026-06-30-amzcov-fresh,price_captured,6,959
amazon-fresh,700012,Kolkata,2026-06-30,2026-06-30-amzcov-fresh,price_captured,6,959
amazon-fresh,700013,Kolkata,2026-06-30,2026-06-30-amzcov-fresh,price_captured,6,959
amazon-fresh,700014,Kolkata,2026-06-30,2026-06-30-amzcov-fresh,price_captured,6,959
amazon-fresh,700015,Kolkata,2026-06-30,2026-06-30-amzcov-fresh,price_captured,6,959
amazon-fresh,700016,Kolkata,2026-06-30,2026-06-30-amzcov-fresh,price_captured,6,959
amazon-fresh,700017,Kolkata,2026-06-30,2026-06-30-amzcov-fresh,price_captured,6,959
amazon-fresh,700018,Kolkata,2026-06-30,2026-06-30-amzcov-fresh,price_captured,6,959
amazon-fresh,700019,Kolkata,2026-06-30,2026-06-30-amzcov-fresh,price_captured,6,959
amazon-fresh,700020,Kolkata,2026-06-30,2026-06-30-amzcov-fresh,price_captured,6,959
amazon-fresh,700021,Kolkata,2026-06-30,2026-06-30-amzcov-fresh,price_captured,10,959
amazon-fresh,700022,Kolkata,2026-06-30,2026-06-30-amzcov-fresh,price_captured,10,959
amazon-fresh,700023,Kolkata,2026-06-30,2026-06-30-amzcov-fresh,price_captured,3,959
amazon-fresh,700024,Kolkata,2026-06-30,2026-06-30-amzcov-fresh,price_captured,6,959
amazon-fresh,700025,Kolkata,2026-06-30,2026-06-30-amzcov-fresh,price_captured,6,959
amazon-fresh,700026,Kolkata,2026-06-30,2026-06-30-amzcov-fresh,price_captured,7,959
amazon-fresh,700027,Kolkata,2026-06-30,2026-06-30-amzcov-fresh,price_captured,4,959
amazon-fresh,700029,Kolkata,2026-06-30,2026-06-30-amzcov-fresh,price_captured,6,959
amazon-fresh,700030,Kolkata,2026-06-30,2026-06-30-amzcov-fresh,price_captured,7,959
amazon-fresh,700031,Kolkata,2026-06-30,2026-06-30-amzcov-fresh,price_captured,6,959
amazon-fresh,700032,Kolkata,2026-06-30,2026-06-30-amzcov-fresh,price_captured,7,959
amazon-fresh,700033,Kolkata,2026-06-30,2026-06-30-amzcov-fresh,price_captured,7,959
amazon-fresh,700034,Kolkata,2026-06-30,2026-06-30-amzcov-fresh,price_captured,7,959
amazon-fresh,700037,Kolkata,2026-06-30,2026-06-30-amzcov-fresh,price_captured,5,1205
amazon-fresh,700038,Kolkata,2026-06-30,2026-06-30-amzcov-fresh,price_captured,7,959
amazon-fresh,700039,Kolkata,2026-06-30,2026-06-30-amzcov-fresh,price_captured,6,959
amazon-fresh,700040,Kolkata,2026-06-30,2026-06-30-amzcov-fresh,price_captured,7,959
amazon-fresh,700041,Kolkata,2026-06-30,2026-06-30-amzcov-fresh,price_captured,7,959
amazon-fresh,700042,Kolkata,2026-06-30,2026-06-30-amzcov-fresh,price_captured,6,959
amazon-fresh,700043,Kolkata,2026-06-30,2026-06-30-amzcov-fresh,price_captured,6,959
amazon-fresh,700044,Kolkata,2026-06-30,2026-06-30-amzcov-fresh,price_captured,6,959
amazon-fresh,700045,Kolkata,2026-06-30,2026-06-30-amzcov-fresh,price_captured,6,959
amazon-fresh,700046,Kolkata,2026-06-30,2026-06-30-amzcov-fresh,price_captured,6,959
amazon-fresh,700047,Kolkata,2026-06-30,2026-06-30-amzcov-fresh,price_captured,7,959
amazon-fresh,700050,Kolkata,2026-06-30,2026-06-30-amzcov-fresh,price_captured,7,959
amazon-fresh,700053,Kolkata,2026-06-30,2026-06-30-amzcov-fresh,price_captured,7,959
amazon-fresh,700054,Kolkata,2026-06-30,2026-06-30-amzcov-fresh,price_captured,6,959
amazon-fresh,700060,Kolkata,2026-06-30,2026-06-30-amzcov-fresh,price_captured,6,959
amazon-fresh,700061,Kolkata,2026-06-30,2026-06-30-amzcov-fresh,price_captured,3,959
amazon-fresh,700062,Kolkata,2026-06-30,2026-06-30-amzcov-fresh,price_captured,6,959
amazon-fresh,700063,Kolkata,2026-06-30,2026-06-30-amzcov-fresh,price_captured,2,1545
amazon-fresh,700066,Kolkata,2026-06-30,2026-06-30-amzcov-fresh,price_captured,6,959
amazon-fresh,700067,Kolkata,2026-06-30,2026-06-30-amzcov-fresh,price_captured,6,959
amazon-fresh,700068,Kolkata,2026-06-30,2026-06-30-amzcov-fresh,price_captured,6,959
amazon-fresh,700069,Kolkata,2026-06-30,2026-06-30-amzcov-fresh,price_captured,6,959
amazon-fresh,700070,Kolkata,2026-06-30,2026-06-30-amzcov-fresh,price_captured,7,959
amazon-fresh,700071,Kolkata,2026-06-30,2026-06-30-amzcov-fresh,price_captured,6,959
amazon-fresh,700072,Kolkata,2026-06-30,2026-06-30-amzcov-fresh,price_captured,6,959
amazon-fresh,700073,Kolkata,2026-06-30,2026-06-30-amzcov-fresh,price_captured,6,959
amazon-fresh,700075,Kolkata,2026-06-30,2026-06-30-amzcov-fresh,price_captured,6,959
amazon-fresh,700078,Kolkata,2026-06-30,2026-06-30-amzcov-fresh,price_captured,6,959
amazon-fresh,700082,Kolkata,2026-06-30,2026-06-30-amzcov-fresh,price_captured,7,959
amazon-fresh,700085,Kolkata,2026-06-30,2026-06-30-amzcov-fresh,price_captured,6,959
amazon-fresh,700086,Kolkata,2026-06-30,2026-06-30-amzcov-fresh,price_captured,7,959
amazon-fresh,700087,Kolkata,2026-06-30,2026-06-30-amzcov-fresh,price_captured,6,959
amazon-fresh,700088,Kolkata,2026-06-30,2026-06-30-amzcov-fresh,price_captured,5,959
amazon-fresh,700092,Kolkata,2026-06-30,2026-06-30-amzcov-fresh,price_captured,7,959
amazon-fresh,700094,Kolkata,2026-06-30,2026-06-30-amzcov-fresh,price_captured,6,959
amazon-fresh,700095,Kolkata,2026-06-30,2026-06-30-amzcov-fresh,price_captured,7,959
amazon-fresh,700099,Kolkata,2026-06-30,2026-06-30-amzcov-fresh,price_captured,6,959
amazon-fresh,700100,Kolkata,2026-06-30,2026-06-30-amzcov-fresh,price_captured,10,959
amazon-fresh,700105,Kolkata,2026-06-30,2026-06-30-amzcov-fresh,price_captured,2,959
amazon-fresh,700107,Kolkata,2026-06-30,2026-06-30-amzcov-fresh,price_captured,2,959
amazon-fresh,751001,Bhubaneswar,2026-06-30,2026-06-30-amzcov-fresh,not_serviceable,0,
amazon-fresh,751002,Bhubaneswar,2026-06-30,2026-06-30-amzcov-fresh,serviceable_no_jivo,0,
amazon-fresh,751003,Bhubaneswar,2026-06-30,2026-06-30-amzcov-fresh,serviceable_no_jivo,0,
amazon-fresh,751004,Bhubaneswar,2026-06-30,2026-06-30-amzcov-fresh,price_captured,1,292
amazon-fresh,751005,Bhubaneswar,2026-06-30,2026-06-30-amzcov-fresh,price_captured,1,292
amazon-fresh,751006,Bhubaneswar,2026-06-30,2026-06-30-amzcov-fresh,serviceable_no_jivo,0,
amazon-fresh,751007,Bhubaneswar,2026-06-30,2026-06-30-amzcov-fresh,serviceable_no_jivo,0,
amazon-fresh,751008,Bhubaneswar,2026-06-30,2026-06-30-amzcov-fresh,not_serviceable,0,
amazon-fresh,751009,Bhubaneswar,2026-06-30,2026-06-30-amzcov-fresh,serviceable_no_jivo,0,
amazon-fresh,751010,Bhubaneswar,2026-06-30,2026-06-30-amzcov-fresh,serviceable_no_jivo,0,
amazon-fresh,751011,Bhubaneswar,2026-06-30,2026-06-30-amzcov-fresh,serviceable_no_jivo,0,
amazon-fresh,751012,Bhubaneswar,2026-06-30,2026-06-30-amzcov-fresh,price_captured,1,292
amazon-fresh,751013,Bhubaneswar,2026-06-30,2026-06-30-amzcov-fresh,price_captured,1,292
amazon-fresh,751014,Bhubaneswar,2026-06-30,2026-06-30-amzcov-fresh,serviceable_no_jivo,0,
amazon-fresh,751015,Bhubaneswar,2026-06-30,2026-06-30-amzcov-fresh,price_captured,1,292
amazon-fresh,751016,Bhubaneswar,2026-06-30,2026-06-30-amzcov-fresh,price_captured,1,292
amazon-fresh,751017,Bhubaneswar,2026-06-30,2026-06-30-amzcov-fresh,price_captured,1,292
amazon-fresh,751018,Bhubaneswar,2026-06-30,2026-06-30-amzcov-fresh,serviceable_no_jivo,0,
amazon-fresh,751019,Bhubaneswar,2026-06-30,2026-06-30-amzcov-fresh,price_captured,6,1205
amazon-fresh,751020,Bhubaneswar,2026-06-30,2026-06-30-amzcov-fresh,price_captured,6,1205
amazon-fresh,751021,Bhubaneswar,2026-06-30,2026-06-30-amzcov-fresh,price_captured,1,292
amazon-fresh,751022,Bhubaneswar,2026-06-30,2026-06-30-amzcov-fresh,price_captured,1,292
amazon-fresh,751023,Bhubaneswar,2026-06-30,2026-06-30-amzcov-fresh,price_captured,1,292
amazon-fresh,751024,Bhubaneswar,2026-06-30,2026-06-30-amzcov-fresh,price_captured,7,1205
amazon-fresh,751025,Bhubaneswar,2026-06-30,2026-06-30-amzcov-fresh,not_serviceable,0,
amazon-fresh,751026,Bhubaneswar,2026-06-30,2026-06-30-amzcov-fresh,not_serviceable,0,
amazon-fresh,751027,Bhubaneswar,2026-06-30,2026-06-30-amzcov-fresh,not_serviceable,0,
amazon-fresh,751028,Bhubaneswar,2026-06-30,2026-06-30-amzcov-fresh,not_serviceable,0,
amazon-fresh,751029,Bhubaneswar,2026-06-30,2026-06-30-amzcov-fresh,not_serviceable,0,
amazon-fresh,751030,Bhubaneswar,2026-06-30,2026-06-30-amzcov-fresh,price_captured,6,1205
amazon-fresh,751031,Bhubaneswar,2026-06-30,2026-06-30-amzcov-fresh,price_captured,1,292
amazon-fresh,751032,Bhubaneswar,2026-06-30,2026-06-30-amzcov-fresh,not_serviceable,0,
amazon-fresh,751033,Bhubaneswar,2026-06-30,2026-06-30-amzcov-fresh,not_serviceable,0,
amazon-fresh,751034,Bhubaneswar,2026-06-30,2026-06-30-amzcov-fresh,not_serviceable,0,
amazon-fresh,752018,Bhubaneswar,2026-06-30,2026-06-30-amzcov-fresh,not_serviceable,0,
amazon-fresh,752019,Bhubaneswar,2026-06-30,2026-06-30-amzcov-fresh,not_serviceable,0,
amazon-fresh,752020,Bhubaneswar,2026-06-30,2026-06-30-amzcov-fresh,not_serviceable,0,
amazon-fresh,752021,Bhubaneswar,2026-06-30,2026-06-30-amzcov-fresh,not_serviceable,0,
amazon-fresh,752022,Bhubaneswar,2026-06-30,2026-06-30-amzcov-fresh,not_serviceable,0,
amazon-fresh,752023,Bhubaneswar,2026-06-30,2026-06-30-amzcov-fresh,not_serviceable,0,
amazon-fresh,752027,Bhubaneswar,2026-06-30,2026-06-30-amzcov-fresh,not_serviceable,0,
amazon-fresh,752030,Bhubaneswar,2026-06-30,2026-06-30-amzcov-fresh,not_serviceable,0,
amazon-fresh,752031,Bhubaneswar,2026-06-30,2026-06-30-amzcov-fresh,not_serviceable,0,
amazon-fresh,752034,Bhubaneswar,2026-06-30,2026-06-30-amzcov-fresh,not_serviceable,0,
amazon-fresh,752035,Bhubaneswar,2026-06-30,2026-06-30-amzcov-fresh,not_serviceable,0,
amazon-fresh,752037,Bhubaneswar,2026-06-30,2026-06-30-amzcov-fresh,not_serviceable,0,
amazon-fresh,752038,Bhubaneswar,2026-06-30,2026-06-30-amzcov-fresh,not_serviceable,0,
amazon-fresh,752050,Bhubaneswar,2026-06-30,2026-06-30-amzcov-fresh,not_serviceable,0,
amazon-fresh,752054,Bhubaneswar,2026-06-30,2026-06-30-amzcov-fresh,not_serviceable,0,
amazon-fresh,752055,Bhubaneswar,2026-06-30,2026-06-30-amzcov-fresh,not_serviceable,0,
amazon-fresh,752056,Bhubaneswar,2026-06-30,2026-06-30-amzcov-fresh,not_serviceable,0,
amazon-fresh,752057,Bhubaneswar,2026-06-30,2026-06-30-amzcov-fresh,not_serviceable,0,
amazon-fresh,752060,Bhubaneswar,2026-06-30,2026-06-30-amzcov-fresh,not_serviceable,0,
amazon-fresh,752061,Bhubaneswar,2026-06-30,2026-06-30-amzcov-fresh,not_serviceable,0,
amazon-fresh,752062,Bhubaneswar,2026-06-30,2026-06-30-amzcov-fresh,not_serviceable,0,
amazon-fresh,752064,Bhubaneswar,2026-06-30,2026-06-30-amzcov-fresh,not_serviceable,0,
amazon-fresh,752066,Bhubaneswar,2026-06-30,2026-06-30-amzcov-fresh,not_serviceable,0,
amazon-fresh,752100,Bhubaneswar,2026-06-30,2026-06-30-amzcov-fresh,not_serviceable,0,
amazon-fresh,752101,Bhubaneswar,2026-06-30,2026-06-30-amzcov-fresh,not_serviceable,0,
amazon-fresh,752102,Bhubaneswar,2026-06-30,2026-06-30-amzcov-fresh,not_serviceable,0,
amazon-fresh,752103,Bhubaneswar,2026-06-30,2026-06-30-amzcov-fresh,not_serviceable,0,
amazon-fresh,752104,Bhubaneswar,2026-06-30,2026-06-30-amzcov-fresh,not_serviceable,0,
amazon-fresh,752106,Bhubaneswar,2026-06-30,2026-06-30-amzcov-fresh,not_serviceable,0,
amazon-fresh,752114,Bhubaneswar,2026-06-30,2026-06-30-amzcov-fresh,not_serviceable,0,
amazon-fresh,752115,Bhubaneswar,2026-06-30,2026-06-30-amzcov-fresh,not_serviceable,0,
amazon-fresh,754001,Bhubaneswar,2026-06-30,2026-06-30-amzcov-fresh,not_serviceable,0,
amazon-fresh,754004,Bhubaneswar,2026-06-30,2026-06-30-amzcov-fresh,not_serviceable,0,
amazon-fresh,754005,Bhubaneswar,2026-06-30,2026-06-30-amzcov-fresh,not_serviceable,0,
amazon-fresh,754012,Bhubaneswar,2026-06-30,2026-06-30-amzcov-fresh,not_serviceable,0,
amazon-fresh,900099,Kolkata,2026-06-30,2026-06-30-amzcov-fresh,not_serviceable,0,
amazon-now,110001,Delhi,2026-06-30,2026-06-30-amzcov-now,not_serviceable,0,
amazon-now,110002,Delhi,2026-06-30,2026-06-30-amzcov-now,not_serviceable,0,
amazon-now,110003,Delhi,2026-06-30,2026-06-30-amzcov-now,not_serviceable,0,
amazon-now,110004,Delhi,2026-06-30,2026-06-30-amzcov-now,not_serviceable,0,
amazon-now,110005,Delhi,2026-06-30,2026-06-30-amzcov-now,not_serviceable,0,
amazon-now,110006,Delhi,2026-06-30,2026-06-30-amzcov-now,not_serviceable,0,
amazon-now,110007,Delhi,2026-06-30,2026-06-30-amzcov-now,not_serviceable,0,
amazon-now,110008,Delhi,2026-06-30,2026-06-30-amzcov-now,not_serviceable,0,
amazon-now,110009,Delhi,2026-06-30,2026-06-30-amzcov-now,not_serviceable,0,
amazon-now,110010,Delhi,2026-06-30,2026-06-30-amzcov-now,not_serviceable,0,
amazon-now,110011,Delhi,2026-06-30,2026-06-30-amzcov-now,not_serviceable,0,
amazon-now,110012,Delhi,2026-06-30,2026-06-30-amzcov-now,not_serviceable,0,
amazon-now,110013,Delhi,2026-06-30,2026-06-30-amzcov-now,not_serviceable,0,
amazon-now,110014,Delhi,2026-06-30,2026-06-30-amzcov-now,not_serviceable,0,
amazon-now,110015,Delhi,2026-06-30,2026-06-30-amzcov-now,not_serviceable,0,
amazon-now,110016,Delhi,2026-06-30,2026-06-30-amzcov-now,not_serviceable,0,
amazon-now,110017,Delhi,2026-06-30,2026-06-30-amzcov-now,not_serviceable,0,
amazon-now,110018,Delhi,2026-06-30,2026-06-30-amzcov-now,not_serviceable,0,
amazon-now,110019,Delhi,2026-06-30,2026-06-30-amzcov-now,not_serviceable,0,
amazon-now,110020,Delhi,2026-06-30,2026-06-30-amzcov-now,not_serviceable,0,
amazon-now,110021,Delhi,2026-06-30,2026-06-30-amzcov-now,not_serviceable,0,
amazon-now,110022,Delhi,2026-06-30,2026-06-30-amzcov-now,not_serviceable,0,
amazon-now,110023,Delhi,2026-06-30,2026-06-30-amzcov-now,not_serviceable,0,
amazon-now,110024,Delhi,2026-06-30,2026-06-30-amzcov-now,not_serviceable,0,
amazon-now,110025,Delhi,2026-06-30,2026-06-30-amzcov-now,not_serviceable,0,
amazon-now,110026,Delhi,2026-06-30,2026-06-30-amzcov-now,not_serviceable,0,
amazon-now,110027,Delhi,2026-06-30,2026-06-30-amzcov-now,not_serviceable,0,
amazon-now,110028,Delhi,2026-06-30,2026-06-30-amzcov-now,not_serviceable,0,
amazon-now,110029,Delhi,2026-06-30,2026-06-30-amzcov-now,not_serviceable,0,
amazon-now,110030,Delhi,2026-06-30,2026-06-30-amzcov-now,not_serviceable,0,
amazon-now,110031,Delhi,2026-06-30,2026-06-30-amzcov-now,not_serviceable,0,
amazon-now,110032,Delhi,2026-06-30,2026-06-30-amzcov-now,not_serviceable,0,
amazon-now,110033,Delhi,2026-06-30,2026-06-30-amzcov-now,not_serviceable,0,
amazon-now,110034,Delhi,2026-06-30,2026-06-30-amzcov-now,not_serviceable,0,
amazon-now,110035,Delhi,2026-06-30,2026-06-30-amzcov-now,not_serviceable,0,
amazon-now,110036,Delhi,2026-06-30,2026-06-30-amzcov-now,not_serviceable,0,
amazon-now,110037,Delhi,2026-06-30,2026-06-30-amzcov-now,not_serviceable,0,
amazon-now,110038,Delhi,2026-06-30,2026-06-30-amzcov-now,not_serviceable,0,
amazon-now,110039,Delhi,2026-06-30,2026-06-30-amzcov-now,not_serviceable,0,
amazon-now,110040,Delhi,2026-06-30,2026-06-30-amzcov-now,not_serviceable,0,
amazon-now,110041,Delhi,2026-06-30,2026-06-30-amzcov-now,not_serviceable,0,
amazon-now,110042,Delhi,2026-06-30,2026-06-30-amzcov-now,not_serviceable,0,
amazon-now,110043,Delhi,2026-06-30,2026-06-30-amzcov-now,not_serviceable,0,
amazon-now,110044,Delhi,2026-06-30,2026-06-30-amzcov-now,not_serviceable,0,
amazon-now,110045,Delhi,2026-06-30,2026-06-30-amzcov-now,price_captured,8,559
amazon-now,110046,Delhi,2026-06-30,2026-06-30-amzcov-now,price_captured,8,559
amazon-now,110047,Delhi,2026-06-30,2026-06-30-amzcov-now,not_serviceable,0,
amazon-now,110048,Delhi,2026-06-30,2026-06-30-amzcov-now,not_serviceable,0,
amazon-now,110049,Delhi,2026-06-30,2026-06-30-amzcov-now,not_serviceable,0,
amazon-now,110051,Delhi,2026-06-30,2026-06-30-amzcov-now,not_serviceable,0,
amazon-now,110052,Delhi,2026-06-30,2026-06-30-amzcov-now,not_serviceable,0,
amazon-now,110053,Delhi,2026-06-30,2026-06-30-amzcov-now,not_serviceable,0,
amazon-now,110054,Delhi,2026-06-30,2026-06-30-amzcov-now,not_serviceable,0,
amazon-now,110055,Delhi,2026-06-30,2026-06-30-amzcov-now,not_serviceable,0,
amazon-now,110056,Delhi,2026-06-30,2026-06-30-amzcov-now,not_serviceable,0,
amazon-now,110057,Delhi,2026-06-30,2026-06-30-amzcov-now,not_serviceable,0,
amazon-now,110058,Delhi,2026-06-30,2026-06-30-amzcov-now,not_serviceable,0,
amazon-now,110059,Delhi,2026-06-30,2026-06-30-amzcov-now,price_captured,10,1193
amazon-now,110060,Delhi,2026-06-30,2026-06-30-amzcov-now,not_serviceable,0,
amazon-now,110061,Delhi,2026-06-30,2026-06-30-amzcov-now,not_serviceable,0,
amazon-now,110062,Delhi,2026-06-30,2026-06-30-amzcov-now,not_serviceable,0,
amazon-now,110063,Delhi,2026-06-30,2026-06-30-amzcov-now,not_serviceable,0,
amazon-now,110064,Delhi,2026-06-30,2026-06-30-amzcov-now,not_serviceable,0,
amazon-now,110065,Delhi,2026-06-30,2026-06-30-amzcov-now,not_serviceable,0,
amazon-now,110066,Delhi,2026-06-30,2026-06-30-amzcov-now,not_serviceable,0,
amazon-now,110067,Delhi,2026-06-30,2026-06-30-amzcov-now,not_serviceable,0,
amazon-now,110068,Delhi,2026-06-30,2026-06-30-amzcov-now,not_serviceable,0,
amazon-now,110069,Delhi,2026-06-30,2026-06-30-amzcov-now,not_serviceable,0,
amazon-now,110070,Delhi,2026-06-30,2026-06-30-amzcov-now,not_serviceable,0,
amazon-now,110071,Delhi,2026-06-30,2026-06-30-amzcov-now,not_serviceable,0,
amazon-now,110072,Delhi,2026-06-30,2026-06-30-amzcov-now,not_serviceable,0,
amazon-now,110073,Delhi,2026-06-30,2026-06-30-amzcov-now,not_serviceable,0,
amazon-now,110074,Delhi,2026-06-30,2026-06-30-amzcov-now,not_serviceable,0,
amazon-now,110075,Delhi,2026-06-30,2026-06-30-amzcov-now,not_serviceable,0,
amazon-now,110076,Delhi,2026-06-30,2026-06-30-amzcov-now,not_serviceable,0,
amazon-now,110077,Delhi,2026-06-30,2026-06-30-amzcov-now,not_serviceable,0,
amazon-now,110078,Delhi,2026-06-30,2026-06-30-amzcov-now,not_serviceable,0,
amazon-now,110080,Delhi,2026-06-30,2026-06-30-amzcov-now,not_serviceable,0,
amazon-now,110081,Delhi,2026-06-30,2026-06-30-amzcov-now,not_serviceable,0,
amazon-now,110082,Delhi,2026-06-30,2026-06-30-amzcov-now,not_serviceable,0,
amazon-now,110083,Delhi,2026-06-30,2026-06-30-amzcov-now,not_serviceable,0,
amazon-now,110084,Delhi,2026-06-30,2026-06-30-amzcov-now,not_serviceable,0,
amazon-now,110085,Delhi,2026-06-30,2026-06-30-amzcov-now,not_serviceable,0,
amazon-now,110086,Delhi,2026-06-30,2026-06-30-amzcov-now,not_serviceable,0,
amazon-now,110087,Delhi,2026-06-30,2026-06-30-amzcov-now,not_serviceable,0,
amazon-now,110088,Delhi,2026-06-30,2026-06-30-amzcov-now,not_serviceable,0,
amazon-now,110089,Delhi,2026-06-30,2026-06-30-amzcov-now,price_captured,6,1193
amazon-now,110090,Delhi,2026-06-30,2026-06-30-amzcov-now,not_serviceable,0,
amazon-now,110091,Delhi,2026-06-30,2026-06-30-amzcov-now,not_serviceable,0,
amazon-now,110092,Delhi,2026-06-30,2026-06-30-amzcov-now,not_serviceable,0,
amazon-now,110093,Delhi,2026-06-30,2026-06-30-amzcov-now,not_serviceable,0,
amazon-now,110094,Delhi,2026-06-30,2026-06-30-amzcov-now,not_serviceable,0,
amazon-now,110095,Delhi,2026-06-30,2026-06-30-amzcov-now,not_serviceable,0,
amazon-now,110096,Delhi,2026-06-30,2026-06-30-amzcov-now,not_serviceable,0,
amazon-now,110097,Delhi,2026-06-30,2026-06-30-amzcov-now,not_serviceable,0,
amazon-now,110099,Delhi,2026-06-30,2026-06-30-amzcov-now,not_serviceable,0,
amazon-now,110110,Delhi,2026-06-30,2026-06-30-amzcov-now,not_serviceable,0,
amazon-now,122001,Gurugram,2026-06-30,2026-06-30-amzcov-now,not_serviceable,0,
amazon-now,122002,Gurugram,2026-06-30,2026-06-30-amzcov-now,not_serviceable,0,
amazon-now,122003,Gurugram,2026-06-30,2026-06-30-amzcov-now,not_serviceable,0,
amazon-now,122004,Gurugram,2026-06-30,2026-06-30-amzcov-now,not_serviceable,0,
amazon-now,122005,Gurugram,2026-06-30,2026-06-30-amzcov-now,not_serviceable,0,
amazon-now,122006,Gurugram,2026-06-30,2026-06-30-amzcov-now,not_serviceable,0,
amazon-now,122007,Gurugram,2026-06-30,2026-06-30-amzcov-now,not_serviceable,0,
amazon-now,122008,Gurugram,2026-06-30,2026-06-30-amzcov-now,not_serviceable,0,
amazon-now,122009,Gurugram,2026-06-30,2026-06-30-amzcov-now,not_serviceable,0,
amazon-now,122010,Gurugram,2026-06-30,2026-06-30-amzcov-now,not_serviceable,0,
amazon-now,122011,Gurugram,2026-06-30,2026-06-30-amzcov-now,not_serviceable,0,
amazon-now,122012,Gurugram,2026-06-30,2026-06-30-amzcov-now,not_serviceable,0,
amazon-now,122015,Gurugram,2026-06-30,2026-06-30-amzcov-now,not_serviceable,0,
amazon-now,122016,Gurugram,2026-06-30,2026-06-30-amzcov-now,not_serviceable,0,
amazon-now,122017,Gurugram,2026-06-30,2026-06-30-amzcov-now,not_serviceable,0,
amazon-now,122018,Gurugram,2026-06-30,2026-06-30-amzcov-now,not_serviceable,0,
amazon-now,122051,Gurugram,2026-06-30,2026-06-30-amzcov-now,not_serviceable,0,
amazon-now,122052,Gurugram,2026-06-30,2026-06-30-amzcov-now,not_serviceable,0,
amazon-now,122098,Gurugram,2026-06-30,2026-06-30-amzcov-now,not_serviceable,0,
amazon-now,122101,Gurugram,2026-06-30,2026-06-30-amzcov-now,not_serviceable,0,
amazon-now,122102,Gurugram,2026-06-30,2026-06-30-amzcov-now,not_serviceable,0,
amazon-now,122103,Gurugram,2026-06-30,2026-06-30-amzcov-now,not_serviceable,0,
amazon-now,122413,Gurugram,2026-06-30,2026-06-30-amzcov-now,not_serviceable,0,
amazon-now,122414,Gurugram,2026-06-30,2026-06-30-amzcov-now,not_serviceable,0,
amazon-now,122502,Gurugram,2026-06-30,2026-06-30-amzcov-now,not_serviceable,0,
amazon-now,122503,Gurugram,2026-06-30,2026-06-30-amzcov-now,not_serviceable,0,
amazon-now,122504,Gurugram,2026-06-30,2026-06-30-amzcov-now,not_serviceable,0,
amazon-now,122505,Gurugram,2026-06-30,2026-06-30-amzcov-now,not_serviceable,0,
amazon-now,122506,Gurugram,2026-06-30,2026-06-30-amzcov-now,not_serviceable,0,
amazon-now,160001,Chandigarh,2026-06-30,2026-06-30-amzcov-now,not_serviceable,0,
amazon-now,160002,Chandigarh,2026-06-30,2026-06-30-amzcov-now,not_serviceable,0,
amazon-now,160003,Chandigarh,2026-06-30,2026-06-30-amzcov-now,not_serviceable,0,
amazon-now,160004,Chandigarh,2026-06-30,2026-06-30-amzcov-now,not_serviceable,0,
amazon-now,160005,Chandigarh,2026-06-30,2026-06-30-amzcov-now,not_serviceable,0,
amazon-now,160006,Chandigarh,2026-06-30,2026-06-30-amzcov-now,not_serviceable,0,
amazon-now,160009,Chandigarh,2026-06-30,2026-06-30-amzcov-now,not_serviceable,0,
amazon-now,160011,Chandigarh,2026-06-30,2026-06-30-amzcov-now,not_serviceable,0,
amazon-now,160012,Chandigarh,2026-06-30,2026-06-30-amzcov-now,not_serviceable,0,
amazon-now,160014,Chandigarh,2026-06-30,2026-06-30-amzcov-now,not_serviceable,0,
amazon-now,160015,Chandigarh,2026-06-30,2026-06-30-amzcov-now,not_serviceable,0,
amazon-now,160016,Chandigarh,2026-06-30,2026-06-30-amzcov-now,not_serviceable,0,
amazon-now,160017,Chandigarh,2026-06-30,2026-06-30-amzcov-now,not_serviceable,0,
amazon-now,160018,Chandigarh,2026-06-30,2026-06-30-amzcov-now,not_serviceable,0,
amazon-now,160019,Chandigarh,2026-06-30,2026-06-30-amzcov-now,not_serviceable,0,
amazon-now,160020,Chandigarh,2026-06-30,2026-06-30-amzcov-now,not_serviceable,0,
amazon-now,160022,Chandigarh,2026-06-30,2026-06-30-amzcov-now,not_serviceable,0,
amazon-now,160023,Chandigarh,2026-06-30,2026-06-30-amzcov-now,not_serviceable,0,
amazon-now,160025,Chandigarh,2026-06-30,2026-06-30-amzcov-now,not_serviceable,0,
amazon-now,160030,Chandigarh,2026-06-30,2026-06-30-amzcov-now,not_serviceable,0,
amazon-now,160036,Chandigarh,2026-06-30,2026-06-30-amzcov-now,not_serviceable,0,
amazon-now,160043,Chandigarh,2026-06-30,2026-06-30-amzcov-now,not_serviceable,0,
amazon-now,160047,Chandigarh,2026-06-30,2026-06-30-amzcov-now,not_serviceable,0,
amazon-now,160101,Chandigarh,2026-06-30,2026-06-30-amzcov-now,not_serviceable,0,
amazon-now,160102,Chandigarh,2026-06-30,2026-06-30-amzcov-now,not_serviceable,0,
amazon-now,201008,Noida,2026-06-30,2026-06-30-amzcov-now,not_serviceable,0,
amazon-now,201009,Noida,2026-06-30,2026-06-30-amzcov-now,not_serviceable,0,
amazon-now,201301,Noida,2026-06-30,2026-06-30-amzcov-now,not_serviceable,0,
amazon-now,201302,Noida,2026-06-30,2026-06-30-amzcov-now,not_serviceable,0,
amazon-now,201303,Noida,2026-06-30,2026-06-30-amzcov-now,not_serviceable,0,
amazon-now,201304,Noida,2026-06-30,2026-06-30-amzcov-now,not_serviceable,0,
amazon-now,201305,Noida,2026-06-30,2026-06-30-amzcov-now,not_serviceable,0,
amazon-now,201306,Noida,2026-06-30,2026-06-30-amzcov-now,not_serviceable,0,
amazon-now,201307,Noida,2026-06-30,2026-06-30-amzcov-now,not_serviceable,0,
amazon-now,201309,Noida,2026-06-30,2026-06-30-amzcov-now,not_serviceable,0,
amazon-now,201310,Noida,2026-06-30,2026-06-30-amzcov-now,not_serviceable,0,
amazon-now,201311,Noida,2026-06-30,2026-06-30-amzcov-now,not_serviceable,0,
amazon-now,201312,Noida,2026-06-30,2026-06-30-amzcov-now,not_serviceable,0,
amazon-now,201313,Noida,2026-06-30,2026-06-30-amzcov-now,not_serviceable,0,
amazon-now,201314,Noida,2026-06-30,2026-06-30-amzcov-now,not_serviceable,0,
amazon-now,201315,Noida,2026-06-30,2026-06-30-amzcov-now,not_serviceable,0,
amazon-now,201316,Noida,2026-06-30,2026-06-30-amzcov-now,not_serviceable,0,
amazon-now,201317,Noida,2026-06-30,2026-06-30-amzcov-now,not_serviceable,0,
amazon-now,201318,Noida,2026-06-30,2026-06-30-amzcov-now,not_serviceable,0,
amazon-now,203135,Noida,2026-06-30,2026-06-30-amzcov-now,not_serviceable,0,
amazon-now,203141,Noida,2026-06-30,2026-06-30-amzcov-now,not_serviceable,0,
amazon-now,203155,Noida,2026-06-30,2026-06-30-amzcov-now,not_serviceable,0,
amazon-now,203201,Noida,2026-06-30,2026-06-30-amzcov-now,not_serviceable,0,
amazon-now,203202,Noida,2026-06-30,2026-06-30-amzcov-now,not_serviceable,0,
amazon-now,203203,Noida,2026-06-30,2026-06-30-amzcov-now,not_serviceable,0,
amazon-now,203207,Noida,2026-06-30,2026-06-30-amzcov-now,not_serviceable,0,
amazon-now,203209,Noida,2026-06-30,2026-06-30-amzcov-now,not_serviceable,0,
amazon-now,212652,Noida,2026-06-30,2026-06-30-amzcov-now,not_serviceable,0,
amazon-now,226001,Lucknow,2026-06-30,2026-06-30-amzcov-now,not_serviceable,0,
amazon-now,226002,Lucknow,2026-06-30,2026-06-30-amzcov-now,not_serviceable,0,
amazon-now,226003,Lucknow,2026-06-30,2026-06-30-amzcov-now,not_serviceable,0,
amazon-now,226004,Lucknow,2026-06-30,2026-06-30-amzcov-now,not_serviceable,0,
amazon-now,226005,Lucknow,2026-06-30,2026-06-30-amzcov-now,not_serviceable,0,
amazon-now,226006,Lucknow,2026-06-30,2026-06-30-amzcov-now,not_serviceable,0,
amazon-now,226007,Lucknow,2026-06-30,2026-06-30-amzcov-now,not_serviceable,0,
amazon-now,226008,Lucknow,2026-06-30,2026-06-30-amzcov-now,not_serviceable,0,
amazon-now,226009,Lucknow,2026-06-30,2026-06-30-amzcov-now,not_serviceable,0,
amazon-now,226010,Lucknow,2026-06-30,2026-06-30-amzcov-now,not_serviceable,0,
amazon-now,226011,Lucknow,2026-06-30,2026-06-30-amzcov-now,not_serviceable,0,
amazon-now,226012,Lucknow,2026-06-30,2026-06-30-amzcov-now,not_serviceable,0,
amazon-now,226013,Lucknow,2026-06-30,2026-06-30-amzcov-now,not_serviceable,0,
amazon-now,226014,Lucknow,2026-06-30,2026-06-30-amzcov-now,not_serviceable,0,
amazon-now,226015,Lucknow,2026-06-30,2026-06-30-amzcov-now,not_serviceable,0,
amazon-now,226016,Lucknow,2026-06-30,2026-06-30-amzcov-now,not_serviceable,0,
amazon-now,226017,Lucknow,2026-06-30,2026-06-30-amzcov-now,not_serviceable,0,
amazon-now,226018,Lucknow,2026-06-30,2026-06-30-amzcov-now,not_serviceable,0,
amazon-now,226019,Lucknow,2026-06-30,2026-06-30-amzcov-now,not_serviceable,0,
amazon-now,226020,Lucknow,2026-06-30,2026-06-30-amzcov-now,not_serviceable,0,
amazon-now,226021,Lucknow,2026-06-30,2026-06-30-amzcov-now,not_serviceable,0,
amazon-now,226022,Lucknow,2026-06-30,2026-06-30-amzcov-now,not_serviceable,0,
amazon-now,226023,Lucknow,2026-06-30,2026-06-30-amzcov-now,not_serviceable,0,
amazon-now,226024,Lucknow,2026-06-30,2026-06-30-amzcov-now,not_serviceable,0,
amazon-now,226025,Lucknow,2026-06-30,2026-06-30-amzcov-now,not_serviceable,0,
amazon-now,226026,Lucknow,2026-06-30,2026-06-30-amzcov-now,not_serviceable,0,
amazon-now,226027,Lucknow,2026-06-30,2026-06-30-amzcov-now,not_serviceable,0,
amazon-now,226028,Lucknow,2026-06-30,2026-06-30-amzcov-now,not_serviceable,0,
amazon-now,226029,Lucknow,2026-06-30,2026-06-30-amzcov-now,not_serviceable,0,
amazon-now,226030,Lucknow,2026-06-30,2026-06-30-amzcov-now,not_serviceable,0,
amazon-now,226031,Lucknow,2026-06-30,2026-06-30-amzcov-now,not_serviceable,0,
amazon-now,226101,Lucknow,2026-06-30,2026-06-30-amzcov-now,not_serviceable,0,
amazon-now,226102,Lucknow,2026-06-30,2026-06-30-amzcov-now,not_serviceable,0,
amazon-now,226103,Lucknow,2026-06-30,2026-06-30-amzcov-now,not_serviceable,0,
amazon-now,226104,Lucknow,2026-06-30,2026-06-30-amzcov-now,not_serviceable,0,
amazon-now,226201,Lucknow,2026-06-30,2026-06-30-amzcov-now,not_serviceable,0,
amazon-now,226202,Lucknow,2026-06-30,2026-06-30-amzcov-now,not_serviceable,0,
amazon-now,226203,Lucknow,2026-06-30,2026-06-30-amzcov-now,not_serviceable,0,
amazon-now,226301,Lucknow,2026-06-30,2026-06-30-amzcov-now,not_serviceable,0,
amazon-now,226302,Lucknow,2026-06-30,2026-06-30-amzcov-now,not_serviceable,0,
amazon-now,226303,Lucknow,2026-06-30,2026-06-30-amzcov-now,not_serviceable,0,
amazon-now,226401,Lucknow,2026-06-30,2026-06-30-amzcov-now,not_serviceable,0,
amazon-now,226501,Lucknow,2026-06-30,2026-06-30-amzcov-now,not_serviceable,0,
amazon-now,302001,Jaipur,2026-06-30,2026-06-30-amzcov-now,not_serviceable,0,
amazon-now,302002,Jaipur,2026-06-30,2026-06-30-amzcov-now,not_serviceable,0,
amazon-now,302003,Jaipur,2026-06-30,2026-06-30-amzcov-now,not_serviceable,0,
amazon-now,302004,Jaipur,2026-06-30,2026-06-30-amzcov-now,not_serviceable,0,
amazon-now,302005,Jaipur,2026-06-30,2026-06-30-amzcov-now,not_serviceable,0,
amazon-now,302006,Jaipur,2026-06-30,2026-06-30-amzcov-now,not_serviceable,0,
amazon-now,302012,Jaipur,2026-06-30,2026-06-30-amzcov-now,not_serviceable,0,
amazon-now,302013,Jaipur,2026-06-30,2026-06-30-amzcov-now,not_serviceable,0,
amazon-now,302015,Jaipur,2026-06-30,2026-06-30-amzcov-now,not_serviceable,0,
amazon-now,302016,Jaipur,2026-06-30,2026-06-30-amzcov-now,not_serviceable,0,
amazon-now,302017,Jaipur,2026-06-30,2026-06-30-amzcov-now,not_serviceable,0,
amazon-now,302018,Jaipur,2026-06-30,2026-06-30-amzcov-now,not_serviceable,0,
amazon-now,302019,Jaipur,2026-06-30,2026-06-30-amzcov-now,not_serviceable,0,
amazon-now,302020,Jaipur,2026-06-30,2026-06-30-amzcov-now,not_serviceable,0,
amazon-now,302021,Jaipur,2026-06-30,2026-06-30-amzcov-now,not_serviceable,0,
amazon-now,302022,Jaipur,2026-06-30,2026-06-30-amzcov-now,not_serviceable,0,
amazon-now,302026,Jaipur,2026-06-30,2026-06-30-amzcov-now,not_serviceable,0,
amazon-now,302027,Jaipur,2026-06-30,2026-06-30-amzcov-now,not_serviceable,0,
amazon-now,302028,Jaipur,2026-06-30,2026-06-30-amzcov-now,not_serviceable,0,
amazon-now,302029,Jaipur,2026-06-30,2026-06-30-amzcov-now,not_serviceable,0,
amazon-now,302031,Jaipur,2026-06-30,2026-06-30-amzcov-now,not_serviceable,0,
amazon-now,302033,Jaipur,2026-06-30,2026-06-30-amzcov-now,not_serviceable,0,
amazon-now,302034,Jaipur,2026-06-30,2026-06-30-amzcov-now,not_serviceable,0,
amazon-now,302036,Jaipur,2026-06-30,2026-06-30-amzcov-now,not_serviceable,0,
amazon-now,302037,Jaipur,2026-06-30,2026-06-30-amzcov-now,not_serviceable,0,
amazon-now,302038,Jaipur,2026-06-30,2026-06-30-amzcov-now,not_serviceable,0,
amazon-now,302039,Jaipur,2026-06-30,2026-06-30-amzcov-now,not_serviceable,0,
amazon-now,302040,Jaipur,2026-06-30,2026-06-30-amzcov-now,not_serviceable,0,
amazon-now,302041,Jaipur,2026-06-30,2026-06-30-amzcov-now,not_serviceable,0,
amazon-now,302042,Jaipur,2026-06-30,2026-06-30-amzcov-now,not_serviceable,0,
amazon-now,302043,Jaipur,2026-06-30,2026-06-30-amzcov-now,not_serviceable,0,
amazon-now,302044,Jaipur,2026-06-30,2026-06-30-amzcov-now,not_serviceable,0,
amazon-now,302045,Jaipur,2026-06-30,2026-06-30-amzcov-now,not_serviceable,0,
amazon-now,302046,Jaipur,2026-06-30,2026-06-30-amzcov-now,not_serviceable,0,
amazon-now,303001,Jaipur,2026-06-30,2026-06-30-amzcov-now,not_serviceable,0,
amazon-now,303002,Jaipur,2026-06-30,2026-06-30-amzcov-now,not_serviceable,0,
amazon-now,303003,Jaipur,2026-06-30,2026-06-30-amzcov-now,not_serviceable,0,
amazon-now,303005,Jaipur,2026-06-30,2026-06-30-amzcov-now,not_serviceable,0,
amazon-now,303006,Jaipur,2026-06-30,2026-06-30-amzcov-now,not_serviceable,0,
amazon-now,303007,Jaipur,2026-06-30,2026-06-30-amzcov-now,not_serviceable,0,
amazon-now,303008,Jaipur,2026-06-30,2026-06-30-amzcov-now,not_serviceable,0,
amazon-now,303009,Jaipur,2026-06-30,2026-06-30-amzcov-now,not_serviceable,0,
amazon-now,303012,Jaipur,2026-06-30,2026-06-30-amzcov-now,not_serviceable,0,
amazon-now,303102,Jaipur,2026-06-30,2026-06-30-amzcov-now,not_serviceable,0,
amazon-now,303103,Jaipur,2026-06-30,2026-06-30-amzcov-now,not_serviceable,0,
amazon-now,303104,Jaipur,2026-06-30,2026-06-30-amzcov-now,not_serviceable,0,
amazon-now,303105,Jaipur,2026-06-30,2026-06-30-amzcov-now,not_serviceable,0,
amazon-now,303106,Jaipur,2026-06-30,2026-06-30-amzcov-now,not_serviceable,0,
amazon-now,303107,Jaipur,2026-06-30,2026-06-30-amzcov-now,not_serviceable,0,
amazon-now,303108,Jaipur,2026-06-30,2026-06-30-amzcov-now,not_serviceable,0,
amazon-now,303109,Jaipur,2026-06-30,2026-06-30-amzcov-now,not_serviceable,0,
amazon-now,303110,Jaipur,2026-06-30,2026-06-30-amzcov-now,not_serviceable,0,
amazon-now,303119,Jaipur,2026-06-30,2026-06-30-amzcov-now,not_serviceable,0,
amazon-now,303120,Jaipur,2026-06-30,2026-06-30-amzcov-now,not_serviceable,0,
amazon-now,303121,Jaipur,2026-06-30,2026-06-30-amzcov-now,not_serviceable,0,
amazon-now,303122,Jaipur,2026-06-30,2026-06-30-amzcov-now,not_serviceable,0,
amazon-now,303123,Jaipur,2026-06-30,2026-06-30-amzcov-now,not_serviceable,0,
amazon-now,303124,Jaipur,2026-06-30,2026-06-30-amzcov-now,not_serviceable,0,
amazon-now,303301,Jaipur,2026-06-30,2026-06-30-amzcov-now,not_serviceable,0,
amazon-now,303305,Jaipur,2026-06-30,2026-06-30-amzcov-now,not_serviceable,0,
amazon-now,303328,Jaipur,2026-06-30,2026-06-30-amzcov-now,not_serviceable,0,
amazon-now,303329,Jaipur,2026-06-30,2026-06-30-amzcov-now,not_serviceable,0,
amazon-now,303338,Jaipur,2026-06-30,2026-06-30-amzcov-now,not_serviceable,0,
amazon-now,303348,Jaipur,2026-06-30,2026-06-30-amzcov-now,not_serviceable,0,
amazon-now,303601,Jaipur,2026-06-30,2026-06-30-amzcov-now,not_serviceable,0,
amazon-now,303602,Jaipur,2026-06-30,2026-06-30-amzcov-now,not_serviceable,0,
amazon-now,303603,Jaipur,2026-06-30,2026-06-30-amzcov-now,not_serviceable,0,
amazon-now,303604,Jaipur,2026-06-30,2026-06-30-amzcov-now,not_serviceable,0,
amazon-now,303701,Jaipur,2026-06-30,2026-06-30-amzcov-now,not_serviceable,0,
amazon-now,303702,Jaipur,2026-06-30,2026-06-30-amzcov-now,not_serviceable,0,
amazon-now,303704,Jaipur,2026-06-30,2026-06-30-amzcov-now,not_serviceable,0,
amazon-now,303706,Jaipur,2026-06-30,2026-06-30-amzcov-now,not_serviceable,0,
amazon-now,303712,Jaipur,2026-06-30,2026-06-30-amzcov-now,not_serviceable,0,
amazon-now,303801,Jaipur,2026-06-30,2026-06-30-amzcov-now,not_serviceable,0,
amazon-now,303803,Jaipur,2026-06-30,2026-06-30-amzcov-now,not_serviceable,0,
amazon-now,303804,Jaipur,2026-06-30,2026-06-30-amzcov-now,not_serviceable,0,
amazon-now,303805,Jaipur,2026-06-30,2026-06-30-amzcov-now,not_serviceable,0,
amazon-now,303806,Jaipur,2026-06-30,2026-06-30-amzcov-now,not_serviceable,0,
amazon-now,303807,Jaipur,2026-06-30,2026-06-30-amzcov-now,not_serviceable,0,
amazon-now,303901,Jaipur,2026-06-30,2026-06-30-amzcov-now,not_serviceable,0,
amazon-now,303903,Jaipur,2026-06-30,2026-06-30-amzcov-now,not_serviceable,0,
amazon-now,303904,Jaipur,2026-06-30,2026-06-30-amzcov-now,not_serviceable,0,
amazon-now,303905,Jaipur,2026-06-30,2026-06-30-amzcov-now,not_serviceable,0,
amazon-now,303908,Jaipur,2026-06-30,2026-06-30-amzcov-now,not_serviceable,0,
amazon-now,363423,Ahmedabad,2026-06-30,2026-06-30-amzcov-now,not_serviceable,0,
amazon-now,380001,Ahmedabad,2026-06-30,2026-06-30-amzcov-now,not_serviceable,0,
amazon-now,380002,Ahmedabad,2026-06-30,2026-06-30-amzcov-now,not_serviceable,0,
amazon-now,380003,Ahmedabad,2026-06-30,2026-06-30-amzcov-now,not_serviceable,0,
amazon-now,380004,Ahmedabad,2026-06-30,2026-06-30-amzcov-now,not_serviceable,0,
amazon-now,380005,Ahmedabad,2026-06-30,2026-06-30-amzcov-now,not_serviceable,0,
amazon-now,380006,Ahmedabad,2026-06-30,2026-06-30-amzcov-now,not_serviceable,0,
amazon-now,380007,Ahmedabad,2026-06-30,2026-06-30-amzcov-now,not_serviceable,0,
amazon-now,380008,Ahmedabad,2026-06-30,2026-06-30-amzcov-now,not_serviceable,0,
amazon-now,380009,Ahmedabad,2026-06-30,2026-06-30-amzcov-now,not_serviceable,0,
amazon-now,380013,Ahmedabad,2026-06-30,2026-06-30-amzcov-now,not_serviceable,0,
amazon-now,380014,Ahmedabad,2026-06-30,2026-06-30-amzcov-now,not_serviceable,0,
amazon-now,380015,Ahmedabad,2026-06-30,2026-06-30-amzcov-now,not_serviceable,0,
amazon-now,380016,Ahmedabad,2026-06-30,2026-06-30-amzcov-now,not_serviceable,0,
amazon-now,380018,Ahmedabad,2026-06-30,2026-06-30-amzcov-now,not_serviceable,0,
amazon-now,380019,Ahmedabad,2026-06-30,2026-06-30-amzcov-now,not_serviceable,0,
amazon-now,380021,Ahmedabad,2026-06-30,2026-06-30-amzcov-now,not_serviceable,0,
amazon-now,380022,Ahmedabad,2026-06-30,2026-06-30-amzcov-now,not_serviceable,0,
amazon-now,380023,Ahmedabad,2026-06-30,2026-06-30-amzcov-now,not_serviceable,0,
amazon-now,380024,Ahmedabad,2026-06-30,2026-06-30-amzcov-now,not_serviceable,0,
amazon-now,380026,Ahmedabad,2026-06-30,2026-06-30-amzcov-now,not_serviceable,0,
amazon-now,380027,Ahmedabad,2026-06-30,2026-06-30-amzcov-now,not_serviceable,0,
amazon-now,380028,Ahmedabad,2026-06-30,2026-06-30-amzcov-now,not_serviceable,0,
amazon-now,380049,Ahmedabad,2026-06-30,2026-06-30-amzcov-now,not_serviceable,0,
amazon-now,380050,Ahmedabad,2026-06-30,2026-06-30-amzcov-now,not_serviceable,0,
amazon-now,380051,Ahmedabad,2026-06-30,2026-06-30-amzcov-now,not_serviceable,0,
amazon-now,380052,Ahmedabad,2026-06-30,2026-06-30-amzcov-now,not_serviceable,0,
amazon-now,380054,Ahmedabad,2026-06-30,2026-06-30-amzcov-now,not_serviceable,0,
amazon-now,380055,Ahmedabad,2026-06-30,2026-06-30-amzcov-now,not_serviceable,0,
amazon-now,380058,Ahmedabad,2026-06-30,2026-06-30-amzcov-now,not_serviceable,0,
amazon-now,380059,Ahmedabad,2026-06-30,2026-06-30-amzcov-now,not_serviceable,0,
amazon-now,380060,Ahmedabad,2026-06-30,2026-06-30-amzcov-now,not_serviceable,0,
amazon-now,380061,Ahmedabad,2026-06-30,2026-06-30-amzcov-now,not_serviceable,0,
amazon-now,380063,Ahmedabad,2026-06-30,2026-06-30-amzcov-now,not_serviceable,0,
amazon-now,382110,Ahmedabad,2026-06-30,2026-06-30-amzcov-now,not_serviceable,0,
amazon-now,382115,Ahmedabad,2026-06-30,2026-06-30-amzcov-now,not_serviceable,0,
amazon-now,382120,Ahmedabad,2026-06-30,2026-06-30-amzcov-now,not_serviceable,0,
amazon-now,382130,Ahmedabad,2026-06-30,2026-06-30-amzcov-now,not_serviceable,0,
amazon-now,382140,Ahmedabad,2026-06-30,2026-06-30-amzcov-now,not_serviceable,0,
amazon-now,382145,Ahmedabad,2026-06-30,2026-06-30-amzcov-now,not_serviceable,0,
amazon-now,382150,Ahmedabad,2026-06-30,2026-06-30-amzcov-now,not_serviceable,0,
amazon-now,382170,Ahmedabad,2026-06-30,2026-06-30-amzcov-now,not_serviceable,0,
amazon-now,382210,Ahmedabad,2026-06-30,2026-06-30-amzcov-now,not_serviceable,0,
amazon-now,382213,Ahmedabad,2026-06-30,2026-06-30-amzcov-now,not_serviceable,0,
amazon-now,382220,Ahmedabad,2026-06-30,2026-06-30-amzcov-now,not_serviceable,0,
amazon-now,382225,Ahmedabad,2026-06-30,2026-06-30-amzcov-now,not_serviceable,0,
amazon-now,382230,Ahmedabad,2026-06-30,2026-06-30-amzcov-now,not_serviceable,0,
amazon-now,382240,Ahmedabad,2026-06-30,2026-06-30-amzcov-now,not_serviceable,0,
amazon-now,382245,Ahmedabad,2026-06-30,2026-06-30-amzcov-now,not_serviceable,0,
amazon-now,382250,Ahmedabad,2026-06-30,2026-06-30-amzcov-now,not_serviceable,0,
amazon-now,382260,Ahmedabad,2026-06-30,2026-06-30-amzcov-now,not_serviceable,0,
amazon-now,382265,Ahmedabad,2026-06-30,2026-06-30-amzcov-now,not_serviceable,0,
amazon-now,382308,Ahmedabad,2026-06-30,2026-06-30-amzcov-now,not_serviceable,0,
amazon-now,382330,Ahmedabad,2026-06-30,2026-06-30-amzcov-now,not_serviceable,0,
amazon-now,382340,Ahmedabad,2026-06-30,2026-06-30-amzcov-now,not_serviceable,0,
amazon-now,382345,Ahmedabad,2026-06-30,2026-06-30-amzcov-now,not_serviceable,0,
amazon-now,382350,Ahmedabad,2026-06-30,2026-06-30-amzcov-now,not_serviceable,0,
amazon-now,382405,Ahmedabad,2026-06-30,2026-06-30-amzcov-now,not_serviceable,0,
amazon-now,382415,Ahmedabad,2026-06-30,2026-06-30-amzcov-now,not_serviceable,0,
amazon-now,382418,Ahmedabad,2026-06-30,2026-06-30-amzcov-now,not_serviceable,0,
amazon-now,382421,Ahmedabad,2026-06-30,2026-06-30-amzcov-now,not_serviceable,0,
amazon-now,382424,Ahmedabad,2026-06-30,2026-06-30-amzcov-now,not_serviceable,0,
amazon-now,382425,Ahmedabad,2026-06-30,2026-06-30-amzcov-now,not_serviceable,0,
amazon-now,382427,Ahmedabad,2026-06-30,2026-06-30-amzcov-now,not_serviceable,0,
amazon-now,382428,Ahmedabad,2026-06-30,2026-06-30-amzcov-now,price_captured,9,1299
amazon-now,382430,Ahmedabad,2026-06-30,2026-06-30-amzcov-now,not_serviceable,0,
amazon-now,382433,Ahmedabad,2026-06-30,2026-06-30-amzcov-now,not_serviceable,0,
amazon-now,382435,Ahmedabad,2026-06-30,2026-06-30-amzcov-now,not_serviceable,0,
amazon-now,382443,Ahmedabad,2026-06-30,2026-06-30-amzcov-now,not_serviceable,0,
amazon-now,382445,Ahmedabad,2026-06-30,2026-06-30-amzcov-now,not_serviceable,0,
amazon-now,382449,Ahmedabad,2026-06-30,2026-06-30-amzcov-now,not_serviceable,0,
amazon-now,382450,Ahmedabad,2026-06-30,2026-06-30-amzcov-now,not_serviceable,0,
amazon-now,382455,Ahmedabad,2026-06-30,2026-06-30-amzcov-now,not_serviceable,0,
amazon-now,382460,Ahmedabad,2026-06-30,2026-06-30-amzcov-now,not_serviceable,0,
amazon-now,382463,Ahmedabad,2026-06-30,2026-06-30-amzcov-now,not_serviceable,0,
amazon-now,382465,Ahmedabad,2026-06-30,2026-06-30-amzcov-now,not_serviceable,0,
amazon-now,382470,Ahmedabad,2026-06-30,2026-06-30-amzcov-now,not_serviceable,0,
amazon-now,382475,Ahmedabad,2026-06-30,2026-06-30-amzcov-now,not_serviceable,0,
amazon-now,382480,Ahmedabad,2026-06-30,2026-06-30-amzcov-now,not_serviceable,0,
amazon-now,382481,Ahmedabad,2026-06-30,2026-06-30-amzcov-now,not_serviceable,0,
amazon-now,382722,Ahmedabad,2026-06-30,2026-06-30-amzcov-now,not_serviceable,0,
amazon-now,390001,Vadodara,2026-06-30,2026-06-30-amzcov-now,not_serviceable,0,
amazon-now,390002,Vadodara,2026-06-30,2026-06-30-amzcov-now,not_serviceable,0,
amazon-now,390003,Vadodara,2026-06-30,2026-06-30-amzcov-now,not_serviceable,0,
amazon-now,390004,Vadodara,2026-06-30,2026-06-30-amzcov-now,not_serviceable,0,
amazon-now,390006,Vadodara,2026-06-30,2026-06-30-amzcov-now,not_serviceable,0,
amazon-now,390007,Vadodara,2026-06-30,2026-06-30-amzcov-now,not_serviceable,0,
amazon-now,390009,Vadodara,2026-06-30,2026-06-30-amzcov-now,not_serviceable,0,
amazon-now,390010,Vadodara,2026-06-30,2026-06-30-amzcov-now,not_serviceable,0,
amazon-now,390011,Vadodara,2026-06-30,2026-06-30-amzcov-now,not_serviceable,0,
amazon-now,390012,Vadodara,2026-06-30,2026-06-30-amzcov-now,not_serviceable,0,
amazon-now,390013,Vadodara,2026-06-30,2026-06-30-amzcov-now,not_serviceable,0,
amazon-now,390014,Vadodara,2026-06-30,2026-06-30-amzcov-now,not_serviceable,0,
amazon-now,390016,Vadodara,2026-06-30,2026-06-30-amzcov-now,not_serviceable,0,
amazon-now,390017,Vadodara,2026-06-30,2026-06-30-amzcov-now,not_serviceable,0,
amazon-now,390018,Vadodara,2026-06-30,2026-06-30-amzcov-now,not_serviceable,0,
amazon-now,390019,Vadodara,2026-06-30,2026-06-30-amzcov-now,not_serviceable,0,
amazon-now,390020,Vadodara,2026-06-30,2026-06-30-amzcov-now,not_serviceable,0,
amazon-now,390021,Vadodara,2026-06-30,2026-06-30-amzcov-now,not_serviceable,0,
amazon-now,390022,Vadodara,2026-06-30,2026-06-30-amzcov-now,not_serviceable,0,
amazon-now,390023,Vadodara,2026-06-30,2026-06-30-amzcov-now,not_serviceable,0,
amazon-now,390024,Vadodara,2026-06-30,2026-06-30-amzcov-now,not_serviceable,0,
amazon-now,390025,Vadodara,2026-06-30,2026-06-30-amzcov-now,not_serviceable,0,
amazon-now,391101,Vadodara,2026-06-30,2026-06-30-amzcov-now,not_serviceable,0,
amazon-now,391105,Vadodara,2026-06-30,2026-06-30-amzcov-now,not_serviceable,0,
amazon-now,391107,Vadodara,2026-06-30,2026-06-30-amzcov-now,not_serviceable,0,
amazon-now,391110,Vadodara,2026-06-30,2026-06-30-amzcov-now,not_serviceable,0,
amazon-now,391115,Vadodara,2026-06-30,2026-06-30-amzcov-now,not_serviceable,0,
amazon-now,391210,Vadodara,2026-06-30,2026-06-30-amzcov-now,not_serviceable,0,
amazon-now,391220,Vadodara,2026-06-30,2026-06-30-amzcov-now,not_serviceable,0,
amazon-now,391240,Vadodara,2026-06-30,2026-06-30-amzcov-now,not_serviceable,0,
amazon-now,391243,Vadodara,2026-06-30,2026-06-30-amzcov-now,not_serviceable,0,
amazon-now,391244,Vadodara,2026-06-30,2026-06-30-amzcov-now,not_serviceable,0,
amazon-now,391250,Vadodara,2026-06-30,2026-06-30-amzcov-now,not_serviceable,0,
amazon-now,391310,Vadodara,2026-06-30,2026-06-30-amzcov-now,not_serviceable,0,
amazon-now,391320,Vadodara,2026-06-30,2026-06-30-amzcov-now,not_serviceable,0,
amazon-now,391330,Vadodara,2026-06-30,2026-06-30-amzcov-now,not_serviceable,0,
amazon-now,391340,Vadodara,2026-06-30,2026-06-30-amzcov-now,not_serviceable,0,
amazon-now,391345,Vadodara,2026-06-30,2026-06-30-amzcov-now,not_serviceable,0,
amazon-now,391350,Vadodara,2026-06-30,2026-06-30-amzcov-now,not_serviceable,0,
amazon-now,391410,Vadodara,2026-06-30,2026-06-30-amzcov-now,not_serviceable,0,
amazon-now,391421,Vadodara,2026-06-30,2026-06-30-amzcov-now,not_serviceable,0,
amazon-now,391430,Vadodara,2026-06-30,2026-06-30-amzcov-now,not_serviceable,0,
amazon-now,391440,Vadodara,2026-06-30,2026-06-30-amzcov-now,not_serviceable,0,
amazon-now,391445,Vadodara,2026-06-30,2026-06-30-amzcov-now,not_serviceable,0,
amazon-now,391450,Vadodara,2026-06-30,2026-06-30-amzcov-now,not_serviceable,0,
amazon-now,391510,Vadodara,2026-06-30,2026-06-30-amzcov-now,not_serviceable,0,
amazon-now,391520,Vadodara,2026-06-30,2026-06-30-amzcov-now,not_serviceable,0,
amazon-now,391530,Vadodara,2026-06-30,2026-06-30-amzcov-now,not_serviceable,0,
amazon-now,391740,Vadodara,2026-06-30,2026-06-30-amzcov-now,not_serviceable,0,
amazon-now,391745,Vadodara,2026-06-30,2026-06-30-amzcov-now,not_serviceable,0,
amazon-now,391750,Vadodara,2026-06-30,2026-06-30-amzcov-now,not_serviceable,0,
amazon-now,391760,Vadodara,2026-06-30,2026-06-30-amzcov-now,not_serviceable,0,
amazon-now,391761,Vadodara,2026-06-30,2026-06-30-amzcov-now,not_serviceable,0,
amazon-now,391770,Vadodara,2026-06-30,2026-06-30-amzcov-now,not_serviceable,0,
amazon-now,391774,Vadodara,2026-06-30,2026-06-30-amzcov-now,not_serviceable,0,
amazon-now,391775,Vadodara,2026-06-30,2026-06-30-amzcov-now,not_serviceable,0,
amazon-now,391776,Vadodara,2026-06-30,2026-06-30-amzcov-now,not_serviceable,0,
amazon-now,391780,Vadodara,2026-06-30,2026-06-30-amzcov-now,not_serviceable,0,
amazon-now,392220,Vadodara,2026-06-30,2026-06-30-amzcov-now,not_serviceable,0,
amazon-now,392310,Vadodara,2026-06-30,2026-06-30-amzcov-now,not_serviceable,0,
amazon-now,393105,Vadodara,2026-06-30,2026-06-30-amzcov-now,not_serviceable,0,
amazon-now,394101,Surat,2026-06-30,2026-06-30-amzcov-now,not_serviceable,0,
amazon-now,394105,Surat,2026-06-30,2026-06-30-amzcov-now,not_serviceable,0,
amazon-now,394107,Surat,2026-06-30,2026-06-30-amzcov-now,not_serviceable,0,
amazon-now,394110,Surat,2026-06-30,2026-06-30-amzcov-now,not_serviceable,0,
amazon-now,394111,Surat,2026-06-30,2026-06-30-amzcov-now,not_serviceable,0,
amazon-now,394112,Surat,2026-06-30,2026-06-30-amzcov-now,not_serviceable,0,
amazon-now,394120,Surat,2026-06-30,2026-06-30-amzcov-now,not_serviceable,0,
amazon-now,394125,Surat,2026-06-30,2026-06-30-amzcov-now,not_serviceable,0,
amazon-now,394130,Surat,2026-06-30,2026-06-30-amzcov-now,not_serviceable,0,
amazon-now,394140,Surat,2026-06-30,2026-06-30-amzcov-now,not_serviceable,0,
amazon-now,394150,Surat,2026-06-30,2026-06-30-amzcov-now,not_serviceable,0,
amazon-now,394155,Surat,2026-06-30,2026-06-30-amzcov-now,not_serviceable,0,
amazon-now,394160,Surat,2026-06-30,2026-06-30-amzcov-now,not_serviceable,0,
amazon-now,394163,Surat,2026-06-30,2026-06-30-amzcov-now,not_serviceable,0,
amazon-now,394170,Surat,2026-06-30,2026-06-30-amzcov-now,not_serviceable,0,
amazon-now,394180,Surat,2026-06-30,2026-06-30-amzcov-now,not_serviceable,0,
amazon-now,394185,Surat,2026-06-30,2026-06-30-amzcov-now,not_serviceable,0,
amazon-now,394190,Surat,2026-06-30,2026-06-30-amzcov-now,not_serviceable,0,
amazon-now,394210,Surat,2026-06-30,2026-06-30-amzcov-now,not_serviceable,0,
amazon-now,394221,Surat,2026-06-30,2026-06-30-amzcov-now,not_serviceable,0,
amazon-now,394230,Surat,2026-06-30,2026-06-30-amzcov-now,not_serviceable,0,
amazon-now,394235,Surat,2026-06-30,2026-06-30-amzcov-now,not_serviceable,0,
amazon-now,394240,Surat,2026-06-30,2026-06-30-amzcov-now,not_serviceable,0,
amazon-now,394245,Surat,2026-06-30,2026-06-30-amzcov-now,not_serviceable,0,
amazon-now,394246,Surat,2026-06-30,2026-06-30-amzcov-now,not_serviceable,0,
amazon-now,394248,Surat,2026-06-30,2026-06-30-amzcov-now,not_serviceable,0,
amazon-now,394250,Surat,2026-06-30,2026-06-30-amzcov-now,not_serviceable,0,
amazon-now,394270,Surat,2026-06-30,2026-06-30-amzcov-now,not_serviceable,0,
amazon-now,394305,Surat,2026-06-30,2026-06-30-amzcov-now,not_serviceable,0,
amazon-now,394310,Surat,2026-06-30,2026-06-30-amzcov-now,not_serviceable,0,
amazon-now,394315,Surat,2026-06-30,2026-06-30-amzcov-now,not_serviceable,0,
amazon-now,394317,Surat,2026-06-30,2026-06-30-amzcov-now,not_serviceable,0,
amazon-now,394320,Surat,2026-06-30,2026-06-30-amzcov-now,not_serviceable,0,
amazon-now,394325,Surat,2026-06-30,2026-06-30-amzcov-now,not_serviceable,0,
amazon-now,394326,Surat,2026-06-30,2026-06-30-amzcov-now,not_serviceable,0,
amazon-now,394327,Surat,2026-06-30,2026-06-30-amzcov-now,not_serviceable,0,
amazon-now,394330,Surat,2026-06-30,2026-06-30-amzcov-now,not_serviceable,0,
amazon-now,394335,Surat,2026-06-30,2026-06-30-amzcov-now,not_serviceable,0,
amazon-now,394340,Surat,2026-06-30,2026-06-30-amzcov-now,not_serviceable,0,
amazon-now,394345,Surat,2026-06-30,2026-06-30-amzcov-now,not_serviceable,0,
amazon-now,394350,Surat,2026-06-30,2026-06-30-amzcov-now,not_serviceable,0,
amazon-now,394352,Surat,2026-06-30,2026-06-30-amzcov-now,not_serviceable,0,
amazon-now,394355,Surat,2026-06-30,2026-06-30-amzcov-now,not_serviceable,0,
amazon-now,394360,Surat,2026-06-30,2026-06-30-amzcov-now,not_serviceable,0,
amazon-now,394405,Surat,2026-06-30,2026-06-30-amzcov-now,not_serviceable,0,
amazon-now,394410,Surat,2026-06-30,2026-06-30-amzcov-now,not_serviceable,0,
amazon-now,394421,Surat,2026-06-30,2026-06-30-amzcov-now,not_serviceable,0,
amazon-now,394430,Surat,2026-06-30,2026-06-30-amzcov-now,not_serviceable,0,
amazon-now,394440,Surat,2026-06-30,2026-06-30-amzcov-now,not_serviceable,0,
amazon-now,394445,Surat,2026-06-30,2026-06-30-amzcov-now,not_serviceable,0,
amazon-now,394510,Surat,2026-06-30,2026-06-30-amzcov-now,not_serviceable,0,
amazon-now,394515,Surat,2026-06-30,2026-06-30-amzcov-now,not_serviceable,0,
amazon-now,394516,Surat,2026-06-30,2026-06-30-amzcov-now,not_serviceable,0,
amazon-now,394517,Surat,2026-06-30,2026-06-30-amzcov-now,not_serviceable,0,
amazon-now,394518,Surat,2026-06-30,2026-06-30-amzcov-now,not_serviceable,0,
amazon-now,394520,Surat,2026-06-30,2026-06-30-amzcov-now,not_serviceable,0,
amazon-now,394530,Surat,2026-06-30,2026-06-30-amzcov-now,not_serviceable,0,
amazon-now,394540,Surat,2026-06-30,2026-06-30-amzcov-now,not_serviceable,0,
amazon-now,394541,Surat,2026-06-30,2026-06-30-amzcov-now,not_serviceable,0,
amazon-now,394550,Surat,2026-06-30,2026-06-30-amzcov-now,not_serviceable,0,
amazon-now,394601,Surat,2026-06-30,2026-06-30-amzcov-now,not_serviceable,0,
amazon-now,394620,Surat,2026-06-30,2026-06-30-amzcov-now,not_serviceable,0,
amazon-now,394651,Surat,2026-06-30,2026-06-30-amzcov-now,not_serviceable,0,
amazon-now,395001,Surat,2026-06-30,2026-06-30-amzcov-now,not_serviceable,0,
amazon-now,395002,Surat,2026-06-30,2026-06-30-amzcov-now,not_serviceable,0,
amazon-now,395003,Surat,2026-06-30,2026-06-30-amzcov-now,not_serviceable,0,
amazon-now,395004,Surat,2026-06-30,2026-06-30-amzcov-now,not_serviceable,0,
amazon-now,395005,Surat,2026-06-30,2026-06-30-amzcov-now,not_serviceable,0,
amazon-now,395006,Surat,2026-06-30,2026-06-30-amzcov-now,not_serviceable,0,
amazon-now,395007,Surat,2026-06-30,2026-06-30-amzcov-now,not_serviceable,0,
amazon-now,395008,Surat,2026-06-30,2026-06-30-amzcov-now,not_serviceable,0,
amazon-now,395009,Surat,2026-06-30,2026-06-30-amzcov-now,not_serviceable,0,
amazon-now,395010,Surat,2026-06-30,2026-06-30-amzcov-now,not_serviceable,0,
amazon-now,395011,Surat,2026-06-30,2026-06-30-amzcov-now,not_serviceable,0,
amazon-now,395012,Surat,2026-06-30,2026-06-30-amzcov-now,not_serviceable,0,
amazon-now,395013,Surat,2026-06-30,2026-06-30-amzcov-now,not_serviceable,0,
amazon-now,395017,Surat,2026-06-30,2026-06-30-amzcov-now,not_serviceable,0,
amazon-now,395023,Surat,2026-06-30,2026-06-30-amzcov-now,not_serviceable,0,
amazon-now,396510,Surat,2026-06-30,2026-06-30-amzcov-now,not_serviceable,0,
amazon-now,400001,Mumbai,2026-06-30,2026-06-30-amzcov-now,not_serviceable,0,
amazon-now,400002,Mumbai,2026-06-30,2026-06-30-amzcov-now,not_serviceable,0,
amazon-now,400003,Mumbai,2026-06-30,2026-06-30-amzcov-now,not_serviceable,0,
amazon-now,400004,Mumbai,2026-06-30,2026-06-30-amzcov-now,not_serviceable,0,
amazon-now,400005,Mumbai,2026-06-30,2026-06-30-amzcov-now,not_serviceable,0,
amazon-now,400006,Mumbai,2026-06-30,2026-06-30-amzcov-now,not_serviceable,0,
amazon-now,400007,Mumbai,2026-06-30,2026-06-30-amzcov-now,not_serviceable,0,
amazon-now,400008,Mumbai,2026-06-30,2026-06-30-amzcov-now,not_serviceable,0,
amazon-now,400009,Mumbai,2026-06-30,2026-06-30-amzcov-now,not_serviceable,0,
amazon-now,400010,Mumbai,2026-06-30,2026-06-30-amzcov-now,not_serviceable,0,
amazon-now,400011,Mumbai,2026-06-30,2026-06-30-amzcov-now,not_serviceable,0,
amazon-now,400012,Mumbai,2026-06-30,2026-06-30-amzcov-now,not_serviceable,0,
amazon-now,400013,Mumbai,2026-06-30,2026-06-30-amzcov-now,not_serviceable,0,
amazon-now,400014,Mumbai,2026-06-30,2026-06-30-amzcov-now,not_serviceable,0,
amazon-now,400015,Mumbai,2026-06-30,2026-06-30-amzcov-now,not_serviceable,0,
amazon-now,400016,Mumbai,2026-06-30,2026-06-30-amzcov-now,not_serviceable,0,
amazon-now,400017,Mumbai,2026-06-30,2026-06-30-amzcov-now,not_serviceable,0,
amazon-now,400018,Mumbai,2026-06-30,2026-06-30-amzcov-now,not_serviceable,0,
amazon-now,400019,Mumbai,2026-06-30,2026-06-30-amzcov-now,not_serviceable,0,
amazon-now,400020,Mumbai,2026-06-30,2026-06-30-amzcov-now,not_serviceable,0,
amazon-now,400021,Mumbai,2026-06-30,2026-06-30-amzcov-now,not_serviceable,0,
amazon-now,400022,Mumbai,2026-06-30,2026-06-30-amzcov-now,not_serviceable,0,
amazon-now,400024,Mumbai,2026-06-30,2026-06-30-amzcov-now,not_serviceable,0,
amazon-now,400025,Mumbai,2026-06-30,2026-06-30-amzcov-now,not_serviceable,0,
amazon-now,400026,Mumbai,2026-06-30,2026-06-30-amzcov-now,not_serviceable,0,
amazon-now,400027,Mumbai,2026-06-30,2026-06-30-amzcov-now,not_serviceable,0,
amazon-now,400028,Mumbai,2026-06-30,2026-06-30-amzcov-now,not_serviceable,0,
amazon-now,400029,Mumbai,2026-06-30,2026-06-30-amzcov-now,not_serviceable,0,
amazon-now,400030,Mumbai,2026-06-30,2026-06-30-amzcov-now,not_serviceable,0,
amazon-now,400031,Mumbai,2026-06-30,2026-06-30-amzcov-now,not_serviceable,0,
amazon-now,400032,Mumbai,2026-06-30,2026-06-30-amzcov-now,not_serviceable,0,
amazon-now,400033,Mumbai,2026-06-30,2026-06-30-amzcov-now,not_serviceable,0,
amazon-now,400034,Mumbai,2026-06-30,2026-06-30-amzcov-now,not_serviceable,0,
amazon-now,400035,Mumbai,2026-06-30,2026-06-30-amzcov-now,not_serviceable,0,
amazon-now,400037,Mumbai,2026-06-30,2026-06-30-amzcov-now,not_serviceable,0,
amazon-now,400042,Mumbai,2026-06-30,2026-06-30-amzcov-now,not_serviceable,0,
amazon-now,400043,Mumbai,2026-06-30,2026-06-30-amzcov-now,not_serviceable,0,
amazon-now,400049,Mumbai,2026-06-30,2026-06-30-amzcov-now,not_serviceable,0,
amazon-now,400050,Mumbai,2026-06-30,2026-06-30-amzcov-now,not_serviceable,0,
amazon-now,400051,Mumbai,2026-06-30,2026-06-30-amzcov-now,not_serviceable,0,
amazon-now,400052,Mumbai,2026-06-30,2026-06-30-amzcov-now,not_serviceable,0,
amazon-now,400053,Mumbai,2026-06-30,2026-06-30-amzcov-now,not_serviceable,0,
amazon-now,400054,Mumbai,2026-06-30,2026-06-30-amzcov-now,not_serviceable,0,
amazon-now,400055,Mumbai,2026-06-30,2026-06-30-amzcov-now,not_serviceable,0,
amazon-now,400056,Mumbai,2026-06-30,2026-06-30-amzcov-now,not_serviceable,0,
amazon-now,400057,Mumbai,2026-06-30,2026-06-30-amzcov-now,not_serviceable,0,
amazon-now,400058,Mumbai,2026-06-30,2026-06-30-amzcov-now,price_captured,8,175
amazon-now,400059,Mumbai,2026-06-30,2026-06-30-amzcov-now,not_serviceable,0,
amazon-now,400060,Mumbai,2026-06-30,2026-06-30-amzcov-now,not_serviceable,0,
amazon-now,400061,Mumbai,2026-06-30,2026-06-30-amzcov-now,not_serviceable,0,
amazon-now,400063,Mumbai,2026-06-30,2026-06-30-amzcov-now,not_serviceable,0,
amazon-now,400064,Mumbai,2026-06-30,2026-06-30-amzcov-now,not_serviceable,0,
amazon-now,400065,Mumbai,2026-06-30,2026-06-30-amzcov-now,not_serviceable,0,
amazon-now,400066,Mumbai,2026-06-30,2026-06-30-amzcov-now,not_serviceable,0,
amazon-now,400067,Mumbai,2026-06-30,2026-06-30-amzcov-now,price_captured,5,559
amazon-now,400068,Mumbai,2026-06-30,2026-06-30-amzcov-now,not_serviceable,0,
amazon-now,400069,Mumbai,2026-06-30,2026-06-30-amzcov-now,not_serviceable,0,
amazon-now,400070,Mumbai,2026-06-30,2026-06-30-amzcov-now,not_serviceable,0,
amazon-now,400071,Mumbai,2026-06-30,2026-06-30-amzcov-now,not_serviceable,0,
amazon-now,400072,Mumbai,2026-06-30,2026-06-30-amzcov-now,price_captured,5,236
amazon-now,400074,Mumbai,2026-06-30,2026-06-30-amzcov-now,not_serviceable,0,
amazon-now,400075,Mumbai,2026-06-30,2026-06-30-amzcov-now,price_captured,10,831
amazon-now,400076,Mumbai,2026-06-30,2026-06-30-amzcov-now,not_serviceable,0,
amazon-now,400077,Mumbai,2026-06-30,2026-06-30-amzcov-now,price_captured,10,831
amazon-now,400078,Mumbai,2026-06-30,2026-06-30-amzcov-now,not_serviceable,0,
amazon-now,400079,Mumbai,2026-06-30,2026-06-30-amzcov-now,not_serviceable,0,
amazon-now,400080,Mumbai,2026-06-30,2026-06-30-amzcov-now,not_serviceable,0,
amazon-now,400081,Mumbai,2026-06-30,2026-06-30-amzcov-now,not_serviceable,0,
amazon-now,400082,Mumbai,2026-06-30,2026-06-30-amzcov-now,not_serviceable,0,
amazon-now,400083,Mumbai,2026-06-30,2026-06-30-amzcov-now,not_serviceable,0,
amazon-now,400084,Mumbai,2026-06-30,2026-06-30-amzcov-now,not_serviceable,0,
amazon-now,400085,Mumbai,2026-06-30,2026-06-30-amzcov-now,price_captured,3,236
amazon-now,400086,Mumbai,2026-06-30,2026-06-30-amzcov-now,not_serviceable,0,
amazon-now,400087,Mumbai,2026-06-30,2026-06-30-amzcov-now,not_serviceable,0,
amazon-now,400088,Mumbai,2026-06-30,2026-06-30-amzcov-now,price_captured,3,236
amazon-now,400089,Mumbai,2026-06-30,2026-06-30-amzcov-now,price_captured,9,175
amazon-now,400091,Mumbai,2026-06-30,2026-06-30-amzcov-now,not_serviceable,0,
amazon-now,400092,Mumbai,2026-06-30,2026-06-30-amzcov-now,not_serviceable,0,
amazon-now,400093,Mumbai,2026-06-30,2026-06-30-amzcov-now,not_serviceable,0,
amazon-now,400094,Mumbai,2026-06-30,2026-06-30-amzcov-now,not_serviceable,0,
amazon-now,400095,Mumbai,2026-06-30,2026-06-30-amzcov-now,not_serviceable,0,
amazon-now,400096,Mumbai,2026-06-30,2026-06-30-amzcov-now,not_serviceable,0,
amazon-now,400097,Mumbai,2026-06-30,2026-06-30-amzcov-now,not_serviceable,0,
amazon-now,400098,Mumbai,2026-06-30,2026-06-30-amzcov-now,not_serviceable,0,
amazon-now,400099,Mumbai,2026-06-30,2026-06-30-amzcov-now,not_serviceable,0,
amazon-now,400101,Mumbai,2026-06-30,2026-06-30-amzcov-now,price_captured,7,175
amazon-now,400102,Mumbai,2026-06-30,2026-06-30-amzcov-now,price_captured,8,175
amazon-now,400103,Mumbai,2026-06-30,2026-06-30-amzcov-now,not_serviceable,0,
amazon-now,400104,Mumbai,2026-06-30,2026-06-30-amzcov-now,not_serviceable,0,
amazon-now,410301,Pune,2026-06-30,2026-06-30-amzcov-now,not_serviceable,0,
amazon-now,410302,Pune,2026-06-30,2026-06-30-amzcov-now,not_serviceable,0,
amazon-now,410401,Pune,2026-06-30,2026-06-30-amzcov-now,not_serviceable,0,
amazon-now,410402,Pune,2026-06-30,2026-06-30-amzcov-now,not_serviceable,0,
amazon-now,410403,Pune,2026-06-30,2026-06-30-amzcov-now,not_serviceable,0,
amazon-now,410405,Pune,2026-06-30,2026-06-30-amzcov-now,not_serviceable,0,
amazon-now,410406,Pune,2026-06-30,2026-06-30-amzcov-now,not_serviceable,0,
amazon-now,410501,Pune,2026-06-30,2026-06-30-amzcov-now,not_serviceable,0,
amazon-now,410502,Pune,2026-06-30,2026-06-30-amzcov-now,not_serviceable,0,
amazon-now,410503,Pune,2026-06-30,2026-06-30-amzcov-now,not_serviceable,0,
amazon-now,410504,Pune,2026-06-30,2026-06-30-amzcov-now,not_serviceable,0,
amazon-now,410505,Pune,2026-06-30,2026-06-30-amzcov-now,not_serviceable,0,
amazon-now,410506,Pune,2026-06-30,2026-06-30-amzcov-now,not_serviceable,0,
amazon-now,410507,Pune,2026-06-30,2026-06-30-amzcov-now,not_serviceable,0,
amazon-now,410508,Pune,2026-06-30,2026-06-30-amzcov-now,not_serviceable,0,
amazon-now,410509,Pune,2026-06-30,2026-06-30-amzcov-now,not_serviceable,0,
amazon-now,410510,Pune,2026-06-30,2026-06-30-amzcov-now,not_serviceable,0,
amazon-now,410511,Pune,2026-06-30,2026-06-30-amzcov-now,not_serviceable,0,
amazon-now,410512,Pune,2026-06-30,2026-06-30-amzcov-now,not_serviceable,0,
amazon-now,410513,Pune,2026-06-30,2026-06-30-amzcov-now,not_serviceable,0,
amazon-now,410515,Pune,2026-06-30,2026-06-30-amzcov-now,not_serviceable,0,
amazon-now,410516,Pune,2026-06-30,2026-06-30-amzcov-now,not_serviceable,0,
amazon-now,411001,Pune,2026-06-30,2026-06-30-amzcov-now,not_serviceable,0,
amazon-now,411002,Pune,2026-06-30,2026-06-30-amzcov-now,not_serviceable,0,
amazon-now,411003,Pune,2026-06-30,2026-06-30-amzcov-now,not_serviceable,0,
amazon-now,411004,Pune,2026-06-30,2026-06-30-amzcov-now,not_serviceable,0,
amazon-now,411005,Pune,2026-06-30,2026-06-30-amzcov-now,not_serviceable,0,
amazon-now,411006,Pune,2026-06-30,2026-06-30-amzcov-now,not_serviceable,0,
amazon-now,411007,Pune,2026-06-30,2026-06-30-amzcov-now,not_serviceable,0,
amazon-now,411008,Pune,2026-06-30,2026-06-30-amzcov-now,not_serviceable,0,
amazon-now,411009,Pune,2026-06-30,2026-06-30-amzcov-now,not_serviceable,0,
amazon-now,411011,Pune,2026-06-30,2026-06-30-amzcov-now,not_serviceable,0,
amazon-now,411012,Pune,2026-06-30,2026-06-30-amzcov-now,not_serviceable,0,
amazon-now,411013,Pune,2026-06-30,2026-06-30-amzcov-now,not_serviceable,0,
amazon-now,411014,Pune,2026-06-30,2026-06-30-amzcov-now,not_serviceable,0,
amazon-now,411015,Pune,2026-06-30,2026-06-30-amzcov-now,not_serviceable,0,
amazon-now,411016,Pune,2026-06-30,2026-06-30-amzcov-now,not_serviceable,0,
amazon-now,411017,Pune,2026-06-30,2026-06-30-amzcov-now,not_serviceable,0,
amazon-now,411018,Pune,2026-06-30,2026-06-30-amzcov-now,not_serviceable,0,
amazon-now,411019,Pune,2026-06-30,2026-06-30-amzcov-now,not_serviceable,0,
amazon-now,411020,Pune,2026-06-30,2026-06-30-amzcov-now,not_serviceable,0,
amazon-now,411021,Pune,2026-06-30,2026-06-30-amzcov-now,not_serviceable,0,
amazon-now,411022,Pune,2026-06-30,2026-06-30-amzcov-now,not_serviceable,0,
amazon-now,411023,Pune,2026-06-30,2026-06-30-amzcov-now,not_serviceable,0,
amazon-now,411024,Pune,2026-06-30,2026-06-30-amzcov-now,not_serviceable,0,
amazon-now,411025,Pune,2026-06-30,2026-06-30-amzcov-now,not_serviceable,0,
amazon-now,411026,Pune,2026-06-30,2026-06-30-amzcov-now,not_serviceable,0,
amazon-now,411027,Pune,2026-06-30,2026-06-30-amzcov-now,not_serviceable,0,
amazon-now,411028,Pune,2026-06-30,2026-06-30-amzcov-now,not_serviceable,0,
amazon-now,411030,Pune,2026-06-30,2026-06-30-amzcov-now,not_serviceable,0,
amazon-now,411031,Pune,2026-06-30,2026-06-30-amzcov-now,not_serviceable,0,
amazon-now,411032,Pune,2026-06-30,2026-06-30-amzcov-now,not_serviceable,0,
amazon-now,411033,Pune,2026-06-30,2026-06-30-amzcov-now,not_serviceable,0,
amazon-now,411034,Pune,2026-06-30,2026-06-30-amzcov-now,not_serviceable,0,
amazon-now,411035,Pune,2026-06-30,2026-06-30-amzcov-now,not_serviceable,0,
amazon-now,411036,Pune,2026-06-30,2026-06-30-amzcov-now,not_serviceable,0,
amazon-now,411037,Pune,2026-06-30,2026-06-30-amzcov-now,not_serviceable,0,
amazon-now,411038,Pune,2026-06-30,2026-06-30-amzcov-now,not_serviceable,0,
amazon-now,411039,Pune,2026-06-30,2026-06-30-amzcov-now,not_serviceable,0,
amazon-now,411040,Pune,2026-06-30,2026-06-30-amzcov-now,not_serviceable,0,
amazon-now,411041,Pune,2026-06-30,2026-06-30-amzcov-now,not_serviceable,0,
amazon-now,411042,Pune,2026-06-30,2026-06-30-amzcov-now,not_serviceable,0,
amazon-now,411043,Pune,2026-06-30,2026-06-30-amzcov-now,not_serviceable,0,
amazon-now,411044,Pune,2026-06-30,2026-06-30-amzcov-now,not_serviceable,0,
amazon-now,411045,Pune,2026-06-30,2026-06-30-amzcov-now,not_serviceable,0,
amazon-now,411046,Pune,2026-06-30,2026-06-30-amzcov-now,not_serviceable,0,
amazon-now,411047,Pune,2026-06-30,2026-06-30-amzcov-now,not_serviceable,0,
amazon-now,411048,Pune,2026-06-30,2026-06-30-amzcov-now,not_serviceable,0,
amazon-now,411051,Pune,2026-06-30,2026-06-30-amzcov-now,not_serviceable,0,
amazon-now,411052,Pune,2026-06-30,2026-06-30-amzcov-now,not_serviceable,0,
amazon-now,411057,Pune,2026-06-30,2026-06-30-amzcov-now,price_captured,10,181
amazon-now,411058,Pune,2026-06-30,2026-06-30-amzcov-now,not_serviceable,0,
amazon-now,411060,Pune,2026-06-30,2026-06-30-amzcov-now,not_serviceable,0,
amazon-now,411061,Pune,2026-06-30,2026-06-30-amzcov-now,not_serviceable,0,
amazon-now,411062,Pune,2026-06-30,2026-06-30-amzcov-now,not_serviceable,0,
amazon-now,411067,Pune,2026-06-30,2026-06-30-amzcov-now,not_serviceable,0,
amazon-now,411068,Pune,2026-06-30,2026-06-30-amzcov-now,not_serviceable,0,
amazon-now,411069,Pune,2026-06-30,2026-06-30-amzcov-now,not_serviceable,0,
amazon-now,412101,Pune,2026-06-30,2026-06-30-amzcov-now,not_serviceable,0,
amazon-now,412102,Pune,2026-06-30,2026-06-30-amzcov-now,not_serviceable,0,
amazon-now,412103,Pune,2026-06-30,2026-06-30-amzcov-now,not_serviceable,0,
amazon-now,412104,Pune,2026-06-30,2026-06-30-amzcov-now,not_serviceable,0,
amazon-now,412105,Pune,2026-06-30,2026-06-30-amzcov-now,not_serviceable,0,
amazon-now,412106,Pune,2026-06-30,2026-06-30-amzcov-now,not_serviceable,0,
amazon-now,412107,Pune,2026-06-30,2026-06-30-amzcov-now,not_serviceable,0,
amazon-now,412108,Pune,2026-06-30,2026-06-30-amzcov-now,not_serviceable,0,
amazon-now,412109,Pune,2026-06-30,2026-06-30-amzcov-now,not_serviceable,0,
amazon-now,412110,Pune,2026-06-30,2026-06-30-amzcov-now,not_serviceable,0,
amazon-now,412112,Pune,2026-06-30,2026-06-30-amzcov-now,not_serviceable,0,
amazon-now,412115,Pune,2026-06-30,2026-06-30-amzcov-now,not_serviceable,0,
amazon-now,412201,Pune,2026-06-30,2026-06-30-amzcov-now,not_serviceable,0,
amazon-now,412202,Pune,2026-06-30,2026-06-30-amzcov-now,not_serviceable,0,
amazon-now,412203,Pune,2026-06-30,2026-06-30-amzcov-now,not_serviceable,0,
amazon-now,412204,Pune,2026-06-30,2026-06-30-amzcov-now,not_serviceable,0,
amazon-now,412205,Pune,2026-06-30,2026-06-30-amzcov-now,not_serviceable,0,
amazon-now,412206,Pune,2026-06-30,2026-06-30-amzcov-now,not_serviceable,0,
amazon-now,412207,Pune,2026-06-30,2026-06-30-amzcov-now,not_serviceable,0,
amazon-now,412208,Pune,2026-06-30,2026-06-30-amzcov-now,not_serviceable,0,
amazon-now,412209,Pune,2026-06-30,2026-06-30-amzcov-now,not_serviceable,0,
amazon-now,412210,Pune,2026-06-30,2026-06-30-amzcov-now,not_serviceable,0,
amazon-now,412211,Pune,2026-06-30,2026-06-30-amzcov-now,not_serviceable,0,
amazon-now,412212,Pune,2026-06-30,2026-06-30-amzcov-now,not_serviceable,0,
amazon-now,412213,Pune,2026-06-30,2026-06-30-amzcov-now,not_serviceable,0,
amazon-now,412214,Pune,2026-06-30,2026-06-30-amzcov-now,not_serviceable,0,
amazon-now,412215,Pune,2026-06-30,2026-06-30-amzcov-now,not_serviceable,0,
amazon-now,412216,Pune,2026-06-30,2026-06-30-amzcov-now,not_serviceable,0,
amazon-now,412218,Pune,2026-06-30,2026-06-30-amzcov-now,not_serviceable,0,
amazon-now,412219,Pune,2026-06-30,2026-06-30-amzcov-now,not_serviceable,0,
amazon-now,412220,Pune,2026-06-30,2026-06-30-amzcov-now,not_serviceable,0,
amazon-now,412301,Pune,2026-06-30,2026-06-30-amzcov-now,not_serviceable,0,
amazon-now,412303,Pune,2026-06-30,2026-06-30-amzcov-now,not_serviceable,0,
amazon-now,412304,Pune,2026-06-30,2026-06-30-amzcov-now,not_serviceable,0,
amazon-now,412305,Pune,2026-06-30,2026-06-30-amzcov-now,not_serviceable,0,
amazon-now,412306,Pune,2026-06-30,2026-06-30-amzcov-now,not_serviceable,0,
amazon-now,412307,Pune,2026-06-30,2026-06-30-amzcov-now,not_serviceable,0,
amazon-now,412308,Pune,2026-06-30,2026-06-30-amzcov-now,not_serviceable,0,
amazon-now,412311,Pune,2026-06-30,2026-06-30-amzcov-now,not_serviceable,0,
amazon-now,412312,Pune,2026-06-30,2026-06-30-amzcov-now,not_serviceable,0,
amazon-now,412401,Pune,2026-06-30,2026-06-30-amzcov-now,not_serviceable,0,
amazon-now,412402,Pune,2026-06-30,2026-06-30-amzcov-now,not_serviceable,0,
amazon-now,412403,Pune,2026-06-30,2026-06-30-amzcov-now,not_serviceable,0,
amazon-now,412404,Pune,2026-06-30,2026-06-30-amzcov-now,not_serviceable,0,
amazon-now,412405,Pune,2026-06-30,2026-06-30-amzcov-now,not_serviceable,0,
amazon-now,412406,Pune,2026-06-30,2026-06-30-amzcov-now,not_serviceable,0,
amazon-now,412408,Pune,2026-06-30,2026-06-30-amzcov-now,not_serviceable,0,
amazon-now,412409,Pune,2026-06-30,2026-06-30-amzcov-now,not_serviceable,0,
amazon-now,412410,Pune,2026-06-30,2026-06-30-amzcov-now,not_serviceable,0,
amazon-now,412411,Pune,2026-06-30,2026-06-30-amzcov-now,not_serviceable,0,
amazon-now,412412,Pune,2026-06-30,2026-06-30-amzcov-now,not_serviceable,0,
amazon-now,413102,Pune,2026-06-30,2026-06-30-amzcov-now,not_serviceable,0,
amazon-now,413103,Pune,2026-06-30,2026-06-30-amzcov-now,not_serviceable,0,
amazon-now,413104,Pune,2026-06-30,2026-06-30-amzcov-now,not_serviceable,0,
amazon-now,413105,Pune,2026-06-30,2026-06-30-amzcov-now,not_serviceable,0,
amazon-now,413106,Pune,2026-06-30,2026-06-30-amzcov-now,not_serviceable,0,
amazon-now,413110,Pune,2026-06-30,2026-06-30-amzcov-now,not_serviceable,0,
amazon-now,413114,Pune,2026-06-30,2026-06-30-amzcov-now,not_serviceable,0,
amazon-now,413115,Pune,2026-06-30,2026-06-30-amzcov-now,not_serviceable,0,
amazon-now,413116,Pune,2026-06-30,2026-06-30-amzcov-now,not_serviceable,0,
amazon-now,413120,Pune,2026-06-30,2026-06-30-amzcov-now,not_serviceable,0,
amazon-now,413130,Pune,2026-06-30,2026-06-30-amzcov-now,not_serviceable,0,
amazon-now,413132,Pune,2026-06-30,2026-06-30-amzcov-now,not_serviceable,0,
amazon-now,413133,Pune,2026-06-30,2026-06-30-amzcov-now,not_serviceable,0,
amazon-now,413211,Pune,2026-06-30,2026-06-30-amzcov-now,not_serviceable,0,
amazon-now,413801,Pune,2026-06-30,2026-06-30-amzcov-now,not_serviceable,0,
amazon-now,413802,Pune,2026-06-30,2026-06-30-amzcov-now,not_serviceable,0,
amazon-now,422001,Nashik,2026-06-30,2026-06-30-amzcov-now,not_serviceable,0,
amazon-now,422002,Nashik,2026-06-30,2026-06-30-amzcov-now,not_serviceable,0,
amazon-now,422003,Nashik,2026-06-30,2026-06-30-amzcov-now,not_serviceable,0,
amazon-now,422004,Nashik,2026-06-30,2026-06-30-amzcov-now,not_serviceable,0,
amazon-now,422005,Nashik,2026-06-30,2026-06-30-amzcov-now,not_serviceable,0,
amazon-now,422006,Nashik,2026-06-30,2026-06-30-amzcov-now,not_serviceable,0,
amazon-now,422007,Nashik,2026-06-30,2026-06-30-amzcov-now,not_serviceable,0,
amazon-now,422008,Nashik,2026-06-30,2026-06-30-amzcov-now,not_serviceable,0,
amazon-now,422009,Nashik,2026-06-30,2026-06-30-amzcov-now,not_serviceable,0,
amazon-now,422010,Nashik,2026-06-30,2026-06-30-amzcov-now,not_serviceable,0,
amazon-now,422011,Nashik,2026-06-30,2026-06-30-amzcov-now,not_serviceable,0,
amazon-now,422012,Nashik,2026-06-30,2026-06-30-amzcov-now,not_serviceable,0,
amazon-now,422013,Nashik,2026-06-30,2026-06-30-amzcov-now,not_serviceable,0,
amazon-now,422101,Nashik,2026-06-30,2026-06-30-amzcov-now,not_serviceable,0,
amazon-now,422102,Nashik,2026-06-30,2026-06-30-amzcov-now,not_serviceable,0,
amazon-now,422103,Nashik,2026-06-30,2026-06-30-amzcov-now,not_serviceable,0,
amazon-now,422104,Nashik,2026-06-30,2026-06-30-amzcov-now,not_serviceable,0,
amazon-now,422105,Nashik,2026-06-30,2026-06-30-amzcov-now,not_serviceable,0,
amazon-now,422112,Nashik,2026-06-30,2026-06-30-amzcov-now,not_serviceable,0,
amazon-now,422113,Nashik,2026-06-30,2026-06-30-amzcov-now,not_serviceable,0,
amazon-now,422201,Nashik,2026-06-30,2026-06-30-amzcov-now,not_serviceable,0,
amazon-now,422202,Nashik,2026-06-30,2026-06-30-amzcov-now,not_serviceable,0,
amazon-now,422203,Nashik,2026-06-30,2026-06-30-amzcov-now,not_serviceable,0,
amazon-now,422204,Nashik,2026-06-30,2026-06-30-amzcov-now,not_serviceable,0,
amazon-now,422205,Nashik,2026-06-30,2026-06-30-amzcov-now,not_serviceable,0,
amazon-now,422206,Nashik,2026-06-30,2026-06-30-amzcov-now,not_serviceable,0,
amazon-now,422207,Nashik,2026-06-30,2026-06-30-amzcov-now,not_serviceable,0,
amazon-now,422208,Nashik,2026-06-30,2026-06-30-amzcov-now,not_serviceable,0,
amazon-now,422209,Nashik,2026-06-30,2026-06-30-amzcov-now,not_serviceable,0,
amazon-now,422210,Nashik,2026-06-30,2026-06-30-amzcov-now,not_serviceable,0,
amazon-now,422211,Nashik,2026-06-30,2026-06-30-amzcov-now,not_serviceable,0,
amazon-now,422212,Nashik,2026-06-30,2026-06-30-amzcov-now,not_serviceable,0,
amazon-now,422213,Nashik,2026-06-30,2026-06-30-amzcov-now,not_serviceable,0,
amazon-now,422214,Nashik,2026-06-30,2026-06-30-amzcov-now,not_serviceable,0,
amazon-now,422215,Nashik,2026-06-30,2026-06-30-amzcov-now,not_serviceable,0,
amazon-now,422221,Nashik,2026-06-30,2026-06-30-amzcov-now,not_serviceable,0,
amazon-now,422222,Nashik,2026-06-30,2026-06-30-amzcov-now,not_serviceable,0,
amazon-now,422301,Nashik,2026-06-30,2026-06-30-amzcov-now,not_serviceable,0,
amazon-now,422302,Nashik,2026-06-30,2026-06-30-amzcov-now,not_serviceable,0,
amazon-now,422303,Nashik,2026-06-30,2026-06-30-amzcov-now,not_serviceable,0,
amazon-now,422304,Nashik,2026-06-30,2026-06-30-amzcov-now,not_serviceable,0,
amazon-now,422305,Nashik,2026-06-30,2026-06-30-amzcov-now,not_serviceable,0,
amazon-now,422306,Nashik,2026-06-30,2026-06-30-amzcov-now,not_serviceable,0,
amazon-now,422308,Nashik,2026-06-30,2026-06-30-amzcov-now,not_serviceable,0,
amazon-now,422401,Nashik,2026-06-30,2026-06-30-amzcov-now,not_serviceable,0,
amazon-now,422402,Nashik,2026-06-30,2026-06-30-amzcov-now,not_serviceable,0,
amazon-now,422403,Nashik,2026-06-30,2026-06-30-amzcov-now,not_serviceable,0,
amazon-now,422501,Nashik,2026-06-30,2026-06-30-amzcov-now,not_serviceable,0,
amazon-now,422502,Nashik,2026-06-30,2026-06-30-amzcov-now,not_serviceable,0,
amazon-now,422606,Nashik,2026-06-30,2026-06-30-amzcov-now,not_serviceable,0,
amazon-now,423101,Nashik,2026-06-30,2026-06-30-amzcov-now,not_serviceable,0,
amazon-now,423102,Nashik,2026-06-30,2026-06-30-amzcov-now,not_serviceable,0,
amazon-now,423104,Nashik,2026-06-30,2026-06-30-amzcov-now,not_serviceable,0,
amazon-now,423105,Nashik,2026-06-30,2026-06-30-amzcov-now,not_serviceable,0,
amazon-now,423106,Nashik,2026-06-30,2026-06-30-amzcov-now,not_serviceable,0,
amazon-now,423108,Nashik,2026-06-30,2026-06-30-amzcov-now,not_serviceable,0,
amazon-now,423110,Nashik,2026-06-30,2026-06-30-amzcov-now,not_serviceable,0,
amazon-now,423111,Nashik,2026-06-30,2026-06-30-amzcov-now,not_serviceable,0,
amazon-now,423117,Nashik,2026-06-30,2026-06-30-amzcov-now,not_serviceable,0,
amazon-now,423201,Nashik,2026-06-30,2026-06-30-amzcov-now,not_serviceable,0,
amazon-now,423202,Nashik,2026-06-30,2026-06-30-amzcov-now,not_serviceable,0,
amazon-now,423203,Nashik,2026-06-30,2026-06-30-amzcov-now,not_serviceable,0,
amazon-now,423204,Nashik,2026-06-30,2026-06-30-amzcov-now,not_serviceable,0,
amazon-now,423205,Nashik,2026-06-30,2026-06-30-amzcov-now,not_serviceable,0,
amazon-now,423206,Nashik,2026-06-30,2026-06-30-amzcov-now,not_serviceable,0,
amazon-now,423208,Nashik,2026-06-30,2026-06-30-amzcov-now,not_serviceable,0,
amazon-now,423212,Nashik,2026-06-30,2026-06-30-amzcov-now,not_serviceable,0,
amazon-now,423213,Nashik,2026-06-30,2026-06-30-amzcov-now,not_serviceable,0,
amazon-now,423301,Nashik,2026-06-30,2026-06-30-amzcov-now,not_serviceable,0,
amazon-now,423302,Nashik,2026-06-30,2026-06-30-amzcov-now,not_serviceable,0,
amazon-now,423303,Nashik,2026-06-30,2026-06-30-amzcov-now,not_serviceable,0,
amazon-now,423401,Nashik,2026-06-30,2026-06-30-amzcov-now,not_serviceable,0,
amazon-now,423402,Nashik,2026-06-30,2026-06-30-amzcov-now,not_serviceable,0,
amazon-now,423403,Nashik,2026-06-30,2026-06-30-amzcov-now,not_serviceable,0,
amazon-now,423501,Nashik,2026-06-30,2026-06-30-amzcov-now,not_serviceable,0,
amazon-now,423502,Nashik,2026-06-30,2026-06-30-amzcov-now,not_serviceable,0,
amazon-now,424109,Nashik,2026-06-30,2026-06-30-amzcov-now,not_serviceable,0,
amazon-now,440001,Nagpur,2026-06-30,2026-06-30-amzcov-now,not_serviceable,0,
amazon-now,440002,Nagpur,2026-06-30,2026-06-30-amzcov-now,not_serviceable,0,
amazon-now,440003,Nagpur,2026-06-30,2026-06-30-amzcov-now,not_serviceable,0,
amazon-now,440005,Nagpur,2026-06-30,2026-06-30-amzcov-now,not_serviceable,0,
amazon-now,440006,Nagpur,2026-06-30,2026-06-30-amzcov-now,not_serviceable,0,
amazon-now,440007,Nagpur,2026-06-30,2026-06-30-amzcov-now,not_serviceable,0,
amazon-now,440008,Nagpur,2026-06-30,2026-06-30-amzcov-now,not_serviceable,0,
amazon-now,440010,Nagpur,2026-06-30,2026-06-30-amzcov-now,not_serviceable,0,
amazon-now,440012,Nagpur,2026-06-30,2026-06-30-amzcov-now,not_serviceable,0,
amazon-now,440013,Nagpur,2026-06-30,2026-06-30-amzcov-now,not_serviceable,0,
amazon-now,440014,Nagpur,2026-06-30,2026-06-30-amzcov-now,not_serviceable,0,
amazon-now,440015,Nagpur,2026-06-30,2026-06-30-amzcov-now,not_serviceable,0,
amazon-now,440016,Nagpur,2026-06-30,2026-06-30-amzcov-now,not_serviceable,0,
amazon-now,440017,Nagpur,2026-06-30,2026-06-30-amzcov-now,not_serviceable,0,
amazon-now,440018,Nagpur,2026-06-30,2026-06-30-amzcov-now,not_serviceable,0,
amazon-now,440019,Nagpur,2026-06-30,2026-06-30-amzcov-now,not_serviceable,0,
amazon-now,440020,Nagpur,2026-06-30,2026-06-30-amzcov-now,not_serviceable,0,
amazon-now,440021,Nagpur,2026-06-30,2026-06-30-amzcov-now,not_serviceable,0,
amazon-now,440022,Nagpur,2026-06-30,2026-06-30-amzcov-now,not_serviceable,0,
amazon-now,440023,Nagpur,2026-06-30,2026-06-30-amzcov-now,not_serviceable,0,
amazon-now,440024,Nagpur,2026-06-30,2026-06-30-amzcov-now,not_serviceable,0,
amazon-now,440025,Nagpur,2026-06-30,2026-06-30-amzcov-now,not_serviceable,0,
amazon-now,440026,Nagpur,2026-06-30,2026-06-30-amzcov-now,not_serviceable,0,
amazon-now,440027,Nagpur,2026-06-30,2026-06-30-amzcov-now,not_serviceable,0,
amazon-now,440030,Nagpur,2026-06-30,2026-06-30-amzcov-now,not_serviceable,0,
amazon-now,440032,Nagpur,2026-06-30,2026-06-30-amzcov-now,not_serviceable,0,
amazon-now,440033,Nagpur,2026-06-30,2026-06-30-amzcov-now,not_serviceable,0,
amazon-now,440034,Nagpur,2026-06-30,2026-06-30-amzcov-now,not_serviceable,0,
amazon-now,440035,Nagpur,2026-06-30,2026-06-30-amzcov-now,not_serviceable,0,
amazon-now,440036,Nagpur,2026-06-30,2026-06-30-amzcov-now,not_serviceable,0,
amazon-now,440037,Nagpur,2026-06-30,2026-06-30-amzcov-now,not_serviceable,0,
amazon-now,441001,Nagpur,2026-06-30,2026-06-30-amzcov-now,not_serviceable,0,
amazon-now,441101,Nagpur,2026-06-30,2026-06-30-amzcov-now,not_serviceable,0,
amazon-now,441102,Nagpur,2026-06-30,2026-06-30-amzcov-now,not_serviceable,0,
amazon-now,441103,Nagpur,2026-06-30,2026-06-30-amzcov-now,not_serviceable,0,
amazon-now,441104,Nagpur,2026-06-30,2026-06-30-amzcov-now,not_serviceable,0,
amazon-now,441105,Nagpur,2026-06-30,2026-06-30-amzcov-now,not_serviceable,0,
amazon-now,441106,Nagpur,2026-06-30,2026-06-30-amzcov-now,not_serviceable,0,
amazon-now,441107,Nagpur,2026-06-30,2026-06-30-amzcov-now,not_serviceable,0,
amazon-now,441108,Nagpur,2026-06-30,2026-06-30-amzcov-now,not_serviceable,0,
amazon-now,441109,Nagpur,2026-06-30,2026-06-30-amzcov-now,not_serviceable,0,
amazon-now,441110,Nagpur,2026-06-30,2026-06-30-amzcov-now,not_serviceable,0,
amazon-now,441111,Nagpur,2026-06-30,2026-06-30-amzcov-now,not_serviceable,0,
amazon-now,441112,Nagpur,2026-06-30,2026-06-30-amzcov-now,not_serviceable,0,
amazon-now,441113,Nagpur,2026-06-30,2026-06-30-amzcov-now,not_serviceable,0,
amazon-now,441122,Nagpur,2026-06-30,2026-06-30-amzcov-now,not_serviceable,0,
amazon-now,441123,Nagpur,2026-06-30,2026-06-30-amzcov-now,not_serviceable,0,
amazon-now,441201,Nagpur,2026-06-30,2026-06-30-amzcov-now,not_serviceable,0,
amazon-now,441202,Nagpur,2026-06-30,2026-06-30-amzcov-now,not_serviceable,0,
amazon-now,441203,Nagpur,2026-06-30,2026-06-30-amzcov-now,not_serviceable,0,
amazon-now,441204,Nagpur,2026-06-30,2026-06-30-amzcov-now,not_serviceable,0,
amazon-now,441210,Nagpur,2026-06-30,2026-06-30-amzcov-now,not_serviceable,0,
amazon-now,441214,Nagpur,2026-06-30,2026-06-30-amzcov-now,not_serviceable,0,
amazon-now,441301,Nagpur,2026-06-30,2026-06-30-amzcov-now,not_serviceable,0,
amazon-now,441302,Nagpur,2026-06-30,2026-06-30-amzcov-now,not_serviceable,0,
amazon-now,441303,Nagpur,2026-06-30,2026-06-30-amzcov-now,not_serviceable,0,
amazon-now,441304,Nagpur,2026-06-30,2026-06-30-amzcov-now,not_serviceable,0,
amazon-now,441305,Nagpur,2026-06-30,2026-06-30-amzcov-now,not_serviceable,0,
amazon-now,441306,Nagpur,2026-06-30,2026-06-30-amzcov-now,not_serviceable,0,
amazon-now,441401,Nagpur,2026-06-30,2026-06-30-amzcov-now,not_serviceable,0,
amazon-now,441404,Nagpur,2026-06-30,2026-06-30-amzcov-now,not_serviceable,0,
amazon-now,441501,Nagpur,2026-06-30,2026-06-30-amzcov-now,not_serviceable,0,
amazon-now,441502,Nagpur,2026-06-30,2026-06-30-amzcov-now,not_serviceable,0,
amazon-now,452001,Indore,2026-06-30,2026-06-30-amzcov-now,not_serviceable,0,
amazon-now,452002,Indore,2026-06-30,2026-06-30-amzcov-now,not_serviceable,0,
amazon-now,452003,Indore,2026-06-30,2026-06-30-amzcov-now,not_serviceable,0,
amazon-now,452005,Indore,2026-06-30,2026-06-30-amzcov-now,not_serviceable,0,
amazon-now,452006,Indore,2026-06-30,2026-06-30-amzcov-now,not_serviceable,0,
amazon-now,452007,Indore,2026-06-30,2026-06-30-amzcov-now,not_serviceable,0,
amazon-now,452009,Indore,2026-06-30,2026-06-30-amzcov-now,not_serviceable,0,
amazon-now,452010,Indore,2026-06-30,2026-06-30-amzcov-now,not_serviceable,0,
amazon-now,452011,Indore,2026-06-30,2026-06-30-amzcov-now,not_serviceable,0,
amazon-now,452012,Indore,2026-06-30,2026-06-30-amzcov-now,not_serviceable,0,
amazon-now,452013,Indore,2026-06-30,2026-06-30-amzcov-now,not_serviceable,0,
amazon-now,452014,Indore,2026-06-30,2026-06-30-amzcov-now,not_serviceable,0,
amazon-now,452015,Indore,2026-06-30,2026-06-30-amzcov-now,not_serviceable,0,
amazon-now,452016,Indore,2026-06-30,2026-06-30-amzcov-now,not_serviceable,0,
amazon-now,452018,Indore,2026-06-30,2026-06-30-amzcov-now,not_serviceable,0,
amazon-now,452020,Indore,2026-06-30,2026-06-30-amzcov-now,not_serviceable,0,
amazon-now,453001,Indore,2026-06-30,2026-06-30-amzcov-now,not_serviceable,0,
amazon-now,453111,Indore,2026-06-30,2026-06-30-amzcov-now,not_serviceable,0,
amazon-now,453112,Indore,2026-06-30,2026-06-30-amzcov-now,not_serviceable,0,
amazon-now,453115,Indore,2026-06-30,2026-06-30-amzcov-now,not_serviceable,0,
amazon-now,453220,Indore,2026-06-30,2026-06-30-amzcov-now,not_serviceable,0,
amazon-now,453331,Indore,2026-06-30,2026-06-30-amzcov-now,not_serviceable,0,
amazon-now,453441,Indore,2026-06-30,2026-06-30-amzcov-now,not_serviceable,0,
amazon-now,453446,Indore,2026-06-30,2026-06-30-amzcov-now,not_serviceable,0,
amazon-now,453551,Indore,2026-06-30,2026-06-30-amzcov-now,not_serviceable,0,
amazon-now,453552,Indore,2026-06-30,2026-06-30-amzcov-now,not_serviceable,0,
amazon-now,453555,Indore,2026-06-30,2026-06-30-amzcov-now,not_serviceable,0,
amazon-now,453556,Indore,2026-06-30,2026-06-30-amzcov-now,not_serviceable,0,
amazon-now,453661,Indore,2026-06-30,2026-06-30-amzcov-now,not_serviceable,0,
amazon-now,453771,Indore,2026-06-30,2026-06-30-amzcov-now,not_serviceable,0,
amazon-now,500001,Hyderabad,2026-06-30,2026-06-30-amzcov-now,not_serviceable,0,
amazon-now,500002,Hyderabad,2026-06-30,2026-06-30-amzcov-now,not_serviceable,0,
amazon-now,500003,Hyderabad,2026-06-30,2026-06-30-amzcov-now,not_serviceable,0,
amazon-now,500004,Hyderabad,2026-06-30,2026-06-30-amzcov-now,not_serviceable,0,
amazon-now,500005,Hyderabad,2026-06-30,2026-06-30-amzcov-now,not_serviceable,0,
amazon-now,500006,Hyderabad,2026-06-30,2026-06-30-amzcov-now,not_serviceable,0,
amazon-now,500007,Hyderabad,2026-06-30,2026-06-30-amzcov-now,not_serviceable,0,
amazon-now,500008,Hyderabad,2026-06-30,2026-06-30-amzcov-now,not_serviceable,0,
amazon-now,500009,Hyderabad,2026-06-30,2026-06-30-amzcov-now,not_serviceable,0,
amazon-now,500010,Hyderabad,2026-06-30,2026-06-30-amzcov-now,not_serviceable,0,
amazon-now,500011,Hyderabad,2026-06-30,2026-06-30-amzcov-now,not_serviceable,0,
amazon-now,500012,Hyderabad,2026-06-30,2026-06-30-amzcov-now,not_serviceable,0,
amazon-now,500013,Hyderabad,2026-06-30,2026-06-30-amzcov-now,not_serviceable,0,
amazon-now,500014,Hyderabad,2026-06-30,2026-06-30-amzcov-now,not_serviceable,0,
amazon-now,500015,Hyderabad,2026-06-30,2026-06-30-amzcov-now,not_serviceable,0,
amazon-now,500016,Hyderabad,2026-06-30,2026-06-30-amzcov-now,not_serviceable,0,
amazon-now,500017,Hyderabad,2026-06-30,2026-06-30-amzcov-now,not_serviceable,0,
amazon-now,500018,Hyderabad,2026-06-30,2026-06-30-amzcov-now,not_serviceable,0,
amazon-now,500020,Hyderabad,2026-06-30,2026-06-30-amzcov-now,not_serviceable,0,
amazon-now,500022,Hyderabad,2026-06-30,2026-06-30-amzcov-now,not_serviceable,0,
amazon-now,500023,Hyderabad,2026-06-30,2026-06-30-amzcov-now,not_serviceable,0,
amazon-now,500024,Hyderabad,2026-06-30,2026-06-30-amzcov-now,not_serviceable,0,
amazon-now,500025,Hyderabad,2026-06-30,2026-06-30-amzcov-now,not_serviceable,0,
amazon-now,500026,Hyderabad,2026-06-30,2026-06-30-amzcov-now,not_serviceable,0,
amazon-now,500027,Hyderabad,2026-06-30,2026-06-30-amzcov-now,not_serviceable,0,
amazon-now,500028,Hyderabad,2026-06-30,2026-06-30-amzcov-now,not_serviceable,0,
amazon-now,500029,Hyderabad,2026-06-30,2026-06-30-amzcov-now,not_serviceable,0,
amazon-now,500031,Hyderabad,2026-06-30,2026-06-30-amzcov-now,not_serviceable,0,
amazon-now,500032,Hyderabad,2026-06-30,2026-06-30-amzcov-now,not_serviceable,0,
amazon-now,500033,Hyderabad,2026-06-30,2026-06-30-amzcov-now,not_serviceable,0,
amazon-now,500034,Hyderabad,2026-06-30,2026-06-30-amzcov-now,not_serviceable,0,
amazon-now,500036,Hyderabad,2026-06-30,2026-06-30-amzcov-now,not_serviceable,0,
amazon-now,500038,Hyderabad,2026-06-30,2026-06-30-amzcov-now,not_serviceable,0,
amazon-now,500040,Hyderabad,2026-06-30,2026-06-30-amzcov-now,not_serviceable,0,
amazon-now,500041,Hyderabad,2026-06-30,2026-06-30-amzcov-now,not_serviceable,0,
amazon-now,500044,Hyderabad,2026-06-30,2026-06-30-amzcov-now,not_serviceable,0,
amazon-now,500045,Hyderabad,2026-06-30,2026-06-30-amzcov-now,not_serviceable,0,
amazon-now,500047,Hyderabad,2026-06-30,2026-06-30-amzcov-now,not_serviceable,0,
amazon-now,500053,Hyderabad,2026-06-30,2026-06-30-amzcov-now,not_serviceable,0,
amazon-now,500056,Hyderabad,2026-06-30,2026-06-30-amzcov-now,not_serviceable,0,
amazon-now,500057,Hyderabad,2026-06-30,2026-06-30-amzcov-now,not_serviceable,0,
amazon-now,500058,Hyderabad,2026-06-30,2026-06-30-amzcov-now,not_serviceable,0,
amazon-now,500059,Hyderabad,2026-06-30,2026-06-30-amzcov-now,not_serviceable,0,
amazon-now,500061,Hyderabad,2026-06-30,2026-06-30-amzcov-now,not_serviceable,0,
amazon-now,500063,Hyderabad,2026-06-30,2026-06-30-amzcov-now,not_serviceable,0,
amazon-now,500064,Hyderabad,2026-06-30,2026-06-30-amzcov-now,not_serviceable,0,
amazon-now,500065,Hyderabad,2026-06-30,2026-06-30-amzcov-now,not_serviceable,0,
amazon-now,500066,Hyderabad,2026-06-30,2026-06-30-amzcov-now,not_serviceable,0,
amazon-now,500073,Hyderabad,2026-06-30,2026-06-30-amzcov-now,not_serviceable,0,
amazon-now,500080,Hyderabad,2026-06-30,2026-06-30-amzcov-now,not_serviceable,0,
amazon-now,500081,Hyderabad,2026-06-30,2026-06-30-amzcov-now,not_serviceable,0,
amazon-now,500082,Hyderabad,2026-06-30,2026-06-30-amzcov-now,not_serviceable,0,
amazon-now,500084,Hyderabad,2026-06-30,2026-06-30-amzcov-now,not_serviceable,0,
amazon-now,500094,Hyderabad,2026-06-30,2026-06-30-amzcov-now,not_serviceable,0,
amazon-now,500095,Hyderabad,2026-06-30,2026-06-30-amzcov-now,not_serviceable,0,
amazon-now,500096,Hyderabad,2026-06-30,2026-06-30-amzcov-now,not_serviceable,0,
amazon-now,500107,Hyderabad,2026-06-30,2026-06-30-amzcov-now,not_serviceable,0,
amazon-now,500109,Hyderabad,2026-06-30,2026-06-30-amzcov-now,not_serviceable,0,
amazon-now,500110,Hyderabad,2026-06-30,2026-06-30-amzcov-now,not_serviceable,0,
amazon-now,500112,Hyderabad,2026-06-30,2026-06-30-amzcov-now,not_serviceable,0,
amazon-now,509132,Vijayawada,2026-06-30,2026-06-30-amzcov-now,not_serviceable,0,
amazon-now,520001,Vijayawada,2026-06-30,2026-06-30-amzcov-now,not_serviceable,0,
amazon-now,520002,Vijayawada,2026-06-30,2026-06-30-amzcov-now,not_serviceable,0,
amazon-now,520003,Vijayawada,2026-06-30,2026-06-30-amzcov-now,not_serviceable,0,
amazon-now,520004,Vijayawada,2026-06-30,2026-06-30-amzcov-now,not_serviceable,0,
amazon-now,520007,Vijayawada,2026-06-30,2026-06-30-amzcov-now,not_serviceable,0,
amazon-now,520008,Vijayawada,2026-06-30,2026-06-30-amzcov-now,not_serviceable,0,
amazon-now,520010,Vijayawada,2026-06-30,2026-06-30-amzcov-now,not_serviceable,0,
amazon-now,520011,Vijayawada,2026-06-30,2026-06-30-amzcov-now,not_serviceable,0,
amazon-now,520012,Vijayawada,2026-06-30,2026-06-30-amzcov-now,not_serviceable,0,
amazon-now,520013,Vijayawada,2026-06-30,2026-06-30-amzcov-now,not_serviceable,0,
amazon-now,520015,Vijayawada,2026-06-30,2026-06-30-amzcov-now,not_serviceable,0,
amazon-now,521101,Vijayawada,2026-06-30,2026-06-30-amzcov-now,not_serviceable,0,
amazon-now,521102,Vijayawada,2026-06-30,2026-06-30-amzcov-now,not_serviceable,0,
amazon-now,521104,Vijayawada,2026-06-30,2026-06-30-amzcov-now,not_serviceable,0,
amazon-now,521107,Vijayawada,2026-06-30,2026-06-30-amzcov-now,not_serviceable,0,
amazon-now,521108,Vijayawada,2026-06-30,2026-06-30-amzcov-now,not_serviceable,0,
amazon-now,521109,Vijayawada,2026-06-30,2026-06-30-amzcov-now,not_serviceable,0,
amazon-now,521110,Vijayawada,2026-06-30,2026-06-30-amzcov-now,not_serviceable,0,
amazon-now,521134,Vijayawada,2026-06-30,2026-06-30-amzcov-now,not_serviceable,0,
amazon-now,521137,Vijayawada,2026-06-30,2026-06-30-amzcov-now,not_serviceable,0,
amazon-now,521139,Vijayawada,2026-06-30,2026-06-30-amzcov-now,not_serviceable,0,
amazon-now,521151,Vijayawada,2026-06-30,2026-06-30-amzcov-now,not_serviceable,0,
amazon-now,521153,Vijayawada,2026-06-30,2026-06-30-amzcov-now,not_serviceable,0,
amazon-now,521163,Vijayawada,2026-06-30,2026-06-30-amzcov-now,not_serviceable,0,
amazon-now,521164,Vijayawada,2026-06-30,2026-06-30-amzcov-now,not_serviceable,0,
amazon-now,521165,Vijayawada,2026-06-30,2026-06-30-amzcov-now,not_serviceable,0,
amazon-now,521170,Vijayawada,2026-06-30,2026-06-30-amzcov-now,not_serviceable,0,
amazon-now,521175,Vijayawada,2026-06-30,2026-06-30-amzcov-now,not_serviceable,0,
amazon-now,521178,Vijayawada,2026-06-30,2026-06-30-amzcov-now,not_serviceable,0,
amazon-now,521180,Vijayawada,2026-06-30,2026-06-30-amzcov-now,not_serviceable,0,
amazon-now,521181,Vijayawada,2026-06-30,2026-06-30-amzcov-now,not_serviceable,0,
amazon-now,521182,Vijayawada,2026-06-30,2026-06-30-amzcov-now,not_serviceable,0,
amazon-now,521183,Vijayawada,2026-06-30,2026-06-30-amzcov-now,not_serviceable,0,
amazon-now,521184,Vijayawada,2026-06-30,2026-06-30-amzcov-now,not_serviceable,0,
amazon-now,521185,Vijayawada,2026-06-30,2026-06-30-amzcov-now,not_serviceable,0,
amazon-now,521190,Vijayawada,2026-06-30,2026-06-30-amzcov-now,not_serviceable,0,
amazon-now,521211,Vijayawada,2026-06-30,2026-06-30-amzcov-now,not_serviceable,0,
amazon-now,521212,Vijayawada,2026-06-30,2026-06-30-amzcov-now,not_serviceable,0,
amazon-now,521225,Vijayawada,2026-06-30,2026-06-30-amzcov-now,not_serviceable,0,
amazon-now,521226,Vijayawada,2026-06-30,2026-06-30-amzcov-now,not_serviceable,0,
amazon-now,521227,Vijayawada,2026-06-30,2026-06-30-amzcov-now,not_serviceable,0,
amazon-now,521228,Vijayawada,2026-06-30,2026-06-30-amzcov-now,not_serviceable,0,
amazon-now,521229,Vijayawada,2026-06-30,2026-06-30-amzcov-now,not_serviceable,0,
amazon-now,521230,Vijayawada,2026-06-30,2026-06-30-amzcov-now,not_serviceable,0,
amazon-now,521231,Vijayawada,2026-06-30,2026-06-30-amzcov-now,not_serviceable,0,
amazon-now,521235,Vijayawada,2026-06-30,2026-06-30-amzcov-now,not_serviceable,0,
amazon-now,521241,Vijayawada,2026-06-30,2026-06-30-amzcov-now,not_serviceable,0,
amazon-now,521245,Vijayawada,2026-06-30,2026-06-30-amzcov-now,not_serviceable,0,
amazon-now,521246,Vijayawada,2026-06-30,2026-06-30-amzcov-now,not_serviceable,0,
amazon-now,521247,Vijayawada,2026-06-30,2026-06-30-amzcov-now,not_serviceable,0,
amazon-now,521250,Vijayawada,2026-06-30,2026-06-30-amzcov-now,not_serviceable,0,
amazon-now,521256,Vijayawada,2026-06-30,2026-06-30-amzcov-now,not_serviceable,0,
amazon-now,521286,Vijayawada,2026-06-30,2026-06-30-amzcov-now,not_serviceable,0,
amazon-now,521401,Vijayawada,2026-06-30,2026-06-30-amzcov-now,not_serviceable,0,
amazon-now,521402,Vijayawada,2026-06-30,2026-06-30-amzcov-now,not_serviceable,0,
amazon-now,521403,Vijayawada,2026-06-30,2026-06-30-amzcov-now,not_serviceable,0,
amazon-now,521456,Vijayawada,2026-06-30,2026-06-30-amzcov-now,not_serviceable,0,
amazon-now,521457,Vijayawada,2026-06-30,2026-06-30-amzcov-now,not_serviceable,0,
amazon-now,530001,Visakhapatnam,2026-06-30,2026-06-30-amzcov-now,not_serviceable,0,
amazon-now,530002,Visakhapatnam,2026-06-30,2026-06-30-amzcov-now,not_serviceable,0,
amazon-now,530003,Visakhapatnam,2026-06-30,2026-06-30-amzcov-now,not_serviceable,0,
amazon-now,530004,Visakhapatnam,2026-06-30,2026-06-30-amzcov-now,not_serviceable,0,
amazon-now,530005,Visakhapatnam,2026-06-30,2026-06-30-amzcov-now,not_serviceable,0,
amazon-now,530007,Visakhapatnam,2026-06-30,2026-06-30-amzcov-now,not_serviceable,0,
amazon-now,530008,Visakhapatnam,2026-06-30,2026-06-30-amzcov-now,not_serviceable,0,
amazon-now,530009,Visakhapatnam,2026-06-30,2026-06-30-amzcov-now,not_serviceable,0,
amazon-now,530011,Visakhapatnam,2026-06-30,2026-06-30-amzcov-now,not_serviceable,0,
amazon-now,530012,Visakhapatnam,2026-06-30,2026-06-30-amzcov-now,not_serviceable,0,
amazon-now,530013,Visakhapatnam,2026-06-30,2026-06-30-amzcov-now,not_serviceable,0,
amazon-now,530014,Visakhapatnam,2026-06-30,2026-06-30-amzcov-now,not_serviceable,0,
amazon-now,530015,Visakhapatnam,2026-06-30,2026-06-30-amzcov-now,not_serviceable,0,
amazon-now,530016,Visakhapatnam,2026-06-30,2026-06-30-amzcov-now,not_serviceable,0,
amazon-now,530017,Visakhapatnam,2026-06-30,2026-06-30-amzcov-now,not_serviceable,0,
amazon-now,530018,Visakhapatnam,2026-06-30,2026-06-30-amzcov-now,not_serviceable,0,
amazon-now,530020,Visakhapatnam,2026-06-30,2026-06-30-amzcov-now,not_serviceable,0,
amazon-now,530022,Visakhapatnam,2026-06-30,2026-06-30-amzcov-now,not_serviceable,0,
amazon-now,530024,Visakhapatnam,2026-06-30,2026-06-30-amzcov-now,not_serviceable,0,
amazon-now,530026,Visakhapatnam,2026-06-30,2026-06-30-amzcov-now,not_serviceable,0,
amazon-now,530027,Visakhapatnam,2026-06-30,2026-06-30-amzcov-now,not_serviceable,0,
amazon-now,530028,Visakhapatnam,2026-06-30,2026-06-30-amzcov-now,not_serviceable,0,
amazon-now,530029,Visakhapatnam,2026-06-30,2026-06-30-amzcov-now,not_serviceable,0,
amazon-now,530031,Visakhapatnam,2026-06-30,2026-06-30-amzcov-now,not_serviceable,0,
amazon-now,530032,Visakhapatnam,2026-06-30,2026-06-30-amzcov-now,not_serviceable,0,
amazon-now,530040,Visakhapatnam,2026-06-30,2026-06-30-amzcov-now,not_serviceable,0,
amazon-now,530041,Visakhapatnam,2026-06-30,2026-06-30-amzcov-now,not_serviceable,0,
amazon-now,530043,Visakhapatnam,2026-06-30,2026-06-30-amzcov-now,not_serviceable,0,
amazon-now,530044,Visakhapatnam,2026-06-30,2026-06-30-amzcov-now,not_serviceable,0,
amazon-now,530045,Visakhapatnam,2026-06-30,2026-06-30-amzcov-now,not_serviceable,0,
amazon-now,530046,Visakhapatnam,2026-06-30,2026-06-30-amzcov-now,not_serviceable,0,
amazon-now,530047,Visakhapatnam,2026-06-30,2026-06-30-amzcov-now,not_serviceable,0,
amazon-now,530048,Visakhapatnam,2026-06-30,2026-06-30-amzcov-now,not_serviceable,0,
amazon-now,530049,Visakhapatnam,2026-06-30,2026-06-30-amzcov-now,not_serviceable,0,
amazon-now,530051,Visakhapatnam,2026-06-30,2026-06-30-amzcov-now,not_serviceable,0,
amazon-now,530052,Visakhapatnam,2026-06-30,2026-06-30-amzcov-now,not_serviceable,0,
amazon-now,530053,Visakhapatnam,2026-06-30,2026-06-30-amzcov-now,not_serviceable,0,
amazon-now,531162,Visakhapatnam,2026-06-30,2026-06-30-amzcov-now,not_serviceable,0,
amazon-now,531163,Visakhapatnam,2026-06-30,2026-06-30-amzcov-now,not_serviceable,0,
amazon-now,531173,Visakhapatnam,2026-06-30,2026-06-30-amzcov-now,not_serviceable,0,
amazon-now,531219,Visakhapatnam,2026-06-30,2026-06-30-amzcov-now,not_serviceable,0,
amazon-now,560001,Bengaluru,2026-06-30,2026-06-30-amzcov-now,price_captured,7,831
amazon-now,560002,Bengaluru,2026-06-30,2026-06-30-amzcov-now,price_captured,6,1024
amazon-now,560003,Bengaluru,2026-06-30,2026-06-30-amzcov-now,price_captured,6,1299
amazon-now,560004,Bengaluru,2026-06-30,2026-06-30-amzcov-now,price_captured,10,831
amazon-now,560005,Bengaluru,2026-06-30,2026-06-30-amzcov-now,price_captured,5,872
amazon-now,560006,Bengaluru,2026-06-30,2026-06-30-amzcov-now,price_captured,8,831
amazon-now,560007,Bengaluru,2026-06-30,2026-06-30-amzcov-now,price_captured,7,831
amazon-now,560008,Bengaluru,2026-06-30,2026-06-30-amzcov-now,price_captured,5,175
amazon-now,560009,Bengaluru,2026-06-30,2026-06-30-amzcov-now,price_captured,6,1299
amazon-now,560010,Bengaluru,2026-06-30,2026-06-30-amzcov-now,price_captured,4,1299
amazon-now,560011,Bengaluru,2026-06-30,2026-06-30-amzcov-now,price_captured,6,831
amazon-now,560012,Bengaluru,2026-06-30,2026-06-30-amzcov-now,not_serviceable,0,
amazon-now,560013,Bengaluru,2026-06-30,2026-06-30-amzcov-now,price_captured,10,831
amazon-now,560015,Bengaluru,2026-06-30,2026-06-30-amzcov-now,price_captured,7,559
amazon-now,560016,Bengaluru,2026-06-30,2026-06-30-amzcov-now,price_captured,6,175
amazon-now,560017,Bengaluru,2026-06-30,2026-06-30-amzcov-now,price_captured,6,831
amazon-now,560018,Bengaluru,2026-06-30,2026-06-30-amzcov-now,price_captured,6,1024
amazon-now,560020,Bengaluru,2026-06-30,2026-06-30-amzcov-now,price_captured,7,1299
amazon-now,560021,Bengaluru,2026-06-30,2026-06-30-amzcov-now,price_captured,4,1299
amazon-now,560022,Bengaluru,2026-06-30,2026-06-30-amzcov-now,price_captured,9,166
amazon-now,560023,Bengaluru,2026-06-30,2026-06-30-amzcov-now,price_captured,4,1299
amazon-now,560024,Bengaluru,2026-06-30,2026-06-30-amzcov-now,price_captured,8,1024
amazon-now,560025,Bengaluru,2026-06-30,2026-06-30-amzcov-now,price_captured,8,831
amazon-now,560026,Bengaluru,2026-06-30,2026-06-30-amzcov-now,price_captured,11,831
amazon-now,560027,Bengaluru,2026-06-30,2026-06-30-amzcov-now,price_captured,6,831
amazon-now,560029,Bengaluru,2026-06-30,2026-06-30-amzcov-now,price_captured,7,1024
amazon-now,560030,Bengaluru,2026-06-30,2026-06-30-amzcov-now,price_captured,6,831
amazon-now,560032,Bengaluru,2026-06-30,2026-06-30-amzcov-now,price_captured,6,831
amazon-now,560033,Bengaluru,2026-06-30,2026-06-30-amzcov-now,price_captured,11,175
amazon-now,560034,Bengaluru,2026-06-30,2026-06-30-amzcov-now,price_captured,3,1150
amazon-now,560035,Bengaluru,2026-06-30,2026-06-30-amzcov-now,price_captured,5,1299
amazon-now,560036,Bengaluru,2026-06-30,2026-06-30-amzcov-now,price_captured,6,175
amazon-now,560037,Bengaluru,2026-06-30,2026-06-30-amzcov-now,price_captured,8,1299
amazon-now,560038,Bengaluru,2026-06-30,2026-06-30-amzcov-now,price_captured,6,175
amazon-now,560040,Bengaluru,2026-06-30,2026-06-30-amzcov-now,price_captured,9,1299
amazon-now,560041,Bengaluru,2026-06-30,2026-06-30-amzcov-now,price_captured,10,831
amazon-now,560042,Bengaluru,2026-06-30,2026-06-30-amzcov-now,price_captured,6,872
amazon-now,560043,Bengaluru,2026-06-30,2026-06-30-amzcov-now,price_captured,3,175
amazon-now,560045,Bengaluru,2026-06-30,2026-06-30-amzcov-now,not_serviceable,0,
amazon-now,560046,Bengaluru,2026-06-30,2026-06-30-amzcov-now,price_captured,8,831
amazon-now,560047,Bengaluru,2026-06-30,2026-06-30-amzcov-now,not_serviceable,0,
amazon-now,560048,Bengaluru,2026-06-30,2026-06-30-amzcov-now,price_captured,6,246
amazon-now,560049,Bengaluru,2026-06-30,2026-06-30-amzcov-now,not_serviceable,0,
amazon-now,560050,Bengaluru,2026-06-30,2026-06-30-amzcov-now,price_captured,9,1299
amazon-now,560051,Bengaluru,2026-06-30,2026-06-30-amzcov-now,price_captured,7,831
amazon-now,560053,Bengaluru,2026-06-30,2026-06-30-amzcov-now,price_captured,6,1299
amazon-now,560054,Bengaluru,2026-06-30,2026-06-30-amzcov-now,price_captured,9,831
amazon-now,560055,Bengaluru,2026-06-30,2026-06-30-amzcov-now,price_captured,10,559
amazon-now,560056,Bengaluru,2026-06-30,2026-06-30-amzcov-now,price_captured,9,202
amazon-now,560057,Bengaluru,2026-06-30,2026-06-30-amzcov-now,price_captured,9,193
amazon-now,560058,Bengaluru,2026-06-30,2026-06-30-amzcov-now,price_captured,8,831
amazon-now,560059,Bengaluru,2026-06-30,2026-06-30-amzcov-now,price_captured,8,831
amazon-now,560060,Bengaluru,2026-06-30,2026-06-30-amzcov-now,not_serviceable,0,
amazon-now,560061,Bengaluru,2026-06-30,2026-06-30-amzcov-now,price_captured,7,1299
amazon-now,560062,Bengaluru,2026-06-30,2026-06-30-amzcov-now,not_serviceable,0,
amazon-now,560063,Bengaluru,2026-06-30,2026-06-30-amzcov-now,price_captured,6,831
amazon-now,560064,Bengaluru,2026-06-30,2026-06-30-amzcov-now,price_captured,11,193
amazon-now,560065,Bengaluru,2026-06-30,2026-06-30-amzcov-now,price_captured,6,831
amazon-now,560066,Bengaluru,2026-06-30,2026-06-30-amzcov-now,price_captured,8,831
amazon-now,560067,Bengaluru,2026-06-30,2026-06-30-amzcov-now,not_serviceable,0,
amazon-now,560068,Bengaluru,2026-06-30,2026-06-30-amzcov-now,price_captured,7,831
amazon-now,560070,Bengaluru,2026-06-30,2026-06-30-amzcov-now,price_captured,9,831
amazon-now,560071,Bengaluru,2026-06-30,2026-06-30-amzcov-now,price_captured,7,831
amazon-now,560072,Bengaluru,2026-06-30,2026-06-30-amzcov-now,price_captured,9,1299
amazon-now,560073,Bengaluru,2026-06-30,2026-06-30-amzcov-now,not_serviceable,0,
amazon-now,560074,Bengaluru,2026-06-30,2026-06-30-amzcov-now,not_serviceable,0,
amazon-now,560075,Bengaluru,2026-06-30,2026-06-30-amzcov-now,price_captured,6,175
amazon-now,560076,Bengaluru,2026-06-30,2026-06-30-amzcov-now,price_captured,9,831
amazon-now,560077,Bengaluru,2026-06-30,2026-06-30-amzcov-now,price_captured,3,1299
amazon-now,560078,Bengaluru,2026-06-30,2026-06-30-amzcov-now,price_captured,8,1024
amazon-now,560079,Bengaluru,2026-06-30,2026-06-30-amzcov-now,price_captured,11,831
amazon-now,560080,Bengaluru,2026-06-30,2026-06-30-amzcov-now,price_captured,8,831
amazon-now,560081,Bengaluru,2026-06-30,2026-06-30-amzcov-now,not_serviceable,0,
amazon-now,560082,Bengaluru,2026-06-30,2026-06-30-amzcov-now,not_serviceable,0,
amazon-now,560083,Bengaluru,2026-06-30,2026-06-30-amzcov-now,not_serviceable,0,
amazon-now,560084,Bengaluru,2026-06-30,2026-06-30-amzcov-now,price_captured,5,872
amazon-now,560085,Bengaluru,2026-06-30,2026-06-30-amzcov-now,price_captured,9,1299
amazon-now,560086,Bengaluru,2026-06-30,2026-06-30-amzcov-now,price_captured,10,559
amazon-now,560087,Bengaluru,2026-06-30,2026-06-30-amzcov-now,price_captured,4,1299
amazon-now,560088,Bengaluru,2026-06-30,2026-06-30-amzcov-now,not_serviceable,0,
amazon-now,560089,Bengaluru,2026-06-30,2026-06-30-amzcov-now,not_serviceable,0,
amazon-now,560090,Bengaluru,2026-06-30,2026-06-30-amzcov-now,price_captured,8,559
amazon-now,560091,Bengaluru,2026-06-30,2026-06-30-amzcov-now,price_captured,10,559
amazon-now,560092,Bengaluru,2026-06-30,2026-06-30-amzcov-now,price_captured,7,831
amazon-now,560093,Bengaluru,2026-06-30,2026-06-30-amzcov-now,price_captured,5,183
amazon-now,560094,Bengaluru,2026-06-30,2026-06-30-amzcov-now,price_captured,10,831
amazon-now,560095,Bengaluru,2026-06-30,2026-06-30-amzcov-now,price_captured,3,1150
amazon-now,560096,Bengaluru,2026-06-30,2026-06-30-amzcov-now,price_captured,9,246
amazon-now,560097,Bengaluru,2026-06-30,2026-06-30-amzcov-now,price_captured,10,159
amazon-now,560098,Bengaluru,2026-06-30,2026-06-30-amzcov-now,price_captured,7,1299
amazon-now,560099,Bengaluru,2026-06-30,2026-06-30-amzcov-now,not_serviceable,0,
amazon-now,560100,Bengaluru,2026-06-30,2026-06-30-amzcov-now,price_captured,4,1299
amazon-now,560102,Bengaluru,2026-06-30,2026-06-30-amzcov-now,price_captured,6,1299
amazon-now,560103,Bengaluru,2026-06-30,2026-06-30-amzcov-now,price_captured,5,1299
amazon-now,560104,Bengaluru,2026-06-30,2026-06-30-amzcov-now,price_captured,14,831
amazon-now,560105,Bengaluru,2026-06-30,2026-06-30-amzcov-now,not_serviceable,0,
amazon-now,560107,Bengaluru,2026-06-30,2026-06-30-amzcov-now,not_serviceable,0,
amazon-now,560108,Bengaluru,2026-06-30,2026-06-30-amzcov-now,price_captured,5,831
amazon-now,560109,Bengaluru,2026-06-30,2026-06-30-amzcov-now,price_captured,11,831
amazon-now,560110,Bengaluru,2026-06-30,2026-06-30-amzcov-now,price_captured,10,559
amazon-now,560111,Bengaluru,2026-06-30,2026-06-30-amzcov-now,not_serviceable,0,
amazon-now,560112,Bengaluru,2026-06-30,2026-06-30-amzcov-now,not_serviceable,0,
amazon-now,560113,Bengaluru,2026-06-30,2026-06-30-amzcov-now,not_serviceable,0,
amazon-now,560114,Bengaluru,2026-06-30,2026-06-30-amzcov-now,not_serviceable,0,
amazon-now,560115,Bengaluru,2026-06-30,2026-06-30-amzcov-now,not_serviceable,0,
amazon-now,560116,Bengaluru,2026-06-30,2026-06-30-amzcov-now,not_serviceable,0,
amazon-now,560300,Bengaluru,2026-06-30,2026-06-30-amzcov-now,not_serviceable,0,
amazon-now,560500,Bengaluru,2026-06-30,2026-06-30-amzcov-now,not_serviceable,0,
amazon-now,562106,Bengaluru,2026-06-30,2026-06-30-amzcov-now,not_serviceable,0,
amazon-now,562107,Bengaluru,2026-06-30,2026-06-30-amzcov-now,not_serviceable,0,
amazon-now,562120,Bengaluru,2026-06-30,2026-06-30-amzcov-now,not_serviceable,0,
amazon-now,562125,Bengaluru,2026-06-30,2026-06-30-amzcov-now,price_captured,6,831
amazon-now,562130,Bengaluru,2026-06-30,2026-06-30-amzcov-now,not_serviceable,0,
amazon-now,562149,Bengaluru,2026-06-30,2026-06-30-amzcov-now,not_serviceable,0,
amazon-now,562157,Bengaluru,2026-06-30,2026-06-30-amzcov-now,not_serviceable,0,
amazon-now,562162,Bengaluru,2026-06-30,2026-06-30-amzcov-now,not_serviceable,0,
amazon-now,562163,Bengaluru,2026-06-30,2026-06-30-amzcov-now,not_serviceable,0,
amazon-now,570001,Mysuru,2026-06-30,2026-06-30-amzcov-now,not_serviceable,0,
amazon-now,570002,Mysuru,2026-06-30,2026-06-30-amzcov-now,not_serviceable,0,
amazon-now,570003,Mysuru,2026-06-30,2026-06-30-amzcov-now,not_serviceable,0,
amazon-now,570004,Mysuru,2026-06-30,2026-06-30-amzcov-now,not_serviceable,0,
amazon-now,570005,Mysuru,2026-06-30,2026-06-30-amzcov-now,not_serviceable,0,
amazon-now,570006,Mysuru,2026-06-30,2026-06-30-amzcov-now,not_serviceable,0,
amazon-now,570007,Mysuru,2026-06-30,2026-06-30-amzcov-now,not_serviceable,0,
amazon-now,570008,Mysuru,2026-06-30,2026-06-30-amzcov-now,not_serviceable,0,
amazon-now,570009,Mysuru,2026-06-30,2026-06-30-amzcov-now,not_serviceable,0,
amazon-now,570010,Mysuru,2026-06-30,2026-06-30-amzcov-now,not_serviceable,0,
amazon-now,570011,Mysuru,2026-06-30,2026-06-30-amzcov-now,not_serviceable,0,
amazon-now,570012,Mysuru,2026-06-30,2026-06-30-amzcov-now,not_serviceable,0,
amazon-now,570014,Mysuru,2026-06-30,2026-06-30-amzcov-now,not_serviceable,0,
amazon-now,570015,Mysuru,2026-06-30,2026-06-30-amzcov-now,not_serviceable,0,
amazon-now,570016,Mysuru,2026-06-30,2026-06-30-amzcov-now,not_serviceable,0,
amazon-now,570017,Mysuru,2026-06-30,2026-06-30-amzcov-now,not_serviceable,0,
amazon-now,570018,Mysuru,2026-06-30,2026-06-30-amzcov-now,not_serviceable,0,
amazon-now,570019,Mysuru,2026-06-30,2026-06-30-amzcov-now,not_serviceable,0,
amazon-now,570020,Mysuru,2026-06-30,2026-06-30-amzcov-now,not_serviceable,0,
amazon-now,570022,Mysuru,2026-06-30,2026-06-30-amzcov-now,not_serviceable,0,
amazon-now,570023,Mysuru,2026-06-30,2026-06-30-amzcov-now,not_serviceable,0,
amazon-now,570025,Mysuru,2026-06-30,2026-06-30-amzcov-now,not_serviceable,0,
amazon-now,570026,Mysuru,2026-06-30,2026-06-30-amzcov-now,not_serviceable,0,
amazon-now,570027,Mysuru,2026-06-30,2026-06-30-amzcov-now,not_serviceable,0,
amazon-now,570028,Mysuru,2026-06-30,2026-06-30-amzcov-now,not_serviceable,0,
amazon-now,570029,Mysuru,2026-06-30,2026-06-30-amzcov-now,not_serviceable,0,
amazon-now,570030,Mysuru,2026-06-30,2026-06-30-amzcov-now,not_serviceable,0,
amazon-now,570031,Mysuru,2026-06-30,2026-06-30-amzcov-now,not_serviceable,0,
amazon-now,570032,Mysuru,2026-06-30,2026-06-30-amzcov-now,not_serviceable,0,
amazon-now,570033,Mysuru,2026-06-30,2026-06-30-amzcov-now,not_serviceable,0,
amazon-now,570034,Mysuru,2026-06-30,2026-06-30-amzcov-now,not_serviceable,0,
amazon-now,571101,Mysuru,2026-06-30,2026-06-30-amzcov-now,not_serviceable,0,
amazon-now,571102,Mysuru,2026-06-30,2026-06-30-amzcov-now,not_serviceable,0,
amazon-now,571103,Mysuru,2026-06-30,2026-06-30-amzcov-now,not_serviceable,0,
amazon-now,571104,Mysuru,2026-06-30,2026-06-30-amzcov-now,not_serviceable,0,
amazon-now,571105,Mysuru,2026-06-30,2026-06-30-amzcov-now,not_serviceable,0,
amazon-now,571106,Mysuru,2026-06-30,2026-06-30-amzcov-now,not_serviceable,0,
amazon-now,571107,Mysuru,2026-06-30,2026-06-30-amzcov-now,not_serviceable,0,
amazon-now,571108,Mysuru,2026-06-30,2026-06-30-amzcov-now,not_serviceable,0,
amazon-now,571110,Mysuru,2026-06-30,2026-06-30-amzcov-now,not_serviceable,0,
amazon-now,571114,Mysuru,2026-06-30,2026-06-30-amzcov-now,not_serviceable,0,
amazon-now,571116,Mysuru,2026-06-30,2026-06-30-amzcov-now,not_serviceable,0,
amazon-now,571118,Mysuru,2026-06-30,2026-06-30-amzcov-now,not_serviceable,0,
amazon-now,571119,Mysuru,2026-06-30,2026-06-30-amzcov-now,not_serviceable,0,
amazon-now,571120,Mysuru,2026-06-30,2026-06-30-amzcov-now,not_serviceable,0,
amazon-now,571121,Mysuru,2026-06-30,2026-06-30-amzcov-now,not_serviceable,0,
amazon-now,571122,Mysuru,2026-06-30,2026-06-30-amzcov-now,not_serviceable,0,
amazon-now,571124,Mysuru,2026-06-30,2026-06-30-amzcov-now,not_serviceable,0,
amazon-now,571125,Mysuru,2026-06-30,2026-06-30-amzcov-now,not_serviceable,0,
amazon-now,571129,Mysuru,2026-06-30,2026-06-30-amzcov-now,not_serviceable,0,
amazon-now,571130,Mysuru,2026-06-30,2026-06-30-amzcov-now,not_serviceable,0,
amazon-now,571134,Mysuru,2026-06-30,2026-06-30-amzcov-now,not_serviceable,0,
amazon-now,571187,Mysuru,2026-06-30,2026-06-30-amzcov-now,not_serviceable,0,
amazon-now,571189,Mysuru,2026-06-30,2026-06-30-amzcov-now,not_serviceable,0,
amazon-now,571301,Mysuru,2026-06-30,2026-06-30-amzcov-now,not_serviceable,0,
amazon-now,571302,Mysuru,2026-06-30,2026-06-30-amzcov-now,not_serviceable,0,
amazon-now,571311,Mysuru,2026-06-30,2026-06-30-amzcov-now,not_serviceable,0,
amazon-now,571312,Mysuru,2026-06-30,2026-06-30-amzcov-now,not_serviceable,0,
amazon-now,571314,Mysuru,2026-06-30,2026-06-30-amzcov-now,not_serviceable,0,
amazon-now,571315,Mysuru,2026-06-30,2026-06-30-amzcov-now,not_serviceable,0,
amazon-now,571316,Mysuru,2026-06-30,2026-06-30-amzcov-now,not_serviceable,0,
amazon-now,571442,Mysuru,2026-06-30,2026-06-30-amzcov-now,not_serviceable,0,
amazon-now,571601,Mysuru,2026-06-30,2026-06-30-amzcov-now,not_serviceable,0,
amazon-now,571602,Mysuru,2026-06-30,2026-06-30-amzcov-now,not_serviceable,0,
amazon-now,571603,Mysuru,2026-06-30,2026-06-30-amzcov-now,not_serviceable,0,
amazon-now,571604,Mysuru,2026-06-30,2026-06-30-amzcov-now,not_serviceable,0,
amazon-now,571610,Mysuru,2026-06-30,2026-06-30-amzcov-now,not_serviceable,0,
amazon-now,571617,Mysuru,2026-06-30,2026-06-30-amzcov-now,not_serviceable,0,
amazon-now,600001,Chennai,2026-06-30,2026-06-30-amzcov-now,not_serviceable,0,
amazon-now,600002,Chennai,2026-06-30,2026-06-30-amzcov-now,not_serviceable,0,
amazon-now,600003,Chennai,2026-06-30,2026-06-30-amzcov-now,not_serviceable,0,
amazon-now,600004,Chennai,2026-06-30,2026-06-30-amzcov-now,price_captured,3,175
amazon-now,600005,Chennai,2026-06-30,2026-06-30-amzcov-now,price_captured,3,175
amazon-now,600006,Chennai,2026-06-30,2026-06-30-amzcov-now,not_serviceable,0,
amazon-now,600007,Chennai,2026-06-30,2026-06-30-amzcov-now,price_captured,1,175
amazon-now,600008,Chennai,2026-06-30,2026-06-30-amzcov-now,not_serviceable,0,
amazon-now,600009,Chennai,2026-06-30,2026-06-30-amzcov-now,not_serviceable,0,
amazon-now,600010,Chennai,2026-06-30,2026-06-30-amzcov-now,price_captured,1,175
amazon-now,600011,Chennai,2026-06-30,2026-06-30-amzcov-now,not_serviceable,0,
amazon-now,600012,Chennai,2026-06-30,2026-06-30-amzcov-now,not_serviceable,0,
amazon-now,600013,Chennai,2026-06-30,2026-06-30-amzcov-now,not_serviceable,0,
amazon-now,600014,Chennai,2026-06-30,2026-06-30-amzcov-now,price_captured,3,175
amazon-now,600015,Chennai,2026-06-30,2026-06-30-amzcov-now,not_serviceable,0,
amazon-now,600016,Chennai,2026-06-30,2026-06-30-amzcov-now,not_serviceable,0,
amazon-now,600017,Chennai,2026-06-30,2026-06-30-amzcov-now,not_serviceable,0,
amazon-now,600018,Chennai,2026-06-30,2026-06-30-amzcov-now,not_serviceable,0,
amazon-now,600019,Chennai,2026-06-30,2026-06-30-amzcov-now,not_serviceable,0,
amazon-now,600020,Chennai,2026-06-30,2026-06-30-amzcov-now,price_captured,2,1299
amazon-now,600021,Chennai,2026-06-30,2026-06-30-amzcov-now,price_captured,2,1299
amazon-now,600022,Chennai,2026-06-30,2026-06-30-amzcov-now,not_serviceable,0,
amazon-now,600023,Chennai,2026-06-30,2026-06-30-amzcov-now,price_captured,1,1299
amazon-now,600024,Chennai,2026-06-30,2026-06-30-amzcov-now,not_serviceable,0,
amazon-now,600025,Chennai,2026-06-30,2026-06-30-amzcov-now,not_serviceable,0,
amazon-now,600026,Chennai,2026-06-30,2026-06-30-amzcov-now,not_serviceable,0,
amazon-now,600028,Chennai,2026-06-30,2026-06-30-amzcov-now,not_serviceable,0,
amazon-now,600030,Chennai,2026-06-30,2026-06-30-amzcov-now,not_serviceable,0,
amazon-now,600031,Chennai,2026-06-30,2026-06-30-amzcov-now,not_serviceable,0,
amazon-now,600032,Chennai,2026-06-30,2026-06-30-amzcov-now,price_captured,4,175
amazon-now,600033,Chennai,2026-06-30,2026-06-30-amzcov-now,not_serviceable,0,
amazon-now,600034,Chennai,2026-06-30,2026-06-30-amzcov-now,not_serviceable,0,
amazon-now,600035,Chennai,2026-06-30,2026-06-30-amzcov-now,not_serviceable,0,
amazon-now,600036,Chennai,2026-06-30,2026-06-30-amzcov-now,not_serviceable,0,
amazon-now,600037,Chennai,2026-06-30,2026-06-30-amzcov-now,not_serviceable,0,
amazon-now,600038,Chennai,2026-06-30,2026-06-30-amzcov-now,price_captured,1,1299
amazon-now,600039,Chennai,2026-06-30,2026-06-30-amzcov-now,not_serviceable,0,
amazon-now,600040,Chennai,2026-06-30,2026-06-30-amzcov-now,not_serviceable,0,
amazon-now,600041,Chennai,2026-06-30,2026-06-30-amzcov-now,not_serviceable,0,
amazon-now,600042,Chennai,2026-06-30,2026-06-30-amzcov-now,not_serviceable,0,
amazon-now,600049,Chennai,2026-06-30,2026-06-30-amzcov-now,price_captured,1,1299
amazon-now,600050,Chennai,2026-06-30,2026-06-30-amzcov-now,price_captured,3,175
amazon-now,600051,Chennai,2026-06-30,2026-06-30-amzcov-now,price_captured,3,175
amazon-now,600053,Chennai,2026-06-30,2026-06-30-amzcov-now,price_captured,3,175
amazon-now,600057,Chennai,2026-06-30,2026-06-30-amzcov-now,not_serviceable,0,
amazon-now,600058,Chennai,2026-06-30,2026-06-30-amzcov-now,price_captured,3,175
amazon-now,600060,Chennai,2026-06-30,2026-06-30-amzcov-now,price_captured,3,175
amazon-now,600061,Chennai,2026-06-30,2026-06-30-amzcov-now,not_serviceable,0,
amazon-now,600066,Chennai,2026-06-30,2026-06-30-amzcov-now,not_serviceable,0,
amazon-now,600068,Chennai,2026-06-30,2026-06-30-amzcov-now,not_serviceable,0,
amazon-now,600076,Chennai,2026-06-30,2026-06-30-amzcov-now,price_captured,2,175
amazon-now,600077,Chennai,2026-06-30,2026-06-30-amzcov-now,not_serviceable,0,
amazon-now,600078,Chennai,2026-06-30,2026-06-30-amzcov-now,price_captured,3,175
amazon-now,600081,Chennai,2026-06-30,2026-06-30-amzcov-now,not_serviceable,0,
amazon-now,600082,Chennai,2026-06-30,2026-06-30-amzcov-now,price_captured,1,1299
amazon-now,600083,Chennai,2026-06-30,2026-06-30-amzcov-now,price_captured,3,175
amazon-now,600084,Chennai,2026-06-30,2026-06-30-amzcov-now,price_captured,1,175
amazon-now,600085,Chennai,2026-06-30,2026-06-30-amzcov-now,not_serviceable,0,
amazon-now,600086,Chennai,2026-06-30,2026-06-30-amzcov-now,not_serviceable,0,
amazon-now,600087,Chennai,2026-06-30,2026-06-30-amzcov-now,price_captured,3,175
amazon-now,600088,Chennai,2026-06-30,2026-06-30-amzcov-now,not_serviceable,0,
amazon-now,600089,Chennai,2026-06-30,2026-06-30-amzcov-now,not_serviceable,0,
amazon-now,600090,Chennai,2026-06-30,2026-06-30-amzcov-now,price_captured,2,1299
amazon-now,600091,Chennai,2026-06-30,2026-06-30-amzcov-now,not_serviceable,0,
amazon-now,600092,Chennai,2026-06-30,2026-06-30-amzcov-now,price_captured,3,175
amazon-now,600093,Chennai,2026-06-30,2026-06-30-amzcov-now,price_captured,3,175
amazon-now,600094,Chennai,2026-06-30,2026-06-30-amzcov-now,not_serviceable,0,
amazon-now,600095,Chennai,2026-06-30,2026-06-30-amzcov-now,price_captured,3,175
amazon-now,600096,Chennai,2026-06-30,2026-06-30-amzcov-now,price_captured,3,175
amazon-now,600097,Chennai,2026-06-30,2026-06-30-amzcov-now,not_serviceable,0,
amazon-now,600099,Chennai,2026-06-30,2026-06-30-amzcov-now,not_serviceable,0,
amazon-now,600101,Chennai,2026-06-30,2026-06-30-amzcov-now,price_captured,3,175
amazon-now,600102,Chennai,2026-06-30,2026-06-30-amzcov-now,not_serviceable,0,
amazon-now,600103,Chennai,2026-06-30,2026-06-30-amzcov-now,not_serviceable,0,
amazon-now,600104,Chennai,2026-06-30,2026-06-30-amzcov-now,not_serviceable,0,
amazon-now,600106,Chennai,2026-06-30,2026-06-30-amzcov-now,price_captured,3,175
amazon-now,600107,Chennai,2026-06-30,2026-06-30-amzcov-now,price_captured,3,175
amazon-now,600113,Chennai,2026-06-30,2026-06-30-amzcov-now,not_serviceable,0,
amazon-now,600115,Chennai,2026-06-30,2026-06-30-amzcov-now,not_serviceable,0,
amazon-now,600116,Chennai,2026-06-30,2026-06-30-amzcov-now,price_captured,4,175
amazon-now,600118,Chennai,2026-06-30,2026-06-30-amzcov-now,not_serviceable,0,
amazon-now,600119,Chennai,2026-06-30,2026-06-30-amzcov-now,not_serviceable,0,
amazon-now,600125,Chennai,2026-06-30,2026-06-30-amzcov-now,price_captured,3,175
amazon-now,638459,Coimbatore,2026-06-30,2026-06-30-amzcov-now,not_serviceable,0,
amazon-now,641001,Coimbatore,2026-06-30,2026-06-30-amzcov-now,not_serviceable,0,
amazon-now,641002,Coimbatore,2026-06-30,2026-06-30-amzcov-now,not_serviceable,0,
amazon-now,641003,Coimbatore,2026-06-30,2026-06-30-amzcov-now,not_serviceable,0,
amazon-now,641004,Coimbatore,2026-06-30,2026-06-30-amzcov-now,not_serviceable,0,
amazon-now,641005,Coimbatore,2026-06-30,2026-06-30-amzcov-now,not_serviceable,0,
amazon-now,641006,Coimbatore,2026-06-30,2026-06-30-amzcov-now,not_serviceable,0,
amazon-now,641007,Coimbatore,2026-06-30,2026-06-30-amzcov-now,not_serviceable,0,
amazon-now,641008,Coimbatore,2026-06-30,2026-06-30-amzcov-now,not_serviceable,0,
amazon-now,641009,Coimbatore,2026-06-30,2026-06-30-amzcov-now,not_serviceable,0,
amazon-now,641010,Coimbatore,2026-06-30,2026-06-30-amzcov-now,not_serviceable,0,
amazon-now,641011,Coimbatore,2026-06-30,2026-06-30-amzcov-now,not_serviceable,0,
amazon-now,641012,Coimbatore,2026-06-30,2026-06-30-amzcov-now,not_serviceable,0,
amazon-now,641013,Coimbatore,2026-06-30,2026-06-30-amzcov-now,not_serviceable,0,
amazon-now,641014,Coimbatore,2026-06-30,2026-06-30-amzcov-now,not_serviceable,0,
amazon-now,641015,Coimbatore,2026-06-30,2026-06-30-amzcov-now,not_serviceable,0,
amazon-now,641016,Coimbatore,2026-06-30,2026-06-30-amzcov-now,not_serviceable,0,
amazon-now,641017,Coimbatore,2026-06-30,2026-06-30-amzcov-now,not_serviceable,0,
amazon-now,641018,Coimbatore,2026-06-30,2026-06-30-amzcov-now,not_serviceable,0,
amazon-now,641019,Coimbatore,2026-06-30,2026-06-30-amzcov-now,not_serviceable,0,
amazon-now,641020,Coimbatore,2026-06-30,2026-06-30-amzcov-now,not_serviceable,0,
amazon-now,641021,Coimbatore,2026-06-30,2026-06-30-amzcov-now,not_serviceable,0,
amazon-now,641022,Coimbatore,2026-06-30,2026-06-30-amzcov-now,not_serviceable,0,
amazon-now,641023,Coimbatore,2026-06-30,2026-06-30-amzcov-now,not_serviceable,0,
amazon-now,641024,Coimbatore,2026-06-30,2026-06-30-amzcov-now,not_serviceable,0,
amazon-now,641025,Coimbatore,2026-06-30,2026-06-30-amzcov-now,not_serviceable,0,
amazon-now,641026,Coimbatore,2026-06-30,2026-06-30-amzcov-now,not_serviceable,0,
amazon-now,641027,Coimbatore,2026-06-30,2026-06-30-amzcov-now,not_serviceable,0,
amazon-now,641028,Coimbatore,2026-06-30,2026-06-30-amzcov-now,not_serviceable,0,
amazon-now,641029,Coimbatore,2026-06-30,2026-06-30-amzcov-now,not_serviceable,0,
amazon-now,641030,Coimbatore,2026-06-30,2026-06-30-amzcov-now,not_serviceable,0,
amazon-now,641031,Coimbatore,2026-06-30,2026-06-30-amzcov-now,not_serviceable,0,
amazon-now,641032,Coimbatore,2026-06-30,2026-06-30-amzcov-now,not_serviceable,0,
amazon-now,641033,Coimbatore,2026-06-30,2026-06-30-amzcov-now,not_serviceable,0,
amazon-now,641034,Coimbatore,2026-06-30,2026-06-30-amzcov-now,not_serviceable,0,
amazon-now,641035,Coimbatore,2026-06-30,2026-06-30-amzcov-now,not_serviceable,0,
amazon-now,641036,Coimbatore,2026-06-30,2026-06-30-amzcov-now,not_serviceable,0,
amazon-now,641037,Coimbatore,2026-06-30,2026-06-30-amzcov-now,not_serviceable,0,
amazon-now,641038,Coimbatore,2026-06-30,2026-06-30-amzcov-now,not_serviceable,0,
amazon-now,641039,Coimbatore,2026-06-30,2026-06-30-amzcov-now,not_serviceable,0,
amazon-now,641040,Coimbatore,2026-06-30,2026-06-30-amzcov-now,not_serviceable,0,
amazon-now,641041,Coimbatore,2026-06-30,2026-06-30-amzcov-now,not_serviceable,0,
amazon-now,641042,Coimbatore,2026-06-30,2026-06-30-amzcov-now,not_serviceable,0,
amazon-now,641043,Coimbatore,2026-06-30,2026-06-30-amzcov-now,not_serviceable,0,
amazon-now,641044,Coimbatore,2026-06-30,2026-06-30-amzcov-now,not_serviceable,0,
amazon-now,641045,Coimbatore,2026-06-30,2026-06-30-amzcov-now,not_serviceable,0,
amazon-now,641046,Coimbatore,2026-06-30,2026-06-30-amzcov-now,not_serviceable,0,
amazon-now,641047,Coimbatore,2026-06-30,2026-06-30-amzcov-now,not_serviceable,0,
amazon-now,641048,Coimbatore,2026-06-30,2026-06-30-amzcov-now,not_serviceable,0,
amazon-now,641049,Coimbatore,2026-06-30,2026-06-30-amzcov-now,not_serviceable,0,
amazon-now,641050,Coimbatore,2026-06-30,2026-06-30-amzcov-now,not_serviceable,0,
amazon-now,641062,Coimbatore,2026-06-30,2026-06-30-amzcov-now,not_serviceable,0,
amazon-now,641101,Coimbatore,2026-06-30,2026-06-30-amzcov-now,not_serviceable,0,
amazon-now,641103,Coimbatore,2026-06-30,2026-06-30-amzcov-now,not_serviceable,0,
amazon-now,641104,Coimbatore,2026-06-30,2026-06-30-amzcov-now,not_serviceable,0,
amazon-now,641105,Coimbatore,2026-06-30,2026-06-30-amzcov-now,not_serviceable,0,
amazon-now,641107,Coimbatore,2026-06-30,2026-06-30-amzcov-now,not_serviceable,0,
amazon-now,641108,Coimbatore,2026-06-30,2026-06-30-amzcov-now,not_serviceable,0,
amazon-now,641109,Coimbatore,2026-06-30,2026-06-30-amzcov-now,not_serviceable,0,
amazon-now,641110,Coimbatore,2026-06-30,2026-06-30-amzcov-now,not_serviceable,0,
amazon-now,641111,Coimbatore,2026-06-30,2026-06-30-amzcov-now,not_serviceable,0,
amazon-now,641112,Coimbatore,2026-06-30,2026-06-30-amzcov-now,not_serviceable,0,
amazon-now,641113,Coimbatore,2026-06-30,2026-06-30-amzcov-now,not_serviceable,0,
amazon-now,641114,Coimbatore,2026-06-30,2026-06-30-amzcov-now,not_serviceable,0,
amazon-now,641201,Coimbatore,2026-06-30,2026-06-30-amzcov-now,not_serviceable,0,
amazon-now,641202,Coimbatore,2026-06-30,2026-06-30-amzcov-now,not_serviceable,0,
amazon-now,641301,Coimbatore,2026-06-30,2026-06-30-amzcov-now,not_serviceable,0,
amazon-now,641302,Coimbatore,2026-06-30,2026-06-30-amzcov-now,not_serviceable,0,
amazon-now,641305,Coimbatore,2026-06-30,2026-06-30-amzcov-now,not_serviceable,0,
amazon-now,641401,Coimbatore,2026-06-30,2026-06-30-amzcov-now,not_serviceable,0,
amazon-now,641402,Coimbatore,2026-06-30,2026-06-30-amzcov-now,not_serviceable,0,
amazon-now,641407,Coimbatore,2026-06-30,2026-06-30-amzcov-now,not_serviceable,0,
amazon-now,641653,Coimbatore,2026-06-30,2026-06-30-amzcov-now,not_serviceable,0,
amazon-now,641658,Coimbatore,2026-06-30,2026-06-30-amzcov-now,not_serviceable,0,
amazon-now,641659,Coimbatore,2026-06-30,2026-06-30-amzcov-now,not_serviceable,0,
amazon-now,641668,Coimbatore,2026-06-30,2026-06-30-amzcov-now,not_serviceable,0,
amazon-now,641669,Coimbatore,2026-06-30,2026-06-30-amzcov-now,not_serviceable,0,
amazon-now,641671,Coimbatore,2026-06-30,2026-06-30-amzcov-now,not_serviceable,0,
amazon-now,641697,Coimbatore,2026-06-30,2026-06-30-amzcov-now,not_serviceable,0,
amazon-now,642001,Coimbatore,2026-06-30,2026-06-30-amzcov-now,not_serviceable,0,
amazon-now,642002,Coimbatore,2026-06-30,2026-06-30-amzcov-now,not_serviceable,0,
amazon-now,642003,Coimbatore,2026-06-30,2026-06-30-amzcov-now,not_serviceable,0,
amazon-now,642004,Coimbatore,2026-06-30,2026-06-30-amzcov-now,not_serviceable,0,
amazon-now,642005,Coimbatore,2026-06-30,2026-06-30-amzcov-now,not_serviceable,0,
amazon-now,642006,Coimbatore,2026-06-30,2026-06-30-amzcov-now,not_serviceable,0,
amazon-now,642007,Coimbatore,2026-06-30,2026-06-30-amzcov-now,not_serviceable,0,
amazon-now,642101,Coimbatore,2026-06-30,2026-06-30-amzcov-now,not_serviceable,0,
amazon-now,642103,Coimbatore,2026-06-30,2026-06-30-amzcov-now,not_serviceable,0,
amazon-now,642104,Coimbatore,2026-06-30,2026-06-30-amzcov-now,not_serviceable,0,
amazon-now,642105,Coimbatore,2026-06-30,2026-06-30-amzcov-now,not_serviceable,0,
amazon-now,642106,Coimbatore,2026-06-30,2026-06-30-amzcov-now,not_serviceable,0,
amazon-now,642107,Coimbatore,2026-06-30,2026-06-30-amzcov-now,not_serviceable,0,
amazon-now,642108,Coimbatore,2026-06-30,2026-06-30-amzcov-now,not_serviceable,0,
amazon-now,642109,Coimbatore,2026-06-30,2026-06-30-amzcov-now,not_serviceable,0,
amazon-now,642110,Coimbatore,2026-06-30,2026-06-30-amzcov-now,not_serviceable,0,
amazon-now,642114,Coimbatore,2026-06-30,2026-06-30-amzcov-now,not_serviceable,0,
amazon-now,642117,Coimbatore,2026-06-30,2026-06-30-amzcov-now,not_serviceable,0,
amazon-now,642120,Coimbatore,2026-06-30,2026-06-30-amzcov-now,not_serviceable,0,
amazon-now,642123,Coimbatore,2026-06-30,2026-06-30-amzcov-now,not_serviceable,0,
amazon-now,642125,Coimbatore,2026-06-30,2026-06-30-amzcov-now,not_serviceable,0,
amazon-now,642127,Coimbatore,2026-06-30,2026-06-30-amzcov-now,not_serviceable,0,
amazon-now,642129,Coimbatore,2026-06-30,2026-06-30-amzcov-now,not_serviceable,0,
amazon-now,642130,Coimbatore,2026-06-30,2026-06-30-amzcov-now,not_serviceable,0,
amazon-now,642133,Coimbatore,2026-06-30,2026-06-30-amzcov-now,not_serviceable,0,
amazon-now,642134,Coimbatore,2026-06-30,2026-06-30-amzcov-now,not_serviceable,0,
amazon-now,642202,Coimbatore,2026-06-30,2026-06-30-amzcov-now,not_serviceable,0,
amazon-now,642205,Coimbatore,2026-06-30,2026-06-30-amzcov-now,not_serviceable,0,
amazon-now,680667,Kochi,2026-06-30,2026-06-30-amzcov-now,not_serviceable,0,
amazon-now,682001,Kochi,2026-06-30,2026-06-30-amzcov-now,not_serviceable,0,
amazon-now,682002,Kochi,2026-06-30,2026-06-30-amzcov-now,not_serviceable,0,
amazon-now,682003,Kochi,2026-06-30,2026-06-30-amzcov-now,not_serviceable,0,
amazon-now,682004,Kochi,2026-06-30,2026-06-30-amzcov-now,not_serviceable,0,
amazon-now,682005,Kochi,2026-06-30,2026-06-30-amzcov-now,not_serviceable,0,
amazon-now,682006,Kochi,2026-06-30,2026-06-30-amzcov-now,not_serviceable,0,
amazon-now,682007,Kochi,2026-06-30,2026-06-30-amzcov-now,not_serviceable,0,
amazon-now,682008,Kochi,2026-06-30,2026-06-30-amzcov-now,not_serviceable,0,
amazon-now,682009,Kochi,2026-06-30,2026-06-30-amzcov-now,not_serviceable,0,
amazon-now,682010,Kochi,2026-06-30,2026-06-30-amzcov-now,not_serviceable,0,
amazon-now,682011,Kochi,2026-06-30,2026-06-30-amzcov-now,not_serviceable,0,
amazon-now,682012,Kochi,2026-06-30,2026-06-30-amzcov-now,not_serviceable,0,
amazon-now,682013,Kochi,2026-06-30,2026-06-30-amzcov-now,not_serviceable,0,
amazon-now,682015,Kochi,2026-06-30,2026-06-30-amzcov-now,not_serviceable,0,
amazon-now,682016,Kochi,2026-06-30,2026-06-30-amzcov-now,not_serviceable,0,
amazon-now,682017,Kochi,2026-06-30,2026-06-30-amzcov-now,not_serviceable,0,
amazon-now,682018,Kochi,2026-06-30,2026-06-30-amzcov-now,not_serviceable,0,
amazon-now,682019,Kochi,2026-06-30,2026-06-30-amzcov-now,not_serviceable,0,
amazon-now,682020,Kochi,2026-06-30,2026-06-30-amzcov-now,not_serviceable,0,
amazon-now,682021,Kochi,2026-06-30,2026-06-30-amzcov-now,not_serviceable,0,
amazon-now,682022,Kochi,2026-06-30,2026-06-30-amzcov-now,not_serviceable,0,
amazon-now,682023,Kochi,2026-06-30,2026-06-30-amzcov-now,not_serviceable,0,
amazon-now,682024,Kochi,2026-06-30,2026-06-30-amzcov-now,not_serviceable,0,
amazon-now,682025,Kochi,2026-06-30,2026-06-30-amzcov-now,not_serviceable,0,
amazon-now,682026,Kochi,2026-06-30,2026-06-30-amzcov-now,not_serviceable,0,
amazon-now,682027,Kochi,2026-06-30,2026-06-30-amzcov-now,not_serviceable,0,
amazon-now,682028,Kochi,2026-06-30,2026-06-30-amzcov-now,not_serviceable,0,
amazon-now,682029,Kochi,2026-06-30,2026-06-30-amzcov-now,not_serviceable,0,
amazon-now,682030,Kochi,2026-06-30,2026-06-30-amzcov-now,not_serviceable,0,
amazon-now,682031,Kochi,2026-06-30,2026-06-30-amzcov-now,not_serviceable,0,
amazon-now,682032,Kochi,2026-06-30,2026-06-30-amzcov-now,not_serviceable,0,
amazon-now,682033,Kochi,2026-06-30,2026-06-30-amzcov-now,not_serviceable,0,
amazon-now,682034,Kochi,2026-06-30,2026-06-30-amzcov-now,not_serviceable,0,
amazon-now,682035,Kochi,2026-06-30,2026-06-30-amzcov-now,not_serviceable,0,
amazon-now,682036,Kochi,2026-06-30,2026-06-30-amzcov-now,not_serviceable,0,
amazon-now,682037,Kochi,2026-06-30,2026-06-30-amzcov-now,not_serviceable,0,
amazon-now,682038,Kochi,2026-06-30,2026-06-30-amzcov-now,not_serviceable,0,
amazon-now,682039,Kochi,2026-06-30,2026-06-30-amzcov-now,not_serviceable,0,
amazon-now,682040,Kochi,2026-06-30,2026-06-30-amzcov-now,not_serviceable,0,
amazon-now,682041,Kochi,2026-06-30,2026-06-30-amzcov-now,not_serviceable,0,
amazon-now,682042,Kochi,2026-06-30,2026-06-30-amzcov-now,not_serviceable,0,
amazon-now,682050,Kochi,2026-06-30,2026-06-30-amzcov-now,not_serviceable,0,
amazon-now,682051,Kochi,2026-06-30,2026-06-30-amzcov-now,not_serviceable,0,
amazon-now,682052,Kochi,2026-06-30,2026-06-30-amzcov-now,not_serviceable,0,
amazon-now,682301,Kochi,2026-06-30,2026-06-30-amzcov-now,not_serviceable,0,
amazon-now,682302,Kochi,2026-06-30,2026-06-30-amzcov-now,not_serviceable,0,
amazon-now,682303,Kochi,2026-06-30,2026-06-30-amzcov-now,not_serviceable,0,
amazon-now,682304,Kochi,2026-06-30,2026-06-30-amzcov-now,not_serviceable,0,
amazon-now,682305,Kochi,2026-06-30,2026-06-30-amzcov-now,not_serviceable,0,
amazon-now,682306,Kochi,2026-06-30,2026-06-30-amzcov-now,not_serviceable,0,
amazon-now,682307,Kochi,2026-06-30,2026-06-30-amzcov-now,not_serviceable,0,
amazon-now,682308,Kochi,2026-06-30,2026-06-30-amzcov-now,not_serviceable,0,
amazon-now,682309,Kochi,2026-06-30,2026-06-30-amzcov-now,not_serviceable,0,
amazon-now,682310,Kochi,2026-06-30,2026-06-30-amzcov-now,not_serviceable,0,
amazon-now,682311,Kochi,2026-06-30,2026-06-30-amzcov-now,not_serviceable,0,
amazon-now,682312,Kochi,2026-06-30,2026-06-30-amzcov-now,not_serviceable,0,
amazon-now,682313,Kochi,2026-06-30,2026-06-30-amzcov-now,not_serviceable,0,
amazon-now,682314,Kochi,2026-06-30,2026-06-30-amzcov-now,not_serviceable,0,
amazon-now,682315,Kochi,2026-06-30,2026-06-30-amzcov-now,not_serviceable,0,
amazon-now,682316,Kochi,2026-06-30,2026-06-30-amzcov-now,not_serviceable,0,
amazon-now,682317,Kochi,2026-06-30,2026-06-30-amzcov-now,not_serviceable,0,
amazon-now,682501,Kochi,2026-06-30,2026-06-30-amzcov-now,not_serviceable,0,
amazon-now,682502,Kochi,2026-06-30,2026-06-30-amzcov-now,not_serviceable,0,
amazon-now,682503,Kochi,2026-06-30,2026-06-30-amzcov-now,not_serviceable,0,
amazon-now,682504,Kochi,2026-06-30,2026-06-30-amzcov-now,not_serviceable,0,
amazon-now,682505,Kochi,2026-06-30,2026-06-30-amzcov-now,not_serviceable,0,
amazon-now,682506,Kochi,2026-06-30,2026-06-30-amzcov-now,not_serviceable,0,
amazon-now,682507,Kochi,2026-06-30,2026-06-30-amzcov-now,not_serviceable,0,
amazon-now,682508,Kochi,2026-06-30,2026-06-30-amzcov-now,not_serviceable,0,
amazon-now,682509,Kochi,2026-06-30,2026-06-30-amzcov-now,not_serviceable,0,
amazon-now,682511,Kochi,2026-06-30,2026-06-30-amzcov-now,not_serviceable,0,
amazon-now,683101,Kochi,2026-06-30,2026-06-30-amzcov-now,not_serviceable,0,
amazon-now,683102,Kochi,2026-06-30,2026-06-30-amzcov-now,not_serviceable,0,
amazon-now,683104,Kochi,2026-06-30,2026-06-30-amzcov-now,not_serviceable,0,
amazon-now,683105,Kochi,2026-06-30,2026-06-30-amzcov-now,not_serviceable,0,
amazon-now,683106,Kochi,2026-06-30,2026-06-30-amzcov-now,not_serviceable,0,
amazon-now,683108,Kochi,2026-06-30,2026-06-30-amzcov-now,not_serviceable,0,
amazon-now,683110,Kochi,2026-06-30,2026-06-30-amzcov-now,not_serviceable,0,
amazon-now,683111,Kochi,2026-06-30,2026-06-30-amzcov-now,not_serviceable,0,
amazon-now,683112,Kochi,2026-06-30,2026-06-30-amzcov-now,not_serviceable,0,
amazon-now,683501,Kochi,2026-06-30,2026-06-30-amzcov-now,not_serviceable,0,
amazon-now,683502,Kochi,2026-06-30,2026-06-30-amzcov-now,not_serviceable,0,
amazon-now,683503,Kochi,2026-06-30,2026-06-30-amzcov-now,not_serviceable,0,
amazon-now,683511,Kochi,2026-06-30,2026-06-30-amzcov-now,not_serviceable,0,
amazon-now,683512,Kochi,2026-06-30,2026-06-30-amzcov-now,not_serviceable,0,
amazon-now,683513,Kochi,2026-06-30,2026-06-30-amzcov-now,not_serviceable,0,
amazon-now,683514,Kochi,2026-06-30,2026-06-30-amzcov-now,not_serviceable,0,
amazon-now,683515,Kochi,2026-06-30,2026-06-30-amzcov-now,not_serviceable,0,
amazon-now,683516,Kochi,2026-06-30,2026-06-30-amzcov-now,not_serviceable,0,
amazon-now,683517,Kochi,2026-06-30,2026-06-30-amzcov-now,not_serviceable,0,
amazon-now,683518,Kochi,2026-06-30,2026-06-30-amzcov-now,not_serviceable,0,
amazon-now,683519,Kochi,2026-06-30,2026-06-30-amzcov-now,not_serviceable,0,
amazon-now,683520,Kochi,2026-06-30,2026-06-30-amzcov-now,not_serviceable,0,
amazon-now,683521,Kochi,2026-06-30,2026-06-30-amzcov-now,not_serviceable,0,
amazon-now,683522,Kochi,2026-06-30,2026-06-30-amzcov-now,not_serviceable,0,
amazon-now,683541,Kochi,2026-06-30,2026-06-30-amzcov-now,not_serviceable,0,
amazon-now,683542,Kochi,2026-06-30,2026-06-30-amzcov-now,not_serviceable,0,
amazon-now,683543,Kochi,2026-06-30,2026-06-30-amzcov-now,not_serviceable,0,
amazon-now,683544,Kochi,2026-06-30,2026-06-30-amzcov-now,not_serviceable,0,
amazon-now,683545,Kochi,2026-06-30,2026-06-30-amzcov-now,not_serviceable,0,
amazon-now,683546,Kochi,2026-06-30,2026-06-30-amzcov-now,not_serviceable,0,
amazon-now,683547,Kochi,2026-06-30,2026-06-30-amzcov-now,not_serviceable,0,
amazon-now,683548,Kochi,2026-06-30,2026-06-30-amzcov-now,not_serviceable,0,
amazon-now,683549,Kochi,2026-06-30,2026-06-30-amzcov-now,not_serviceable,0,
amazon-now,683550,Kochi,2026-06-30,2026-06-30-amzcov-now,not_serviceable,0,
amazon-now,683556,Kochi,2026-06-30,2026-06-30-amzcov-now,not_serviceable,0,
amazon-now,683561,Kochi,2026-06-30,2026-06-30-amzcov-now,not_serviceable,0,
amazon-now,683562,Kochi,2026-06-30,2026-06-30-amzcov-now,not_serviceable,0,
amazon-now,683563,Kochi,2026-06-30,2026-06-30-amzcov-now,not_serviceable,0,
amazon-now,683565,Kochi,2026-06-30,2026-06-30-amzcov-now,not_serviceable,0,
amazon-now,683571,Kochi,2026-06-30,2026-06-30-amzcov-now,not_serviceable,0,
amazon-now,683572,Kochi,2026-06-30,2026-06-30-amzcov-now,not_serviceable,0,
amazon-now,683573,Kochi,2026-06-30,2026-06-30-amzcov-now,not_serviceable,0,
amazon-now,683574,Kochi,2026-06-30,2026-06-30-amzcov-now,not_serviceable,0,
amazon-now,683575,Kochi,2026-06-30,2026-06-30-amzcov-now,not_serviceable,0,
amazon-now,683576,Kochi,2026-06-30,2026-06-30-amzcov-now,not_serviceable,0,
amazon-now,683577,Kochi,2026-06-30,2026-06-30-amzcov-now,not_serviceable,0,
amazon-now,683578,Kochi,2026-06-30,2026-06-30-amzcov-now,not_serviceable,0,
amazon-now,683579,Kochi,2026-06-30,2026-06-30-amzcov-now,not_serviceable,0,
amazon-now,683580,Kochi,2026-06-30,2026-06-30-amzcov-now,not_serviceable,0,
amazon-now,683581,Kochi,2026-06-30,2026-06-30-amzcov-now,not_serviceable,0,
amazon-now,683585,Kochi,2026-06-30,2026-06-30-amzcov-now,not_serviceable,0,
amazon-now,683587,Kochi,2026-06-30,2026-06-30-amzcov-now,not_serviceable,0,
amazon-now,683589,Kochi,2026-06-30,2026-06-30-amzcov-now,not_serviceable,0,
amazon-now,683594,Kochi,2026-06-30,2026-06-30-amzcov-now,not_serviceable,0,
amazon-now,686661,Kochi,2026-06-30,2026-06-30-amzcov-now,not_serviceable,0,
amazon-now,686662,Kochi,2026-06-30,2026-06-30-amzcov-now,not_serviceable,0,
amazon-now,686663,Kochi,2026-06-30,2026-06-30-amzcov-now,not_serviceable,0,
amazon-now,686664,Kochi,2026-06-30,2026-06-30-amzcov-now,not_serviceable,0,
amazon-now,686665,Kochi,2026-06-30,2026-06-30-amzcov-now,not_serviceable,0,
amazon-now,686666,Kochi,2026-06-30,2026-06-30-amzcov-now,not_serviceable,0,
amazon-now,686667,Kochi,2026-06-30,2026-06-30-amzcov-now,not_serviceable,0,
amazon-now,686668,Kochi,2026-06-30,2026-06-30-amzcov-now,not_serviceable,0,
amazon-now,686669,Kochi,2026-06-30,2026-06-30-amzcov-now,not_serviceable,0,
amazon-now,686670,Kochi,2026-06-30,2026-06-30-amzcov-now,not_serviceable,0,
amazon-now,686671,Kochi,2026-06-30,2026-06-30-amzcov-now,not_serviceable,0,
amazon-now,686672,Kochi,2026-06-30,2026-06-30-amzcov-now,not_serviceable,0,
amazon-now,686673,Kochi,2026-06-30,2026-06-30-amzcov-now,not_serviceable,0,
amazon-now,686681,Kochi,2026-06-30,2026-06-30-amzcov-now,not_serviceable,0,
amazon-now,686691,Kochi,2026-06-30,2026-06-30-amzcov-now,not_serviceable,0,
amazon-now,686692,Kochi,2026-06-30,2026-06-30-amzcov-now,not_serviceable,0,
amazon-now,686693,Kochi,2026-06-30,2026-06-30-amzcov-now,not_serviceable,0,
amazon-now,695001,Thiruvananthapuram,2026-06-30,2026-06-30-amzcov-now,not_serviceable,0,
amazon-now,695002,Thiruvananthapuram,2026-06-30,2026-06-30-amzcov-now,not_serviceable,0,
amazon-now,695003,Thiruvananthapuram,2026-06-30,2026-06-30-amzcov-now,not_serviceable,0,
amazon-now,695004,Thiruvananthapuram,2026-06-30,2026-06-30-amzcov-now,not_serviceable,0,
amazon-now,695005,Thiruvananthapuram,2026-06-30,2026-06-30-amzcov-now,not_serviceable,0,
amazon-now,695006,Thiruvananthapuram,2026-06-30,2026-06-30-amzcov-now,not_serviceable,0,
amazon-now,695007,Thiruvananthapuram,2026-06-30,2026-06-30-amzcov-now,not_serviceable,0,
amazon-now,695008,Thiruvananthapuram,2026-06-30,2026-06-30-amzcov-now,not_serviceable,0,
amazon-now,695009,Thiruvananthapuram,2026-06-30,2026-06-30-amzcov-now,not_serviceable,0,
amazon-now,695010,Thiruvananthapuram,2026-06-30,2026-06-30-amzcov-now,not_serviceable,0,
amazon-now,695011,Thiruvananthapuram,2026-06-30,2026-06-30-amzcov-now,not_serviceable,0,
amazon-now,695012,Thiruvananthapuram,2026-06-30,2026-06-30-amzcov-now,not_serviceable,0,
amazon-now,695013,Thiruvananthapuram,2026-06-30,2026-06-30-amzcov-now,not_serviceable,0,
amazon-now,695014,Thiruvananthapuram,2026-06-30,2026-06-30-amzcov-now,not_serviceable,0,
amazon-now,695015,Thiruvananthapuram,2026-06-30,2026-06-30-amzcov-now,not_serviceable,0,
amazon-now,695016,Thiruvananthapuram,2026-06-30,2026-06-30-amzcov-now,not_serviceable,0,
amazon-now,695017,Thiruvananthapuram,2026-06-30,2026-06-30-amzcov-now,not_serviceable,0,
amazon-now,695018,Thiruvananthapuram,2026-06-30,2026-06-30-amzcov-now,not_serviceable,0,
amazon-now,695019,Thiruvananthapuram,2026-06-30,2026-06-30-amzcov-now,not_serviceable,0,
amazon-now,695020,Thiruvananthapuram,2026-06-30,2026-06-30-amzcov-now,not_serviceable,0,
amazon-now,695021,Thiruvananthapuram,2026-06-30,2026-06-30-amzcov-now,not_serviceable,0,
amazon-now,695022,Thiruvananthapuram,2026-06-30,2026-06-30-amzcov-now,not_serviceable,0,
amazon-now,695023,Thiruvananthapuram,2026-06-30,2026-06-30-amzcov-now,not_serviceable,0,
amazon-now,695024,Thiruvananthapuram,2026-06-30,2026-06-30-amzcov-now,not_serviceable,0,
amazon-now,695025,Thiruvananthapuram,2026-06-30,2026-06-30-amzcov-now,not_serviceable,0,
amazon-now,695026,Thiruvananthapuram,2026-06-30,2026-06-30-amzcov-now,not_serviceable,0,
amazon-now,695027,Thiruvananthapuram,2026-06-30,2026-06-30-amzcov-now,not_serviceable,0,
amazon-now,695028,Thiruvananthapuram,2026-06-30,2026-06-30-amzcov-now,not_serviceable,0,
amazon-now,695029,Thiruvananthapuram,2026-06-30,2026-06-30-amzcov-now,not_serviceable,0,
amazon-now,695030,Thiruvananthapuram,2026-06-30,2026-06-30-amzcov-now,not_serviceable,0,
amazon-now,695032,Thiruvananthapuram,2026-06-30,2026-06-30-amzcov-now,not_serviceable,0,
amazon-now,695033,Thiruvananthapuram,2026-06-30,2026-06-30-amzcov-now,not_serviceable,0,
amazon-now,695034,Thiruvananthapuram,2026-06-30,2026-06-30-amzcov-now,not_serviceable,0,
amazon-now,695035,Thiruvananthapuram,2026-06-30,2026-06-30-amzcov-now,not_serviceable,0,
amazon-now,695036,Thiruvananthapuram,2026-06-30,2026-06-30-amzcov-now,not_serviceable,0,
amazon-now,695038,Thiruvananthapuram,2026-06-30,2026-06-30-amzcov-now,not_serviceable,0,
amazon-now,695040,Thiruvananthapuram,2026-06-30,2026-06-30-amzcov-now,not_serviceable,0,
amazon-now,695042,Thiruvananthapuram,2026-06-30,2026-06-30-amzcov-now,not_serviceable,0,
amazon-now,695043,Thiruvananthapuram,2026-06-30,2026-06-30-amzcov-now,not_serviceable,0,
amazon-now,695051,Thiruvananthapuram,2026-06-30,2026-06-30-amzcov-now,not_serviceable,0,
amazon-now,695099,Thiruvananthapuram,2026-06-30,2026-06-30-amzcov-now,not_serviceable,0,
amazon-now,695101,Thiruvananthapuram,2026-06-30,2026-06-30-amzcov-now,not_serviceable,0,
amazon-now,695102,Thiruvananthapuram,2026-06-30,2026-06-30-amzcov-now,not_serviceable,0,
amazon-now,695103,Thiruvananthapuram,2026-06-30,2026-06-30-amzcov-now,not_serviceable,0,
amazon-now,695104,Thiruvananthapuram,2026-06-30,2026-06-30-amzcov-now,not_serviceable,0,
amazon-now,695121,Thiruvananthapuram,2026-06-30,2026-06-30-amzcov-now,not_serviceable,0,
amazon-now,695122,Thiruvananthapuram,2026-06-30,2026-06-30-amzcov-now,not_serviceable,0,
amazon-now,695123,Thiruvananthapuram,2026-06-30,2026-06-30-amzcov-now,not_serviceable,0,
amazon-now,695124,Thiruvananthapuram,2026-06-30,2026-06-30-amzcov-now,not_serviceable,0,
amazon-now,695125,Thiruvananthapuram,2026-06-30,2026-06-30-amzcov-now,not_serviceable,0,
amazon-now,695126,Thiruvananthapuram,2026-06-30,2026-06-30-amzcov-now,not_serviceable,0,
amazon-now,695132,Thiruvananthapuram,2026-06-30,2026-06-30-amzcov-now,not_serviceable,0,
amazon-now,695133,Thiruvananthapuram,2026-06-30,2026-06-30-amzcov-now,not_serviceable,0,
amazon-now,695134,Thiruvananthapuram,2026-06-30,2026-06-30-amzcov-now,not_serviceable,0,
amazon-now,695141,Thiruvananthapuram,2026-06-30,2026-06-30-amzcov-now,not_serviceable,0,
amazon-now,695142,Thiruvananthapuram,2026-06-30,2026-06-30-amzcov-now,not_serviceable,0,
amazon-now,695143,Thiruvananthapuram,2026-06-30,2026-06-30-amzcov-now,not_serviceable,0,
amazon-now,695144,Thiruvananthapuram,2026-06-30,2026-06-30-amzcov-now,not_serviceable,0,
amazon-now,695145,Thiruvananthapuram,2026-06-30,2026-06-30-amzcov-now,not_serviceable,0,
amazon-now,695146,Thiruvananthapuram,2026-06-30,2026-06-30-amzcov-now,not_serviceable,0,
amazon-now,695301,Thiruvananthapuram,2026-06-30,2026-06-30-amzcov-now,not_serviceable,0,
amazon-now,695302,Thiruvananthapuram,2026-06-30,2026-06-30-amzcov-now,not_serviceable,0,
amazon-now,695303,Thiruvananthapuram,2026-06-30,2026-06-30-amzcov-now,not_serviceable,0,
amazon-now,695304,Thiruvananthapuram,2026-06-30,2026-06-30-amzcov-now,not_serviceable,0,
amazon-now,695305,Thiruvananthapuram,2026-06-30,2026-06-30-amzcov-now,not_serviceable,0,
amazon-now,695306,Thiruvananthapuram,2026-06-30,2026-06-30-amzcov-now,not_serviceable,0,
amazon-now,695307,Thiruvananthapuram,2026-06-30,2026-06-30-amzcov-now,not_serviceable,0,
amazon-now,695308,Thiruvananthapuram,2026-06-30,2026-06-30-amzcov-now,not_serviceable,0,
amazon-now,695309,Thiruvananthapuram,2026-06-30,2026-06-30-amzcov-now,not_serviceable,0,
amazon-now,695310,Thiruvananthapuram,2026-06-30,2026-06-30-amzcov-now,not_serviceable,0,
amazon-now,695311,Thiruvananthapuram,2026-06-30,2026-06-30-amzcov-now,not_serviceable,0,
amazon-now,695312,Thiruvananthapuram,2026-06-30,2026-06-30-amzcov-now,not_serviceable,0,
amazon-now,695313,Thiruvananthapuram,2026-06-30,2026-06-30-amzcov-now,not_serviceable,0,
amazon-now,695316,Thiruvananthapuram,2026-06-30,2026-06-30-amzcov-now,not_serviceable,0,
amazon-now,695317,Thiruvananthapuram,2026-06-30,2026-06-30-amzcov-now,not_serviceable,0,
amazon-now,695318,Thiruvananthapuram,2026-06-30,2026-06-30-amzcov-now,not_serviceable,0,
amazon-now,695501,Thiruvananthapuram,2026-06-30,2026-06-30-amzcov-now,not_serviceable,0,
amazon-now,695502,Thiruvananthapuram,2026-06-30,2026-06-30-amzcov-now,not_serviceable,0,
amazon-now,695503,Thiruvananthapuram,2026-06-30,2026-06-30-amzcov-now,not_serviceable,0,
amazon-now,695504,Thiruvananthapuram,2026-06-30,2026-06-30-amzcov-now,not_serviceable,0,
amazon-now,695505,Thiruvananthapuram,2026-06-30,2026-06-30-amzcov-now,not_serviceable,0,
amazon-now,695506,Thiruvananthapuram,2026-06-30,2026-06-30-amzcov-now,not_serviceable,0,
amazon-now,695507,Thiruvananthapuram,2026-06-30,2026-06-30-amzcov-now,not_serviceable,0,
amazon-now,695508,Thiruvananthapuram,2026-06-30,2026-06-30-amzcov-now,not_serviceable,0,
amazon-now,695512,Thiruvananthapuram,2026-06-30,2026-06-30-amzcov-now,not_serviceable,0,
amazon-now,695513,Thiruvananthapuram,2026-06-30,2026-06-30-amzcov-now,not_serviceable,0,
amazon-now,695521,Thiruvananthapuram,2026-06-30,2026-06-30-amzcov-now,not_serviceable,0,
amazon-now,695522,Thiruvananthapuram,2026-06-30,2026-06-30-amzcov-now,not_serviceable,0,
amazon-now,695523,Thiruvananthapuram,2026-06-30,2026-06-30-amzcov-now,not_serviceable,0,
amazon-now,695524,Thiruvananthapuram,2026-06-30,2026-06-30-amzcov-now,not_serviceable,0,
amazon-now,695525,Thiruvananthapuram,2026-06-30,2026-06-30-amzcov-now,not_serviceable,0,
amazon-now,695526,Thiruvananthapuram,2026-06-30,2026-06-30-amzcov-now,not_serviceable,0,
amazon-now,695527,Thiruvananthapuram,2026-06-30,2026-06-30-amzcov-now,not_serviceable,0,
amazon-now,695528,Thiruvananthapuram,2026-06-30,2026-06-30-amzcov-now,not_serviceable,0,
amazon-now,695541,Thiruvananthapuram,2026-06-30,2026-06-30-amzcov-now,not_serviceable,0,
amazon-now,695542,Thiruvananthapuram,2026-06-30,2026-06-30-amzcov-now,not_serviceable,0,
amazon-now,695543,Thiruvananthapuram,2026-06-30,2026-06-30-amzcov-now,not_serviceable,0,
amazon-now,695547,Thiruvananthapuram,2026-06-30,2026-06-30-amzcov-now,not_serviceable,0,
amazon-now,695551,Thiruvananthapuram,2026-06-30,2026-06-30-amzcov-now,not_serviceable,0,
amazon-now,695561,Thiruvananthapuram,2026-06-30,2026-06-30-amzcov-now,not_serviceable,0,
amazon-now,695562,Thiruvananthapuram,2026-06-30,2026-06-30-amzcov-now,not_serviceable,0,
amazon-now,695563,Thiruvananthapuram,2026-06-30,2026-06-30-amzcov-now,not_serviceable,0,
amazon-now,695564,Thiruvananthapuram,2026-06-30,2026-06-30-amzcov-now,not_serviceable,0,
amazon-now,695568,Thiruvananthapuram,2026-06-30,2026-06-30-amzcov-now,not_serviceable,0,
amazon-now,695570,Thiruvananthapuram,2026-06-30,2026-06-30-amzcov-now,not_serviceable,0,
amazon-now,695571,Thiruvananthapuram,2026-06-30,2026-06-30-amzcov-now,not_serviceable,0,
amazon-now,695572,Thiruvananthapuram,2026-06-30,2026-06-30-amzcov-now,not_serviceable,0,
amazon-now,695573,Thiruvananthapuram,2026-06-30,2026-06-30-amzcov-now,not_serviceable,0,
amazon-now,695574,Thiruvananthapuram,2026-06-30,2026-06-30-amzcov-now,not_serviceable,0,
amazon-now,695575,Thiruvananthapuram,2026-06-30,2026-06-30-amzcov-now,not_serviceable,0,
amazon-now,695581,Thiruvananthapuram,2026-06-30,2026-06-30-amzcov-now,not_serviceable,0,
amazon-now,695582,Thiruvananthapuram,2026-06-30,2026-06-30-amzcov-now,not_serviceable,0,
amazon-now,695583,Thiruvananthapuram,2026-06-30,2026-06-30-amzcov-now,not_serviceable,0,
amazon-now,695584,Thiruvananthapuram,2026-06-30,2026-06-30-amzcov-now,not_serviceable,0,
amazon-now,695585,Thiruvananthapuram,2026-06-30,2026-06-30-amzcov-now,not_serviceable,0,
amazon-now,695586,Thiruvananthapuram,2026-06-30,2026-06-30-amzcov-now,not_serviceable,0,
amazon-now,695587,Thiruvananthapuram,2026-06-30,2026-06-30-amzcov-now,not_serviceable,0,
amazon-now,695588,Thiruvananthapuram,2026-06-30,2026-06-30-amzcov-now,not_serviceable,0,
amazon-now,695589,Thiruvananthapuram,2026-06-30,2026-06-30-amzcov-now,not_serviceable,0,
amazon-now,695601,Thiruvananthapuram,2026-06-30,2026-06-30-amzcov-now,not_serviceable,0,
amazon-now,695602,Thiruvananthapuram,2026-06-30,2026-06-30-amzcov-now,not_serviceable,0,
amazon-now,695603,Thiruvananthapuram,2026-06-30,2026-06-30-amzcov-now,not_serviceable,0,
amazon-now,695604,Thiruvananthapuram,2026-06-30,2026-06-30-amzcov-now,not_serviceable,0,
amazon-now,695605,Thiruvananthapuram,2026-06-30,2026-06-30-amzcov-now,not_serviceable,0,
amazon-now,695606,Thiruvananthapuram,2026-06-30,2026-06-30-amzcov-now,not_serviceable,0,
amazon-now,695607,Thiruvananthapuram,2026-06-30,2026-06-30-amzcov-now,not_serviceable,0,
amazon-now,695608,Thiruvananthapuram,2026-06-30,2026-06-30-amzcov-now,not_serviceable,0,
amazon-now,695609,Thiruvananthapuram,2026-06-30,2026-06-30-amzcov-now,not_serviceable,0,
amazon-now,695610,Thiruvananthapuram,2026-06-30,2026-06-30-amzcov-now,not_serviceable,0,
amazon-now,695611,Thiruvananthapuram,2026-06-30,2026-06-30-amzcov-now,not_serviceable,0,
amazon-now,695612,Thiruvananthapuram,2026-06-30,2026-06-30-amzcov-now,not_serviceable,0,
amazon-now,695614,Thiruvananthapuram,2026-06-30,2026-06-30-amzcov-now,not_serviceable,0,
amazon-now,695615,Thiruvananthapuram,2026-06-30,2026-06-30-amzcov-now,not_serviceable,0,
amazon-now,700001,Kolkata,2026-06-30,2026-06-30-amzcov-now,not_serviceable,0,
amazon-now,700002,Kolkata,2026-06-30,2026-06-30-amzcov-now,not_serviceable,0,
amazon-now,700003,Kolkata,2026-06-30,2026-06-30-amzcov-now,not_serviceable,0,
amazon-now,700004,Kolkata,2026-06-30,2026-06-30-amzcov-now,not_serviceable,0,
amazon-now,700005,Kolkata,2026-06-30,2026-06-30-amzcov-now,not_serviceable,0,
amazon-now,700006,Kolkata,2026-06-30,2026-06-30-amzcov-now,not_serviceable,0,
amazon-now,700007,Kolkata,2026-06-30,2026-06-30-amzcov-now,not_serviceable,0,
amazon-now,700008,Kolkata,2026-06-30,2026-06-30-amzcov-now,not_serviceable,0,
amazon-now,700009,Kolkata,2026-06-30,2026-06-30-amzcov-now,not_serviceable,0,
amazon-now,700010,Kolkata,2026-06-30,2026-06-30-amzcov-now,not_serviceable,0,
amazon-now,700011,Kolkata,2026-06-30,2026-06-30-amzcov-now,not_serviceable,0,
amazon-now,700012,Kolkata,2026-06-30,2026-06-30-amzcov-now,not_serviceable,0,
amazon-now,700013,Kolkata,2026-06-30,2026-06-30-amzcov-now,not_serviceable,0,
amazon-now,700014,Kolkata,2026-06-30,2026-06-30-amzcov-now,not_serviceable,0,
amazon-now,700015,Kolkata,2026-06-30,2026-06-30-amzcov-now,not_serviceable,0,
amazon-now,700016,Kolkata,2026-06-30,2026-06-30-amzcov-now,not_serviceable,0,
amazon-now,700017,Kolkata,2026-06-30,2026-06-30-amzcov-now,not_serviceable,0,
amazon-now,700018,Kolkata,2026-06-30,2026-06-30-amzcov-now,not_serviceable,0,
amazon-now,700019,Kolkata,2026-06-30,2026-06-30-amzcov-now,not_serviceable,0,
amazon-now,700020,Kolkata,2026-06-30,2026-06-30-amzcov-now,not_serviceable,0,
amazon-now,700021,Kolkata,2026-06-30,2026-06-30-amzcov-now,not_serviceable,0,
amazon-now,700022,Kolkata,2026-06-30,2026-06-30-amzcov-now,not_serviceable,0,
amazon-now,700023,Kolkata,2026-06-30,2026-06-30-amzcov-now,not_serviceable,0,
amazon-now,700024,Kolkata,2026-06-30,2026-06-30-amzcov-now,not_serviceable,0,
amazon-now,700025,Kolkata,2026-06-30,2026-06-30-amzcov-now,not_serviceable,0,
amazon-now,700026,Kolkata,2026-06-30,2026-06-30-amzcov-now,not_serviceable,0,
amazon-now,700027,Kolkata,2026-06-30,2026-06-30-amzcov-now,not_serviceable,0,
amazon-now,700029,Kolkata,2026-06-30,2026-06-30-amzcov-now,not_serviceable,0,
amazon-now,700030,Kolkata,2026-06-30,2026-06-30-amzcov-now,not_serviceable,0,
amazon-now,700031,Kolkata,2026-06-30,2026-06-30-amzcov-now,not_serviceable,0,
amazon-now,700032,Kolkata,2026-06-30,2026-06-30-amzcov-now,not_serviceable,0,
amazon-now,700033,Kolkata,2026-06-30,2026-06-30-amzcov-now,not_serviceable,0,
amazon-now,700034,Kolkata,2026-06-30,2026-06-30-amzcov-now,not_serviceable,0,
amazon-now,700037,Kolkata,2026-06-30,2026-06-30-amzcov-now,not_serviceable,0,
amazon-now,700038,Kolkata,2026-06-30,2026-06-30-amzcov-now,not_serviceable,0,
amazon-now,700039,Kolkata,2026-06-30,2026-06-30-amzcov-now,not_serviceable,0,
amazon-now,700040,Kolkata,2026-06-30,2026-06-30-amzcov-now,not_serviceable,0,
amazon-now,700041,Kolkata,2026-06-30,2026-06-30-amzcov-now,not_serviceable,0,
amazon-now,700042,Kolkata,2026-06-30,2026-06-30-amzcov-now,not_serviceable,0,
amazon-now,700043,Kolkata,2026-06-30,2026-06-30-amzcov-now,not_serviceable,0,
amazon-now,700044,Kolkata,2026-06-30,2026-06-30-amzcov-now,not_serviceable,0,
amazon-now,700045,Kolkata,2026-06-30,2026-06-30-amzcov-now,not_serviceable,0,
amazon-now,700046,Kolkata,2026-06-30,2026-06-30-amzcov-now,not_serviceable,0,
amazon-now,700047,Kolkata,2026-06-30,2026-06-30-amzcov-now,not_serviceable,0,
amazon-now,700050,Kolkata,2026-06-30,2026-06-30-amzcov-now,not_serviceable,0,
amazon-now,700053,Kolkata,2026-06-30,2026-06-30-amzcov-now,not_serviceable,0,
amazon-now,700054,Kolkata,2026-06-30,2026-06-30-amzcov-now,not_serviceable,0,
amazon-now,700060,Kolkata,2026-06-30,2026-06-30-amzcov-now,not_serviceable,0,
amazon-now,700061,Kolkata,2026-06-30,2026-06-30-amzcov-now,not_serviceable,0,
amazon-now,700062,Kolkata,2026-06-30,2026-06-30-amzcov-now,not_serviceable,0,
amazon-now,700063,Kolkata,2026-06-30,2026-06-30-amzcov-now,not_serviceable,0,
amazon-now,700066,Kolkata,2026-06-30,2026-06-30-amzcov-now,not_serviceable,0,
amazon-now,700067,Kolkata,2026-06-30,2026-06-30-amzcov-now,not_serviceable,0,
amazon-now,700068,Kolkata,2026-06-30,2026-06-30-amzcov-now,not_serviceable,0,
amazon-now,700069,Kolkata,2026-06-30,2026-06-30-amzcov-now,not_serviceable,0,
amazon-now,700070,Kolkata,2026-06-30,2026-06-30-amzcov-now,not_serviceable,0,
amazon-now,700071,Kolkata,2026-06-30,2026-06-30-amzcov-now,not_serviceable,0,
amazon-now,700072,Kolkata,2026-06-30,2026-06-30-amzcov-now,not_serviceable,0,
amazon-now,700073,Kolkata,2026-06-30,2026-06-30-amzcov-now,not_serviceable,0,
amazon-now,700075,Kolkata,2026-06-30,2026-06-30-amzcov-now,not_serviceable,0,
amazon-now,700078,Kolkata,2026-06-30,2026-06-30-amzcov-now,not_serviceable,0,
amazon-now,700082,Kolkata,2026-06-30,2026-06-30-amzcov-now,not_serviceable,0,
amazon-now,700085,Kolkata,2026-06-30,2026-06-30-amzcov-now,not_serviceable,0,
amazon-now,700086,Kolkata,2026-06-30,2026-06-30-amzcov-now,not_serviceable,0,
amazon-now,700087,Kolkata,2026-06-30,2026-06-30-amzcov-now,not_serviceable,0,
amazon-now,700088,Kolkata,2026-06-30,2026-06-30-amzcov-now,not_serviceable,0,
amazon-now,700092,Kolkata,2026-06-30,2026-06-30-amzcov-now,not_serviceable,0,
amazon-now,700094,Kolkata,2026-06-30,2026-06-30-amzcov-now,not_serviceable,0,
amazon-now,700095,Kolkata,2026-06-30,2026-06-30-amzcov-now,not_serviceable,0,
amazon-now,700099,Kolkata,2026-06-30,2026-06-30-amzcov-now,not_serviceable,0,
amazon-now,700100,Kolkata,2026-06-30,2026-06-30-amzcov-now,not_serviceable,0,
amazon-now,700105,Kolkata,2026-06-30,2026-06-30-amzcov-now,not_serviceable,0,
amazon-now,700107,Kolkata,2026-06-30,2026-06-30-amzcov-now,not_serviceable,0,
amazon-now,751001,Bhubaneswar,2026-06-30,2026-06-30-amzcov-now,not_serviceable,0,
amazon-now,751002,Bhubaneswar,2026-06-30,2026-06-30-amzcov-now,not_serviceable,0,
amazon-now,751003,Bhubaneswar,2026-06-30,2026-06-30-amzcov-now,not_serviceable,0,
amazon-now,751004,Bhubaneswar,2026-06-30,2026-06-30-amzcov-now,not_serviceable,0,
amazon-now,751005,Bhubaneswar,2026-06-30,2026-06-30-amzcov-now,not_serviceable,0,
amazon-now,751006,Bhubaneswar,2026-06-30,2026-06-30-amzcov-now,not_serviceable,0,
amazon-now,751007,Bhubaneswar,2026-06-30,2026-06-30-amzcov-now,not_serviceable,0,
amazon-now,751008,Bhubaneswar,2026-06-30,2026-06-30-amzcov-now,not_serviceable,0,
amazon-now,751009,Bhubaneswar,2026-06-30,2026-06-30-amzcov-now,not_serviceable,0,
amazon-now,751010,Bhubaneswar,2026-06-30,2026-06-30-amzcov-now,not_serviceable,0,
amazon-now,751011,Bhubaneswar,2026-06-30,2026-06-30-amzcov-now,not_serviceable,0,
amazon-now,751012,Bhubaneswar,2026-06-30,2026-06-30-amzcov-now,not_serviceable,0,
amazon-now,751013,Bhubaneswar,2026-06-30,2026-06-30-amzcov-now,not_serviceable,0,
amazon-now,751014,Bhubaneswar,2026-06-30,2026-06-30-amzcov-now,not_serviceable,0,
amazon-now,751015,Bhubaneswar,2026-06-30,2026-06-30-amzcov-now,not_serviceable,0,
amazon-now,751016,Bhubaneswar,2026-06-30,2026-06-30-amzcov-now,not_serviceable,0,
amazon-now,751017,Bhubaneswar,2026-06-30,2026-06-30-amzcov-now,not_serviceable,0,
amazon-now,751018,Bhubaneswar,2026-06-30,2026-06-30-amzcov-now,not_serviceable,0,
amazon-now,751019,Bhubaneswar,2026-06-30,2026-06-30-amzcov-now,not_serviceable,0,
amazon-now,751020,Bhubaneswar,2026-06-30,2026-06-30-amzcov-now,not_serviceable,0,
amazon-now,751021,Bhubaneswar,2026-06-30,2026-06-30-amzcov-now,not_serviceable,0,
amazon-now,751022,Bhubaneswar,2026-06-30,2026-06-30-amzcov-now,not_serviceable,0,
amazon-now,751023,Bhubaneswar,2026-06-30,2026-06-30-amzcov-now,not_serviceable,0,
amazon-now,751024,Bhubaneswar,2026-06-30,2026-06-30-amzcov-now,not_serviceable,0,
amazon-now,751025,Bhubaneswar,2026-06-30,2026-06-30-amzcov-now,not_serviceable,0,
amazon-now,751026,Bhubaneswar,2026-06-30,2026-06-30-amzcov-now,not_serviceable,0,
amazon-now,751027,Bhubaneswar,2026-06-30,2026-06-30-amzcov-now,not_serviceable,0,
amazon-now,751028,Bhubaneswar,2026-06-30,2026-06-30-amzcov-now,not_serviceable,0,
amazon-now,751029,Bhubaneswar,2026-06-30,2026-06-30-amzcov-now,not_serviceable,0,
amazon-now,751030,Bhubaneswar,2026-06-30,2026-06-30-amzcov-now,not_serviceable,0,
amazon-now,751031,Bhubaneswar,2026-06-30,2026-06-30-amzcov-now,not_serviceable,0,
amazon-now,751032,Bhubaneswar,2026-06-30,2026-06-30-amzcov-now,not_serviceable,0,
amazon-now,751033,Bhubaneswar,2026-06-30,2026-06-30-amzcov-now,not_serviceable,0,
amazon-now,751034,Bhubaneswar,2026-06-30,2026-06-30-amzcov-now,not_serviceable,0,
amazon-now,752018,Bhubaneswar,2026-06-30,2026-06-30-amzcov-now,not_serviceable,0,
amazon-now,752019,Bhubaneswar,2026-06-30,2026-06-30-amzcov-now,not_serviceable,0,
amazon-now,752020,Bhubaneswar,2026-06-30,2026-06-30-amzcov-now,not_serviceable,0,
amazon-now,752021,Bhubaneswar,2026-06-30,2026-06-30-amzcov-now,not_serviceable,0,
amazon-now,752022,Bhubaneswar,2026-06-30,2026-06-30-amzcov-now,not_serviceable,0,
amazon-now,752023,Bhubaneswar,2026-06-30,2026-06-30-amzcov-now,not_serviceable,0,
amazon-now,752027,Bhubaneswar,2026-06-30,2026-06-30-amzcov-now,not_serviceable,0,
amazon-now,752030,Bhubaneswar,2026-06-30,2026-06-30-amzcov-now,not_serviceable,0,
amazon-now,752031,Bhubaneswar,2026-06-30,2026-06-30-amzcov-now,not_serviceable,0,
amazon-now,752034,Bhubaneswar,2026-06-30,2026-06-30-amzcov-now,not_serviceable,0,
amazon-now,752035,Bhubaneswar,2026-06-30,2026-06-30-amzcov-now,not_serviceable,0,
amazon-now,752037,Bhubaneswar,2026-06-30,2026-06-30-amzcov-now,not_serviceable,0,
amazon-now,752038,Bhubaneswar,2026-06-30,2026-06-30-amzcov-now,not_serviceable,0,
amazon-now,752050,Bhubaneswar,2026-06-30,2026-06-30-amzcov-now,not_serviceable,0,
amazon-now,752054,Bhubaneswar,2026-06-30,2026-06-30-amzcov-now,not_serviceable,0,
amazon-now,752055,Bhubaneswar,2026-06-30,2026-06-30-amzcov-now,not_serviceable,0,
amazon-now,752056,Bhubaneswar,2026-06-30,2026-06-30-amzcov-now,not_serviceable,0,
amazon-now,752057,Bhubaneswar,2026-06-30,2026-06-30-amzcov-now,not_serviceable,0,
amazon-now,752060,Bhubaneswar,2026-06-30,2026-06-30-amzcov-now,not_serviceable,0,
amazon-now,752061,Bhubaneswar,2026-06-30,2026-06-30-amzcov-now,not_serviceable,0,
amazon-now,752062,Bhubaneswar,2026-06-30,2026-06-30-amzcov-now,not_serviceable,0,
amazon-now,752064,Bhubaneswar,2026-06-30,2026-06-30-amzcov-now,not_serviceable,0,
amazon-now,752066,Bhubaneswar,2026-06-30,2026-06-30-amzcov-now,not_serviceable,0,
amazon-now,752100,Bhubaneswar,2026-06-30,2026-06-30-amzcov-now,not_serviceable,0,
amazon-now,752101,Bhubaneswar,2026-06-30,2026-06-30-amzcov-now,not_serviceable,0,
amazon-now,752102,Bhubaneswar,2026-06-30,2026-06-30-amzcov-now,not_serviceable,0,
amazon-now,752103,Bhubaneswar,2026-06-30,2026-06-30-amzcov-now,not_serviceable,0,
amazon-now,752104,Bhubaneswar,2026-06-30,2026-06-30-amzcov-now,not_serviceable,0,
amazon-now,752106,Bhubaneswar,2026-06-30,2026-06-30-amzcov-now,not_serviceable,0,
amazon-now,752114,Bhubaneswar,2026-06-30,2026-06-30-amzcov-now,not_serviceable,0,
amazon-now,752115,Bhubaneswar,2026-06-30,2026-06-30-amzcov-now,not_serviceable,0,
amazon-now,754001,Bhubaneswar,2026-06-30,2026-06-30-amzcov-now,not_serviceable,0,
amazon-now,754004,Bhubaneswar,2026-06-30,2026-06-30-amzcov-now,not_serviceable,0,
amazon-now,754005,Bhubaneswar,2026-06-30,2026-06-30-amzcov-now,not_serviceable,0,
amazon-now,754012,Bhubaneswar,2026-06-30,2026-06-30-amzcov-now,not_serviceable,0,
amazon-now,900099,Kolkata,2026-06-30,2026-06-30-amzcov-now,not_serviceable,0,
blinkit,110001,Delhi,2026-07-03,2026-07-03-0241,price_captured,6,239
blinkit,110002,Delhi,2026-07-03,2026-07-03-0241,price_captured,6,239
blinkit,110003,Delhi,2026-07-03,2026-07-03-0241,price_captured,5,239
blinkit,110004,Delhi,2026-07-03,2026-07-03-0241,price_captured,6,239
blinkit,110005,Delhi,2026-06-29,2026-06-29-1203,not_serviceable,0,
blinkit,110006,Delhi,2026-07-03,2026-07-03-0241,serviceable_no_jivo,0,
blinkit,110007,Delhi,2026-07-03,2026-07-03-0241,price_captured,6,239
blinkit,110008,Delhi,2026-07-03,2026-07-03-0241,price_captured,6,239
blinkit,110009,Delhi,2026-07-03,2026-07-03-0241,price_captured,6,239
blinkit,110010,Delhi,2026-07-03,2026-07-03-0241,not_serviceable,0,
blinkit,110011,Delhi,2026-07-03,2026-07-03-0241,price_captured,6,239
blinkit,110012,Delhi,2026-07-03,2026-07-03-0241,price_captured,6,239
blinkit,110013,Delhi,2026-07-03,2026-07-03-0241,price_captured,6,239
blinkit,110014,Delhi,2026-07-03,2026-07-03-0241,price_captured,6,239
blinkit,110015,Delhi,2026-07-03,2026-07-03-0241,price_captured,6,239
blinkit,110016,Delhi,2026-07-03,2026-07-03-0241,serviceable_no_jivo,0,
blinkit,110017,Delhi,2026-07-03,2026-07-03-0241,price_captured,6,239
blinkit,110018,Delhi,2026-07-03,2026-07-03-0241,not_serviceable,0,
blinkit,110019,Delhi,2026-07-03,2026-07-03-0241,price_captured,6,239
blinkit,110020,Delhi,2026-06-29,2026-06-29-1203,not_serviceable,0,
blinkit,110021,Delhi,2026-07-03,2026-07-03-0241,price_captured,6,239
blinkit,110022,Delhi,2026-07-03,2026-07-03-0241,price_captured,6,239
blinkit,110023,Delhi,2026-06-29,2026-06-29-1203,not_serviceable,0,
blinkit,110024,Delhi,2026-07-03,2026-07-03-0241,price_captured,6,239
blinkit,110025,Delhi,2026-07-03,2026-07-03-0241,price_captured,6,239
blinkit,110026,Delhi,2026-07-03,2026-07-03-0241,price_captured,6,239
blinkit,110027,Delhi,2026-07-03,2026-07-03-0241,price_captured,6,239
blinkit,110028,Delhi,2026-07-03,2026-07-03-0241,price_captured,6,239
blinkit,110029,Delhi,2026-07-03,2026-07-03-0241,price_captured,6,239
blinkit,110030,Delhi,2026-07-03,2026-07-03-0241,price_captured,6,239
blinkit,110031,Delhi,2026-07-03,2026-07-03-0241,price_captured,6,239
blinkit,110032,Delhi,2026-07-03,2026-07-03-0241,price_captured,6,239
blinkit,110033,Delhi,2026-07-03,2026-07-03-0241,price_captured,5,240
blinkit,110034,Delhi,2026-07-03,2026-07-03-0241,price_captured,6,239
blinkit,110035,Delhi,2026-07-03,2026-07-03-0241,price_captured,6,239
blinkit,110036,Delhi,2026-07-03,2026-07-03-0241,serviceable_no_jivo,0,
blinkit,110037,Delhi,2026-07-03,2026-07-03-0241,price_captured,5,239
blinkit,110038,Delhi,2026-07-03,2026-07-03-0241,price_captured,6,249
blinkit,110039,Delhi,2026-07-03,2026-07-03-0241,price_captured,5,239
blinkit,110040,Delhi,2026-07-03,2026-07-03-0241,price_captured,6,240
blinkit,110041,Delhi,2026-07-03,2026-07-03-0241,price_captured,4,239
blinkit,110042,Delhi,2026-07-03,2026-07-03-0241,price_captured,6,239
blinkit,110043,Delhi,2026-06-29,2026-06-29-1203,not_serviceable,0,
blinkit,110044,Delhi,2026-07-03,2026-07-03-0241,not_serviceable,0,
blinkit,110045,Delhi,2026-06-29,2026-06-29-1203,not_serviceable,0,
blinkit,110046,Delhi,2026-07-03,2026-07-03-0241,price_captured,6,239
blinkit,110047,Delhi,2026-07-03,2026-07-03-0241,serviceable_no_jivo,0,
blinkit,110048,Delhi,2026-07-03,2026-07-03-0241,price_captured,6,239
blinkit,110049,Delhi,2026-07-03,2026-07-03-0241,price_captured,6,239
blinkit,110051,Delhi,2026-07-03,2026-07-03-0241,price_captured,6,239
blinkit,110052,Delhi,2026-07-03,2026-07-03-0241,price_captured,6,239
blinkit,110053,Delhi,2026-07-03,2026-07-03-0241,serviceable_no_jivo,0,
blinkit,110054,Delhi,2026-07-03,2026-07-03-0241,price_captured,6,239
blinkit,110055,Delhi,2026-07-03,2026-07-03-0241,price_captured,6,239
blinkit,110056,Delhi,2026-07-03,2026-07-03-0241,serviceable_no_jivo,0,
blinkit,110057,Delhi,2026-07-03,2026-07-03-0241,price_captured,6,239
blinkit,110058,Delhi,2026-07-03,2026-07-03-0241,price_captured,6,239
blinkit,110059,Delhi,2026-07-03,2026-07-03-0241,price_captured,6,239
blinkit,110060,Delhi,2026-07-03,2026-07-03-0241,price_captured,6,239
blinkit,110061,Delhi,2026-07-03,2026-07-03-0241,price_captured,6,239
blinkit,110062,Delhi,2026-07-03,2026-07-03-0241,not_serviceable,0,
blinkit,110063,Delhi,2026-07-03,2026-07-03-0241,price_captured,6,239
blinkit,110064,Delhi,2026-06-29,2026-06-29-1203,not_serviceable,0,
blinkit,110065,Delhi,2026-07-03,2026-07-03-0241,serviceable_no_jivo,0,
blinkit,110066,Delhi,2026-07-03,2026-07-03-0241,price_captured,6,239
blinkit,110067,Delhi,2026-07-03,2026-07-03-0241,price_captured,6,239
blinkit,110068,Delhi,2026-07-03,2026-07-03-0241,price_captured,6,239
blinkit,110069,Delhi,2026-07-03,2026-07-03-0241,price_captured,6,245
blinkit,110070,Delhi,2026-07-03,2026-07-03-0241,price_captured,6,239
blinkit,110071,Delhi,2026-07-03,2026-07-03-0241,price_captured,6,239
blinkit,110072,Delhi,2026-07-03,2026-07-03-0241,price_captured,6,239
blinkit,110073,Delhi,2026-06-29,2026-06-29-1203,not_serviceable,0,
blinkit,110074,Delhi,2026-07-03,2026-07-03-0241,price_captured,6,239
blinkit,110075,Delhi,2026-07-03,2026-07-03-0241,price_captured,6,239
blinkit,110076,Delhi,2026-07-03,2026-07-03-0241,price_captured,5,239
blinkit,110077,Delhi,2026-07-03,2026-07-03-0241,price_captured,6,239
blinkit,110078,Delhi,2026-07-03,2026-07-03-0241,price_captured,6,239
blinkit,110080,Delhi,2026-06-29,2026-06-29-1203,not_serviceable,0,
blinkit,110081,Delhi,2026-07-03,2026-07-03-0241,price_captured,4,239
blinkit,110082,Delhi,2026-06-29,2026-06-29-1203,not_serviceable,0,
blinkit,110083,Delhi,2026-07-03,2026-07-03-0241,serviceable_no_jivo,0,
blinkit,110084,Delhi,2026-07-03,2026-07-03-0241,not_serviceable,0,
blinkit,110085,Delhi,2026-07-03,2026-07-03-0241,price_captured,5,239
blinkit,110086,Delhi,2026-07-03,2026-07-03-0241,price_captured,6,239
blinkit,110087,Delhi,2026-07-03,2026-07-03-0241,price_captured,6,239
blinkit,110088,Delhi,2026-07-03,2026-07-03-0241,price_captured,5,239
blinkit,110089,Delhi,2026-07-03,2026-07-03-0241,price_captured,6,239
blinkit,110090,Delhi,2026-07-03,2026-07-03-0241,price_captured,6,264
blinkit,110091,Delhi,2026-07-03,2026-07-03-0241,price_captured,6,239
blinkit,110092,Delhi,2026-07-03,2026-07-03-0241,price_captured,6,239
blinkit,110093,Delhi,2026-07-03,2026-07-03-0241,price_captured,6,239
blinkit,110094,Delhi,2026-07-03,2026-07-03-0241,price_captured,6,239
blinkit,110095,Delhi,2026-07-03,2026-07-03-0241,price_captured,6,239
blinkit,110096,Delhi,2026-07-03,2026-07-03-0241,price_captured,6,239
blinkit,110097,Delhi,2026-07-03,2026-07-03-0241,price_captured,6,239
blinkit,110099,Delhi,2026-07-03,2026-07-03-0241,price_captured,4,239
blinkit,110110,Delhi,2026-07-03,2026-07-03-0241,price_captured,6,239
blinkit,122001,Gurugram,2026-07-03,2026-07-03-0241,price_captured,6,239
blinkit,122002,Gurugram,2026-07-03,2026-07-03-0241,price_captured,6,239
blinkit,122003,Gurugram,2026-07-03,2026-07-03-0241,price_captured,6,239
blinkit,122004,Gurugram,2026-07-03,2026-07-03-0241,price_captured,6,239
blinkit,122005,Gurugram,2026-07-03,2026-07-03-0241,price_captured,6,239
blinkit,122006,Gurugram,2026-07-03,2026-07-03-0241,price_captured,6,239
blinkit,122007,Gurugram,2026-07-03,2026-07-03-0241,price_captured,6,239
blinkit,122008,Gurugram,2026-07-03,2026-07-03-0241,price_captured,6,239
blinkit,122009,Gurugram,2026-07-03,2026-07-03-0241,serviceable_no_jivo,0,
blinkit,122010,Gurugram,2026-07-03,2026-07-03-0241,not_serviceable,0,
blinkit,122011,Gurugram,2026-07-03,2026-07-03-0241,price_captured,6,239
blinkit,122012,Gurugram,2026-07-03,2026-07-03-0241,price_captured,6,239
blinkit,122015,Gurugram,2026-07-03,2026-07-03-0241,price_captured,6,239
blinkit,122016,Gurugram,2026-07-03,2026-07-03-0241,price_captured,6,239
blinkit,122017,Gurugram,2026-07-03,2026-07-03-0241,price_captured,6,239
blinkit,122018,Gurugram,2026-07-03,2026-07-03-0241,price_captured,6,239
blinkit,122051,Gurugram,2026-07-03,2026-07-03-0241,price_captured,4,239
blinkit,122052,Gurugram,2026-07-03,2026-07-03-0241,price_captured,4,239
blinkit,122098,Gurugram,2026-07-03,2026-07-03-0241,price_captured,6,239
blinkit,122101,Gurugram,2026-07-03,2026-07-03-0241,price_captured,6,239
blinkit,122102,Gurugram,2026-07-03,2026-07-03-0241,serviceable_no_jivo,0,
blinkit,122103,Gurugram,2026-07-03,2026-07-03-0241,price_captured,4,239
blinkit,122413,Gurugram,2026-06-29,2026-06-29-1203,not_serviceable,0,
blinkit,122414,Gurugram,2026-07-03,2026-07-03-0241,serviceable_no_jivo,0,
blinkit,122502,Gurugram,2026-07-03,2026-07-03-0241,serviceable_no_jivo,0,
blinkit,122503,Gurugram,2026-07-03,2026-07-03-0241,serviceable_no_jivo,0,
blinkit,122504,Gurugram,2026-07-03,2026-07-03-0241,price_captured,6,239
blinkit,122505,Gurugram,2026-07-03,2026-07-03-0241,price_captured,6,239
blinkit,122506,Gurugram,2026-07-03,2026-07-03-0241,serviceable_no_jivo,0,
blinkit,160001,Chandigarh,2026-07-03,2026-07-03-0241,price_captured,8,239
blinkit,160002,Chandigarh,2026-07-03,2026-07-03-0241,price_captured,9,239
blinkit,160003,Chandigarh,2026-07-03,2026-07-03-0241,price_captured,9,239
blinkit,160004,Chandigarh,2026-07-03,2026-07-03-0241,price_captured,7,239
blinkit,160005,Chandigarh,2026-06-29,2026-06-29-1203,not_serviceable,0,
blinkit,160006,Chandigarh,2026-07-03,2026-07-03-0241,price_captured,8,239
blinkit,160009,Chandigarh,2026-07-03,2026-07-03-0241,price_captured,8,239
blinkit,160011,Chandigarh,2026-07-03,2026-07-03-0241,price_captured,8,239
blinkit,160012,Chandigarh,2026-07-03,2026-07-03-0241,price_captured,8,239
blinkit,160014,Chandigarh,2026-07-03,2026-07-03-0241,price_captured,9,239
blinkit,160015,Chandigarh,2026-06-29,2026-06-29-1203,not_serviceable,0,
blinkit,160016,Chandigarh,2026-07-03,2026-07-03-0241,price_captured,9,239
blinkit,160017,Chandigarh,2026-07-03,2026-07-03-0241,price_captured,8,239
blinkit,160018,Chandigarh,2026-07-03,2026-07-03-0241,price_captured,8,239
blinkit,160019,Chandigarh,2026-07-03,2026-07-03-0241,price_captured,9,239
blinkit,160020,Chandigarh,2026-07-03,2026-07-03-0241,price_captured,8,239
blinkit,160022,Chandigarh,2026-07-03,2026-07-03-0241,price_captured,9,239
blinkit,160023,Chandigarh,2026-07-03,2026-07-03-0241,price_captured,9,239
blinkit,160025,Chandigarh,2026-06-29,2026-06-29-1203,not_serviceable,0,
blinkit,160030,Chandigarh,2026-07-03,2026-07-03-0241,price_captured,9,239
blinkit,160036,Chandigarh,2026-07-03,2026-07-03-0241,price_captured,9,239
blinkit,160043,Chandigarh,2026-07-03,2026-07-03-0241,price_captured,8,239
blinkit,160047,Chandigarh,2026-06-29,2026-06-29-1203,not_serviceable,0,
blinkit,160101,Chandigarh,2026-07-03,2026-07-03-0241,price_captured,9,239
blinkit,160102,Chandigarh,2026-07-03,2026-07-03-0241,price_captured,9,239
blinkit,201008,Noida,2026-06-29,2026-06-29-1203,not_serviceable,0,
blinkit,201009,Noida,2026-07-03,2026-07-03-0241,price_captured,6,239
blinkit,201301,Noida,2026-06-29,2026-06-29-1203,not_serviceable,0,
blinkit,201302,Noida,2026-07-03,2026-07-03-0241,price_captured,6,239
blinkit,201303,Noida,2026-06-29,2026-06-29-1203,not_serviceable,0,
blinkit,201304,Noida,2026-06-29,2026-06-29-1203,not_serviceable,0,
blinkit,201305,Noida,2026-07-03,2026-07-03-0241,not_serviceable,0,
blinkit,201306,Noida,2026-07-03,2026-07-03-0241,not_serviceable,0,
blinkit,201307,Noida,2026-07-03,2026-07-03-0241,not_serviceable,0,
blinkit,201309,Noida,2026-07-03,2026-07-03-0241,not_serviceable,0,
blinkit,201310,Noida,2026-07-03,2026-07-03-0241,not_serviceable,0,
blinkit,201311,Noida,2026-06-29,2026-06-29-1203,not_serviceable,0,
blinkit,201312,Noida,2026-06-29,2026-06-29-1203,not_serviceable,0,
blinkit,201313,Noida,2026-06-29,2026-06-29-1203,not_serviceable,0,
blinkit,201314,Noida,2026-07-03,2026-07-03-0241,serviceable_no_jivo,0,
blinkit,201315,Noida,2026-06-29,2026-06-29-1203,not_serviceable,0,
blinkit,201316,Noida,2026-06-29,2026-06-29-1203,not_serviceable,0,
blinkit,201317,Noida,2026-06-29,2026-06-29-1203,not_serviceable,0,
blinkit,201318,Noida,2026-07-03,2026-07-03-0241,price_captured,6,239
blinkit,203135,Noida,2026-06-29,2026-06-29-1203,not_serviceable,0,
blinkit,203141,Noida,2026-06-29,2026-06-29-1203,not_serviceable,0,
blinkit,203155,Noida,2026-06-29,2026-06-29-1203,not_serviceable,0,
blinkit,203201,Noida,2026-06-29,2026-06-29-1203,not_serviceable,0,
blinkit,203202,Noida,2026-06-29,2026-06-29-1203,not_serviceable,0,
blinkit,203203,Noida,2026-06-29,2026-06-29-1203,not_serviceable,0,
blinkit,203207,Noida,2026-06-29,2026-06-29-1203,not_serviceable,0,
blinkit,203209,Noida,2026-06-29,2026-06-29-1203,not_serviceable,0,
blinkit,212652,Noida,2026-06-29,2026-06-29-1203,not_serviceable,0,
blinkit,226001,Lucknow,2026-07-03,2026-07-03-0241,serviceable_no_jivo,0,
blinkit,226002,Lucknow,2026-06-29,2026-06-29-1203,not_serviceable,0,
blinkit,226003,Lucknow,2026-07-03,2026-07-03-0241,serviceable_no_jivo,0,
blinkit,226004,Lucknow,2026-07-03,2026-07-03-0241,serviceable_no_jivo,0,
blinkit,226005,Lucknow,2026-07-03,2026-07-03-0241,serviceable_no_jivo,0,
blinkit,226006,Lucknow,2026-07-03,2026-07-03-0241,serviceable_no_jivo,0,
blinkit,226007,Lucknow,2026-07-03,2026-07-03-0241,serviceable_no_jivo,0,
blinkit,226008,Lucknow,2026-06-29,2026-06-29-1203,not_serviceable,0,
blinkit,226009,Lucknow,2026-07-03,2026-07-03-0241,serviceable_no_jivo,0,
blinkit,226010,Lucknow,2026-07-03,2026-07-03-0241,serviceable_no_jivo,0,
blinkit,226011,Lucknow,2026-07-03,2026-07-03-0241,serviceable_no_jivo,0,
blinkit,226012,Lucknow,2026-07-03,2026-07-03-0241,serviceable_no_jivo,0,
blinkit,226013,Lucknow,2026-07-03,2026-07-03-0241,serviceable_no_jivo,0,
blinkit,226014,Lucknow,2026-07-03,2026-07-03-0241,serviceable_no_jivo,0,
blinkit,226015,Lucknow,2026-07-03,2026-07-03-0241,serviceable_no_jivo,0,
blinkit,226016,Lucknow,2026-07-03,2026-07-03-0241,serviceable_no_jivo,0,
blinkit,226017,Lucknow,2026-06-29,2026-06-29-1203,not_serviceable,0,
blinkit,226018,Lucknow,2026-07-03,2026-07-03-0241,serviceable_no_jivo,0,
blinkit,226019,Lucknow,2026-06-29,2026-06-29-1203,not_serviceable,0,
blinkit,226020,Lucknow,2026-07-03,2026-07-03-0241,serviceable_no_jivo,0,
blinkit,226021,Lucknow,2026-07-03,2026-07-03-0241,serviceable_no_jivo,0,
blinkit,226022,Lucknow,2026-07-03,2026-07-03-0241,serviceable_no_jivo,0,
blinkit,226023,Lucknow,2026-07-03,2026-07-03-0241,serviceable_no_jivo,0,
blinkit,226024,Lucknow,2026-07-03,2026-07-03-0241,serviceable_no_jivo,0,
blinkit,226025,Lucknow,2026-07-03,2026-07-03-0241,serviceable_no_jivo,0,
blinkit,226026,Lucknow,2026-06-29,2026-06-29-1203,not_serviceable,0,
blinkit,226027,Lucknow,2026-07-03,2026-07-03-0241,serviceable_no_jivo,0,
blinkit,226028,Lucknow,2026-07-03,2026-07-03-0241,serviceable_no_jivo,0,
blinkit,226029,Lucknow,2026-07-03,2026-07-03-0241,serviceable_no_jivo,0,
blinkit,226030,Lucknow,2026-07-03,2026-07-03-0241,serviceable_no_jivo,0,
blinkit,226031,Lucknow,2026-07-03,2026-07-03-0241,serviceable_no_jivo,0,
blinkit,226101,Lucknow,2026-06-29,2026-06-29-1203,not_serviceable,0,
blinkit,226102,Lucknow,2026-06-29,2026-06-29-1203,not_serviceable,0,
blinkit,226103,Lucknow,2026-06-29,2026-06-29-1203,not_serviceable,0,
blinkit,226104,Lucknow,2026-06-29,2026-06-29-1203,not_serviceable,0,
blinkit,226201,Lucknow,2026-07-03,2026-07-03-0241,serviceable_no_jivo,0,
blinkit,226202,Lucknow,2026-06-29,2026-06-29-1203,not_serviceable,0,
blinkit,226203,Lucknow,2026-06-29,2026-06-29-1203,not_serviceable,0,
blinkit,226301,Lucknow,2026-06-29,2026-06-29-1203,not_serviceable,0,
blinkit,226302,Lucknow,2026-07-03,2026-07-03-0241,serviceable_no_jivo,0,
blinkit,226303,Lucknow,2026-06-29,2026-06-29-1203,not_serviceable,0,
blinkit,226401,Lucknow,2026-06-29,2026-06-29-1203,not_serviceable,0,
blinkit,226501,Lucknow,2026-06-29,2026-06-29-1203,not_serviceable,0,
blinkit,302001,Jaipur,2026-07-03,2026-07-03-0241,serviceable_no_jivo,0,
blinkit,302002,Jaipur,2026-06-29,2026-06-29-1203,not_serviceable,0,
blinkit,302003,Jaipur,2026-07-03,2026-07-03-0241,serviceable_no_jivo,0,
blinkit,302004,Jaipur,2026-07-03,2026-07-03-0241,serviceable_no_jivo,0,
blinkit,302005,Jaipur,2026-07-03,2026-07-03-0241,serviceable_no_jivo,0,
blinkit,302006,Jaipur,2026-07-03,2026-07-03-0241,serviceable_no_jivo,0,
blinkit,302012,Jaipur,2026-06-29,2026-06-29-1203,not_serviceable,0,
blinkit,302013,Jaipur,2026-06-29,2026-06-29-1203,not_serviceable,0,
blinkit,302015,Jaipur,2026-07-03,2026-07-03-0241,serviceable_no_jivo,0,
blinkit,302016,Jaipur,2026-06-29,2026-06-29-1203,not_serviceable,0,
blinkit,302017,Jaipur,2026-07-03,2026-07-03-0241,serviceable_no_jivo,0,
blinkit,302018,Jaipur,2026-07-03,2026-07-03-0241,serviceable_no_jivo,0,
blinkit,302019,Jaipur,2026-07-03,2026-07-03-0241,serviceable_no_jivo,0,
blinkit,302020,Jaipur,2026-07-03,2026-07-03-0241,serviceable_no_jivo,0,
blinkit,302021,Jaipur,2026-07-03,2026-07-03-0241,serviceable_no_jivo,0,
blinkit,302022,Jaipur,2026-07-03,2026-07-03-0241,serviceable_no_jivo,0,
blinkit,302026,Jaipur,2026-07-03,2026-07-03-0241,serviceable_no_jivo,0,
blinkit,302027,Jaipur,2026-06-29,2026-06-29-1203,not_serviceable,0,
blinkit,302028,Jaipur,2026-06-29,2026-06-29-1203,not_serviceable,0,
blinkit,302029,Jaipur,2026-06-29,2026-06-29-1203,not_serviceable,0,
blinkit,302031,Jaipur,2026-06-29,2026-06-29-1203,not_serviceable,0,
blinkit,302033,Jaipur,2026-07-03,2026-07-03-0241,serviceable_no_jivo,0,
blinkit,302034,Jaipur,2026-07-03,2026-07-03-0241,serviceable_no_jivo,0,
blinkit,302036,Jaipur,2026-07-03,2026-07-03-0241,serviceable_no_jivo,0,
blinkit,302037,Jaipur,2026-07-03,2026-07-03-0241,serviceable_no_jivo,0,
blinkit,302038,Jaipur,2026-07-03,2026-07-03-0241,serviceable_no_jivo,0,
blinkit,302039,Jaipur,2026-07-03,2026-07-03-0241,serviceable_no_jivo,0,
blinkit,302040,Jaipur,2026-07-03,2026-07-03-0241,serviceable_no_jivo,0,
blinkit,302041,Jaipur,2026-07-03,2026-07-03-0241,serviceable_no_jivo,0,
blinkit,302042,Jaipur,2026-07-03,2026-07-03-0241,serviceable_no_jivo,0,
blinkit,302043,Jaipur,2026-07-03,2026-07-03-0241,serviceable_no_jivo,0,
blinkit,302044,Jaipur,2026-07-03,2026-07-03-0241,serviceable_no_jivo,0,
blinkit,302045,Jaipur,2026-07-03,2026-07-03-0241,serviceable_no_jivo,0,
blinkit,302046,Jaipur,2026-07-03,2026-07-03-0241,serviceable_no_jivo,0,
blinkit,303001,Jaipur,2026-06-29,2026-06-29-1203,not_serviceable,0,
blinkit,303002,Jaipur,2026-06-29,2026-06-29-1203,not_serviceable,0,
blinkit,303003,Jaipur,2026-06-29,2026-06-29-1203,not_serviceable,0,
blinkit,303005,Jaipur,2026-06-29,2026-06-29-1203,not_serviceable,0,
blinkit,303006,Jaipur,2026-06-29,2026-06-29-1203,not_serviceable,0,
blinkit,303007,Jaipur,2026-06-29,2026-06-29-1203,not_serviceable,0,
blinkit,303008,Jaipur,2026-06-29,2026-06-29-1203,not_serviceable,0,
blinkit,303009,Jaipur,2026-06-29,2026-06-29-1203,not_serviceable,0,
blinkit,303012,Jaipur,2026-06-29,2026-06-29-1203,not_serviceable,0,
blinkit,303102,Jaipur,2026-06-29,2026-06-29-1203,not_serviceable,0,
blinkit,303103,Jaipur,2026-06-29,2026-06-29-1203,not_serviceable,0,
blinkit,303104,Jaipur,2026-07-03,2026-07-03-0241,serviceable_no_jivo,0,
blinkit,303105,Jaipur,2026-06-29,2026-06-29-1203,not_serviceable,0,
blinkit,303106,Jaipur,2026-06-29,2026-06-29-1203,not_serviceable,0,
blinkit,303107,Jaipur,2026-06-29,2026-06-29-1203,not_serviceable,0,
blinkit,303108,Jaipur,2026-06-29,2026-06-29-1203,not_serviceable,0,
blinkit,303109,Jaipur,2026-06-29,2026-06-29-1203,not_serviceable,0,
blinkit,303110,Jaipur,2026-06-29,2026-06-29-1203,not_serviceable,0,
blinkit,303119,Jaipur,2026-06-29,2026-06-29-1203,not_serviceable,0,
blinkit,303120,Jaipur,2026-06-29,2026-06-29-1203,not_serviceable,0,
blinkit,303121,Jaipur,2026-07-03,2026-07-03-0241,serviceable_no_jivo,0,
blinkit,303122,Jaipur,2026-07-03,2026-07-03-0241,serviceable_no_jivo,0,
blinkit,303123,Jaipur,2026-06-29,2026-06-29-1203,not_serviceable,0,
blinkit,303124,Jaipur,2026-06-29,2026-06-29-1203,not_serviceable,0,
blinkit,303301,Jaipur,2026-06-29,2026-06-29-1203,not_serviceable,0,
blinkit,303305,Jaipur,2026-06-29,2026-06-29-1203,not_serviceable,0,
blinkit,303328,Jaipur,2026-06-29,2026-06-29-1203,not_serviceable,0,
blinkit,303329,Jaipur,2026-06-29,2026-06-29-1203,not_serviceable,0,
blinkit,303338,Jaipur,2026-06-29,2026-06-29-1203,not_serviceable,0,
blinkit,303348,Jaipur,2026-06-29,2026-06-29-1203,not_serviceable,0,
blinkit,303601,Jaipur,2026-06-29,2026-06-29-1203,not_serviceable,0,
blinkit,303602,Jaipur,2026-06-29,2026-06-29-1203,not_serviceable,0,
blinkit,303603,Jaipur,2026-06-29,2026-06-29-1203,not_serviceable,0,
blinkit,303604,Jaipur,2026-06-29,2026-06-29-1203,not_serviceable,0,
blinkit,303701,Jaipur,2026-06-29,2026-06-29-1203,not_serviceable,0,
blinkit,303702,Jaipur,2026-06-29,2026-06-29-1203,not_serviceable,0,
blinkit,303704,Jaipur,2026-06-29,2026-06-29-1203,not_serviceable,0,
blinkit,303706,Jaipur,2026-06-29,2026-06-29-1203,not_serviceable,0,
blinkit,303712,Jaipur,2026-06-29,2026-06-29-1203,not_serviceable,0,
blinkit,303801,Jaipur,2026-06-29,2026-06-29-1203,not_serviceable,0,
blinkit,303803,Jaipur,2026-06-29,2026-06-29-1203,not_serviceable,0,
blinkit,303804,Jaipur,2026-06-29,2026-06-29-1203,not_serviceable,0,
blinkit,303805,Jaipur,2026-06-29,2026-06-29-1203,not_serviceable,0,
blinkit,303806,Jaipur,2026-06-29,2026-06-29-1203,not_serviceable,0,
blinkit,303807,Jaipur,2026-06-29,2026-06-29-1203,not_serviceable,0,
blinkit,303901,Jaipur,2026-06-29,2026-06-29-1203,not_serviceable,0,
blinkit,303903,Jaipur,2026-06-29,2026-06-29-1203,not_serviceable,0,
blinkit,303904,Jaipur,2026-06-29,2026-06-29-1203,not_serviceable,0,
blinkit,303905,Jaipur,2026-06-29,2026-06-29-1203,not_serviceable,0,
blinkit,303908,Jaipur,2026-06-29,2026-06-29-1203,not_serviceable,0,
blinkit,363423,Ahmedabad,2026-06-29,2026-06-29-1203,not_serviceable,0,
blinkit,380001,Ahmedabad,2026-07-03,2026-07-03-0241,serviceable_no_jivo,0,
blinkit,380002,Ahmedabad,2026-06-29,2026-06-29-1203,not_serviceable,0,
blinkit,380003,Ahmedabad,2026-07-03,2026-07-03-0241,serviceable_no_jivo,0,
blinkit,380004,Ahmedabad,2026-07-03,2026-07-03-0241,serviceable_no_jivo,0,
blinkit,380005,Ahmedabad,2026-07-03,2026-07-03-0241,serviceable_no_jivo,0,
blinkit,380006,Ahmedabad,2026-07-03,2026-07-03-0241,serviceable_no_jivo,0,
blinkit,380007,Ahmedabad,2026-07-03,2026-07-03-0241,serviceable_no_jivo,0,
blinkit,380008,Ahmedabad,2026-07-03,2026-07-03-0241,serviceable_no_jivo,0,
blinkit,380009,Ahmedabad,2026-07-03,2026-07-03-0241,serviceable_no_jivo,0,
blinkit,380013,Ahmedabad,2026-07-03,2026-07-03-0241,serviceable_no_jivo,0,
blinkit,380014,Ahmedabad,2026-07-03,2026-07-03-0241,serviceable_no_jivo,0,
blinkit,380015,Ahmedabad,2026-07-03,2026-07-03-0241,serviceable_no_jivo,0,
blinkit,380016,Ahmedabad,2026-06-29,2026-06-29-1203,not_serviceable,0,
blinkit,380018,Ahmedabad,2026-07-03,2026-07-03-0241,serviceable_no_jivo,0,
blinkit,380019,Ahmedabad,2026-07-03,2026-07-03-0241,serviceable_no_jivo,0,
blinkit,380021,Ahmedabad,2026-07-03,2026-07-03-0241,serviceable_no_jivo,0,
blinkit,380022,Ahmedabad,2026-07-03,2026-07-03-0241,serviceable_no_jivo,0,
blinkit,380023,Ahmedabad,2026-07-03,2026-07-03-0241,serviceable_no_jivo,0,
blinkit,380024,Ahmedabad,2026-07-03,2026-07-03-0241,serviceable_no_jivo,0,
blinkit,380026,Ahmedabad,2026-07-03,2026-07-03-0241,serviceable_no_jivo,0,
blinkit,380027,Ahmedabad,2026-07-03,2026-07-03-0241,serviceable_no_jivo,0,
blinkit,380028,Ahmedabad,2026-07-03,2026-07-03-0241,serviceable_no_jivo,0,
blinkit,380049,Ahmedabad,2026-07-03,2026-07-03-0241,serviceable_no_jivo,0,
blinkit,380050,Ahmedabad,2026-07-03,2026-07-03-0241,serviceable_no_jivo,0,
blinkit,380051,Ahmedabad,2026-07-03,2026-07-03-0241,serviceable_no_jivo,0,
blinkit,380052,Ahmedabad,2026-07-03,2026-07-03-0241,serviceable_no_jivo,0,
blinkit,380054,Ahmedabad,2026-07-03,2026-07-03-0241,serviceable_no_jivo,0,
blinkit,380055,Ahmedabad,2026-07-03,2026-07-03-0241,serviceable_no_jivo,0,
blinkit,380058,Ahmedabad,2026-07-03,2026-07-03-0241,serviceable_no_jivo,0,
blinkit,380059,Ahmedabad,2026-07-03,2026-07-03-0241,serviceable_no_jivo,0,
blinkit,380060,Ahmedabad,2026-06-29,2026-06-29-1203,not_serviceable,0,
blinkit,380061,Ahmedabad,2026-07-03,2026-07-03-0241,serviceable_no_jivo,0,
blinkit,380063,Ahmedabad,2026-07-03,2026-07-03-0241,serviceable_no_jivo,0,
blinkit,382110,Ahmedabad,2026-06-29,2026-06-29-1203,not_serviceable,0,
blinkit,382115,Ahmedabad,2026-06-29,2026-06-29-1203,not_serviceable,0,
blinkit,382120,Ahmedabad,2026-06-29,2026-06-29-1203,not_serviceable,0,
blinkit,382130,Ahmedabad,2026-06-29,2026-06-29-1203,not_serviceable,0,
blinkit,382140,Ahmedabad,2026-06-29,2026-06-29-1203,not_serviceable,0,
blinkit,382145,Ahmedabad,2026-06-29,2026-06-29-1203,not_serviceable,0,
blinkit,382150,Ahmedabad,2026-06-29,2026-06-29-1203,not_serviceable,0,
blinkit,382170,Ahmedabad,2026-06-29,2026-06-29-1203,not_serviceable,0,
blinkit,382210,Ahmedabad,2026-06-29,2026-06-29-1203,not_serviceable,0,
blinkit,382213,Ahmedabad,2026-06-29,2026-06-29-1203,not_serviceable,0,
blinkit,382220,Ahmedabad,2026-06-29,2026-06-29-1203,not_serviceable,0,
blinkit,382225,Ahmedabad,2026-06-29,2026-06-29-1203,not_serviceable,0,
blinkit,382230,Ahmedabad,2026-06-29,2026-06-29-1203,not_serviceable,0,
blinkit,382240,Ahmedabad,2026-06-29,2026-06-29-1203,not_serviceable,0,
blinkit,382245,Ahmedabad,2026-06-29,2026-06-29-1203,not_serviceable,0,
blinkit,382250,Ahmedabad,2026-06-29,2026-06-29-1203,not_serviceable,0,
blinkit,382260,Ahmedabad,2026-06-29,2026-06-29-1203,not_serviceable,0,
blinkit,382265,Ahmedabad,2026-06-29,2026-06-29-1203,not_serviceable,0,
blinkit,382308,Ahmedabad,2026-06-29,2026-06-29-1203,not_serviceable,0,
blinkit,382330,Ahmedabad,2026-07-03,2026-07-03-0241,serviceable_no_jivo,0,
blinkit,382340,Ahmedabad,2026-06-29,2026-06-29-1203,not_serviceable,0,
blinkit,382345,Ahmedabad,2026-07-03,2026-07-03-0241,serviceable_no_jivo,0,
blinkit,382350,Ahmedabad,2026-07-03,2026-07-03-0241,serviceable_no_jivo,0,
blinkit,382405,Ahmedabad,2026-06-29,2026-06-29-1203,not_serviceable,0,
blinkit,382415,Ahmedabad,2026-07-03,2026-07-03-0241,serviceable_no_jivo,0,
blinkit,382418,Ahmedabad,2026-07-03,2026-07-03-0241,serviceable_no_jivo,0,
blinkit,382421,Ahmedabad,2026-06-29,2026-06-29-1203,not_serviceable,0,
blinkit,382424,Ahmedabad,2026-07-03,2026-07-03-0241,serviceable_no_jivo,0,
blinkit,382425,Ahmedabad,2026-06-29,2026-06-29-1203,not_serviceable,0,
blinkit,382427,Ahmedabad,2026-06-29,2026-06-29-1203,not_serviceable,0,
blinkit,382428,Ahmedabad,2026-06-29,2026-06-29-1203,not_serviceable,0,
blinkit,382430,Ahmedabad,2026-06-29,2026-06-29-1203,not_serviceable,0,
blinkit,382433,Ahmedabad,2026-06-29,2026-06-29-1203,not_serviceable,0,
blinkit,382435,Ahmedabad,2026-06-29,2026-06-29-1203,not_serviceable,0,
blinkit,382443,Ahmedabad,2026-07-03,2026-07-03-0241,serviceable_no_jivo,0,
blinkit,382445,Ahmedabad,2026-07-03,2026-07-03-0241,serviceable_no_jivo,0,
blinkit,382449,Ahmedabad,2026-06-29,2026-06-29-1203,not_serviceable,0,
blinkit,382450,Ahmedabad,2026-06-29,2026-06-29-1203,not_serviceable,0,
blinkit,382455,Ahmedabad,2026-06-29,2026-06-29-1203,not_serviceable,0,
blinkit,382460,Ahmedabad,2026-06-29,2026-06-29-1203,not_serviceable,0,
blinkit,382463,Ahmedabad,2026-06-29,2026-06-29-1203,not_serviceable,0,
blinkit,382465,Ahmedabad,2026-06-29,2026-06-29-1203,not_serviceable,0,
blinkit,382470,Ahmedabad,2026-06-29,2026-06-29-1203,not_serviceable,0,
blinkit,382475,Ahmedabad,2026-07-03,2026-07-03-0241,serviceable_no_jivo,0,
blinkit,382480,Ahmedabad,2026-07-03,2026-07-03-0241,serviceable_no_jivo,0,
blinkit,382481,Ahmedabad,2026-07-03,2026-07-03-0241,serviceable_no_jivo,0,
blinkit,382722,Ahmedabad,2026-06-29,2026-06-29-1203,not_serviceable,0,
blinkit,390001,Vadodara,2026-06-29,2026-06-29-1203,not_serviceable,0,
blinkit,390002,Vadodara,2026-07-03,2026-07-03-0241,serviceable_no_jivo,0,
blinkit,390003,Vadodara,2026-06-29,2026-06-29-1203,not_serviceable,0,
blinkit,390004,Vadodara,2026-06-29,2026-06-29-1203,not_serviceable,0,
blinkit,390006,Vadodara,2026-07-03,2026-07-03-0241,serviceable_no_jivo,0,
blinkit,390007,Vadodara,2026-07-03,2026-07-03-0241,serviceable_no_jivo,0,
blinkit,390009,Vadodara,2026-06-29,2026-06-29-1203,not_serviceable,0,
blinkit,390010,Vadodara,2026-06-29,2026-06-29-1203,not_serviceable,0,
blinkit,390011,Vadodara,2026-07-03,2026-07-03-0241,price_captured,1,1898
blinkit,390012,Vadodara,2026-06-29,2026-06-29-1203,not_serviceable,0,
blinkit,390013,Vadodara,2026-07-03,2026-07-03-0241,serviceable_no_jivo,0,
blinkit,390014,Vadodara,2026-06-29,2026-06-29-1203,not_serviceable,0,
blinkit,390016,Vadodara,2026-07-03,2026-07-03-0241,serviceable_no_jivo,0,
blinkit,390017,Vadodara,2026-07-03,2026-07-03-0241,price_captured,1,1898
blinkit,390018,Vadodara,2026-07-03,2026-07-03-0241,serviceable_no_jivo,0,
blinkit,390019,Vadodara,2026-06-29,2026-06-29-1203,not_serviceable,0,
blinkit,390020,Vadodara,2026-07-03,2026-07-03-0241,serviceable_no_jivo,0,
blinkit,390021,Vadodara,2026-07-03,2026-07-03-0241,serviceable_no_jivo,0,
blinkit,390022,Vadodara,2026-06-29,2026-06-29-1203,not_serviceable,0,
blinkit,390023,Vadodara,2026-07-03,2026-07-03-0241,serviceable_no_jivo,0,
blinkit,390024,Vadodara,2026-07-03,2026-07-03-0241,serviceable_no_jivo,0,
blinkit,390025,Vadodara,2026-07-03,2026-07-03-0241,price_captured,1,1898
blinkit,391101,Vadodara,2026-06-29,2026-06-29-1203,not_serviceable,0,
blinkit,391105,Vadodara,2026-06-29,2026-06-29-1203,not_serviceable,0,
blinkit,391107,Vadodara,2026-06-29,2026-06-29-1203,not_serviceable,0,
blinkit,391110,Vadodara,2026-06-29,2026-06-29-1203,not_serviceable,0,
blinkit,391115,Vadodara,2026-06-29,2026-06-29-1203,not_serviceable,0,
blinkit,391210,Vadodara,2026-06-29,2026-06-29-1203,not_serviceable,0,
blinkit,391220,Vadodara,2026-06-29,2026-06-29-1203,not_serviceable,0,
blinkit,391240,Vadodara,2026-06-29,2026-06-29-1203,not_serviceable,0,
blinkit,391243,Vadodara,2026-06-29,2026-06-29-1203,not_serviceable,0,
blinkit,391244,Vadodara,2026-06-29,2026-06-29-1203,not_serviceable,0,
blinkit,391250,Vadodara,2026-06-29,2026-06-29-1203,not_serviceable,0,
blinkit,391310,Vadodara,2026-06-29,2026-06-29-1203,not_serviceable,0,
blinkit,391320,Vadodara,2026-07-03,2026-07-03-0241,serviceable_no_jivo,0,
blinkit,391330,Vadodara,2026-06-29,2026-06-29-1203,not_serviceable,0,
blinkit,391340,Vadodara,2026-06-29,2026-06-29-1203,not_serviceable,0,
blinkit,391345,Vadodara,2026-07-03,2026-07-03-0241,serviceable_no_jivo,0,
blinkit,391350,Vadodara,2026-06-29,2026-06-29-1203,not_serviceable,0,
blinkit,391410,Vadodara,2026-06-29,2026-06-29-1203,not_serviceable,0,
blinkit,391421,Vadodara,2026-06-29,2026-06-29-1203,not_serviceable,0,
blinkit,391430,Vadodara,2026-06-29,2026-06-29-1203,not_serviceable,0,
blinkit,391440,Vadodara,2026-06-29,2026-06-29-1203,not_serviceable,0,
blinkit,391445,Vadodara,2026-06-29,2026-06-29-1203,not_serviceable,0,
blinkit,391450,Vadodara,2026-06-29,2026-06-29-1203,not_serviceable,0,
blinkit,391510,Vadodara,2026-06-29,2026-06-29-1203,not_serviceable,0,
blinkit,391520,Vadodara,2026-06-29,2026-06-29-1203,not_serviceable,0,
blinkit,391530,Vadodara,2026-06-29,2026-06-29-1203,not_serviceable,0,
blinkit,391740,Vadodara,2026-06-29,2026-06-29-1203,not_serviceable,0,
blinkit,391745,Vadodara,2026-06-29,2026-06-29-1203,not_serviceable,0,
blinkit,391750,Vadodara,2026-06-29,2026-06-29-1203,not_serviceable,0,
blinkit,391760,Vadodara,2026-06-29,2026-06-29-1203,not_serviceable,0,
blinkit,391761,Vadodara,2026-06-29,2026-06-29-1203,not_serviceable,0,
blinkit,391770,Vadodara,2026-06-29,2026-06-29-1203,not_serviceable,0,
blinkit,391774,Vadodara,2026-07-03,2026-07-03-0241,price_captured,5,233
blinkit,391775,Vadodara,2026-06-29,2026-06-29-1203,not_serviceable,0,
blinkit,391776,Vadodara,2026-06-29,2026-06-29-1203,not_serviceable,0,
blinkit,391780,Vadodara,2026-06-29,2026-06-29-1203,not_serviceable,0,
blinkit,392220,Vadodara,2026-06-29,2026-06-29-1203,not_serviceable,0,
blinkit,392310,Vadodara,2026-06-29,2026-06-29-1203,not_serviceable,0,
blinkit,393105,Vadodara,2026-06-29,2026-06-29-1203,not_serviceable,0,
blinkit,394101,Surat,2026-07-03,2026-07-03-0241,serviceable_no_jivo,0,
blinkit,394105,Surat,2026-07-03,2026-07-03-0241,serviceable_no_jivo,0,
blinkit,394107,Surat,2026-06-29,2026-06-29-1203,not_serviceable,0,
blinkit,394110,Surat,2026-06-29,2026-06-29-1203,not_serviceable,0,
blinkit,394111,Surat,2026-07-03,2026-07-03-0241,serviceable_no_jivo,0,
blinkit,394112,Surat,2026-06-29,2026-06-29-1203,not_serviceable,0,
blinkit,394120,Surat,2026-06-29,2026-06-29-1203,not_serviceable,0,
blinkit,394125,Surat,2026-06-29,2026-06-29-1203,not_serviceable,0,
blinkit,394130,Surat,2026-06-29,2026-06-29-1203,not_serviceable,0,
blinkit,394140,Surat,2026-06-29,2026-06-29-1203,not_serviceable,0,
blinkit,394150,Surat,2026-06-29,2026-06-29-1203,not_serviceable,0,
blinkit,394155,Surat,2026-06-29,2026-06-29-1203,not_serviceable,0,
blinkit,394160,Surat,2026-06-29,2026-06-29-1203,not_serviceable,0,
blinkit,394163,Surat,2026-06-29,2026-06-29-1203,not_serviceable,0,
blinkit,394170,Surat,2026-06-29,2026-06-29-1203,not_serviceable,0,
blinkit,394180,Surat,2026-06-29,2026-06-29-1203,not_serviceable,0,
blinkit,394185,Surat,2026-07-03,2026-07-03-0241,serviceable_no_jivo,0,
blinkit,394190,Surat,2026-06-29,2026-06-29-1203,not_serviceable,0,
blinkit,394210,Surat,2026-07-03,2026-07-03-0241,serviceable_no_jivo,0,
blinkit,394221,Surat,2026-07-03,2026-07-03-0241,serviceable_no_jivo,0,
blinkit,394230,Surat,2026-07-03,2026-07-03-0241,serviceable_no_jivo,0,
blinkit,394235,Surat,2026-06-29,2026-06-29-1203,not_serviceable,0,
blinkit,394240,Surat,2026-06-29,2026-06-29-1203,not_serviceable,0,
blinkit,394245,Surat,2026-06-29,2026-06-29-1203,not_serviceable,0,
blinkit,394246,Surat,2026-06-29,2026-06-29-1203,not_serviceable,0,
blinkit,394248,Surat,2026-06-29,2026-06-29-1203,not_serviceable,0,
blinkit,394250,Surat,2026-06-29,2026-06-29-1203,not_serviceable,0,
blinkit,394270,Surat,2026-06-29,2026-06-29-1203,not_serviceable,0,
blinkit,394305,Surat,2026-06-29,2026-06-29-1203,not_serviceable,0,
blinkit,394310,Surat,2026-06-29,2026-06-29-1203,not_serviceable,0,
blinkit,394315,Surat,2026-06-29,2026-06-29-1203,not_serviceable,0,
blinkit,394317,Surat,2026-06-29,2026-06-29-1203,not_serviceable,0,
blinkit,394320,Surat,2026-06-29,2026-06-29-1203,not_serviceable,0,
blinkit,394325,Surat,2026-06-29,2026-06-29-1203,not_serviceable,0,
blinkit,394326,Surat,2026-06-29,2026-06-29-1203,not_serviceable,0,
blinkit,394327,Surat,2026-06-29,2026-06-29-1203,not_serviceable,0,
blinkit,394330,Surat,2026-06-29,2026-06-29-1203,not_serviceable,0,
blinkit,394335,Surat,2026-06-29,2026-06-29-1203,not_serviceable,0,
blinkit,394340,Surat,2026-07-03,2026-07-03-0241,serviceable_no_jivo,0,
blinkit,394345,Surat,2026-07-03,2026-07-03-0241,serviceable_no_jivo,0,
blinkit,394350,Surat,2026-06-29,2026-06-29-1203,not_serviceable,0,
blinkit,394352,Surat,2026-06-29,2026-06-29-1203,not_serviceable,0,
blinkit,394355,Surat,2026-06-29,2026-06-29-1203,not_serviceable,0,
blinkit,394360,Surat,2026-06-29,2026-06-29-1203,not_serviceable,0,
blinkit,394405,Surat,2026-06-29,2026-06-29-1203,not_serviceable,0,
blinkit,394410,Surat,2026-06-29,2026-06-29-1203,not_serviceable,0,
blinkit,394421,Surat,2026-06-29,2026-06-29-1203,not_serviceable,0,
blinkit,394430,Surat,2026-06-29,2026-06-29-1203,not_serviceable,0,
blinkit,394440,Surat,2026-06-29,2026-06-29-1203,not_serviceable,0,
blinkit,394445,Surat,2026-06-29,2026-06-29-1203,not_serviceable,0,
blinkit,394510,Surat,2026-07-03,2026-07-03-0241,serviceable_no_jivo,0,
blinkit,394515,Surat,2026-06-29,2026-06-29-1203,not_serviceable,0,
blinkit,394516,Surat,2026-07-03,2026-07-03-0241,serviceable_no_jivo,0,
blinkit,394517,Surat,2026-06-29,2026-06-29-1203,not_serviceable,0,
blinkit,394518,Surat,2026-07-03,2026-07-03-0241,serviceable_no_jivo,0,
blinkit,394520,Surat,2026-06-29,2026-06-29-1203,not_serviceable,0,
blinkit,394530,Surat,2026-06-29,2026-06-29-1203,not_serviceable,0,
blinkit,394540,Surat,2026-06-29,2026-06-29-1203,not_serviceable,0,
blinkit,394541,Surat,2026-06-29,2026-06-29-1203,not_serviceable,0,
blinkit,394550,Surat,2026-06-29,2026-06-29-1203,not_serviceable,0,
blinkit,394601,Surat,2026-06-29,2026-06-29-1203,not_serviceable,0,
blinkit,394620,Surat,2026-06-29,2026-06-29-1203,not_serviceable,0,
blinkit,394651,Surat,2026-06-29,2026-06-29-1203,not_serviceable,0,
blinkit,395001,Surat,2026-06-29,2026-06-29-1203,not_serviceable,0,
blinkit,395002,Surat,2026-07-03,2026-07-03-0241,serviceable_no_jivo,0,
blinkit,395003,Surat,2026-06-29,2026-06-29-1203,not_serviceable,0,
blinkit,395004,Surat,2026-06-29,2026-06-29-1203,not_serviceable,0,
blinkit,395005,Surat,2026-06-29,2026-06-29-1203,not_serviceable,0,
blinkit,395006,Surat,2026-07-03,2026-07-03-0241,serviceable_no_jivo,0,
blinkit,395007,Surat,2026-06-29,2026-06-29-1203,not_serviceable,0,
blinkit,395008,Surat,2026-07-03,2026-07-03-0241,serviceable_no_jivo,0,
blinkit,395009,Surat,2026-07-03,2026-07-03-0241,serviceable_no_jivo,0,
blinkit,395010,Surat,2026-06-29,2026-06-29-1203,not_serviceable,0,
blinkit,395011,Surat,2026-07-03,2026-07-03-0241,serviceable_no_jivo,0,
blinkit,395012,Surat,2026-07-03,2026-07-03-0241,price_captured,1,1898
blinkit,395013,Surat,2026-07-03,2026-07-03-0241,price_captured,1,1898
blinkit,395017,Surat,2026-06-29,2026-06-29-1203,not_serviceable,0,
blinkit,395023,Surat,2026-06-29,2026-06-29-1203,not_serviceable,0,
blinkit,396510,Surat,2026-06-29,2026-06-29-1203,not_serviceable,0,
blinkit,400001,Mumbai,2026-07-03,2026-07-03-0241,price_captured,5,233
blinkit,400002,Mumbai,2026-07-03,2026-07-03-0241,price_captured,3,233
blinkit,400003,Mumbai,2026-07-03,2026-07-03-0241,price_captured,3,233
blinkit,400004,Mumbai,2026-07-03,2026-07-03-0241,price_captured,4,235
blinkit,400005,Mumbai,2026-07-03,2026-07-03-0241,price_captured,5,233
blinkit,400006,Mumbai,2026-07-03,2026-07-03-0241,price_captured,4,235
blinkit,400007,Mumbai,2026-07-03,2026-07-03-0241,price_captured,3,233
blinkit,400008,Mumbai,2026-07-03,2026-07-03-0241,price_captured,5,233
blinkit,400009,Mumbai,2026-07-03,2026-07-03-0241,price_captured,5,233
blinkit,400010,Mumbai,2026-07-03,2026-07-03-0241,price_captured,5,233
blinkit,400011,Mumbai,2026-07-03,2026-07-03-0241,price_captured,5,233
blinkit,400012,Mumbai,2026-07-03,2026-07-03-0241,price_captured,5,233
blinkit,400013,Mumbai,2026-07-03,2026-07-03-0241,price_captured,5,233
blinkit,400014,Mumbai,2026-07-03,2026-07-03-0241,price_captured,5,234
blinkit,400015,Mumbai,2026-07-03,2026-07-03-0241,not_serviceable,0,
blinkit,400016,Mumbai,2026-07-03,2026-07-03-0241,price_captured,3,233
blinkit,400017,Mumbai,2026-07-03,2026-07-03-0241,price_captured,3,233
blinkit,400018,Mumbai,2026-07-03,2026-07-03-0241,price_captured,5,235
blinkit,400019,Mumbai,2026-07-03,2026-07-03-0241,price_captured,5,234
blinkit,400020,Mumbai,2026-07-03,2026-07-03-0241,price_captured,5,233
blinkit,400021,Mumbai,2026-07-03,2026-07-03-0241,price_captured,5,233
blinkit,400022,Mumbai,2026-06-29,2026-06-29-1203,not_serviceable,0,
blinkit,400024,Mumbai,2026-07-03,2026-07-03-0241,price_captured,3,233
blinkit,400025,Mumbai,2026-07-03,2026-07-03-0241,price_captured,5,235
blinkit,400026,Mumbai,2026-07-03,2026-07-03-0241,price_captured,3,233
blinkit,400027,Mumbai,2026-07-03,2026-07-03-0241,price_captured,5,233
blinkit,400028,Mumbai,2026-07-03,2026-07-03-0241,price_captured,3,233
blinkit,400029,Mumbai,2026-07-03,2026-07-03-0241,price_captured,4,234
blinkit,400030,Mumbai,2026-07-03,2026-07-03-0241,serviceable_no_jivo,0,
blinkit,400031,Mumbai,2026-07-03,2026-07-03-0241,serviceable_no_jivo,0,
blinkit,400032,Mumbai,2026-06-29,2026-06-29-1203,not_serviceable,0,
blinkit,400033,Mumbai,2026-07-03,2026-07-03-0241,price_captured,5,234
blinkit,400034,Mumbai,2026-07-03,2026-07-03-0241,price_captured,5,233
blinkit,400035,Mumbai,2026-07-03,2026-07-03-0241,price_captured,3,233
blinkit,400037,Mumbai,2026-06-29,2026-06-29-1203,not_serviceable,0,
blinkit,400042,Mumbai,2026-06-29,2026-06-29-1203,not_serviceable,0,
blinkit,400043,Mumbai,2026-06-29,2026-06-29-1203,not_serviceable,0,
blinkit,400049,Mumbai,2026-07-03,2026-07-03-0241,price_captured,4,235
blinkit,400050,Mumbai,2026-07-03,2026-07-03-0241,price_captured,1,195
blinkit,400051,Mumbai,2026-07-03,2026-07-03-0241,price_captured,3,233
blinkit,400052,Mumbai,2026-07-03,2026-07-03-0241,price_captured,1,195
blinkit,400053,Mumbai,2026-07-03,2026-07-03-0241,price_captured,5,233
blinkit,400054,Mumbai,2026-07-03,2026-07-03-0241,price_captured,4,234
blinkit,400055,Mumbai,2026-07-03,2026-07-03-0241,price_captured,3,233
blinkit,400056,Mumbai,2026-07-03,2026-07-03-0241,price_captured,4,235
blinkit,400057,Mumbai,2026-07-03,2026-07-03-0241,price_captured,3,233
blinkit,400058,Mumbai,2026-07-03,2026-07-03-0241,price_captured,3,233
blinkit,400059,Mumbai,2026-07-03,2026-07-03-0241,price_captured,5,235
blinkit,400060,Mumbai,2026-07-03,2026-07-03-0241,price_captured,3,234
blinkit,400061,Mumbai,2026-07-03,2026-07-03-0241,price_captured,3,233
blinkit,400063,Mumbai,2026-07-03,2026-07-03-0241,price_captured,5,234
blinkit,400064,Mumbai,2026-07-03,2026-07-03-0241,price_captured,5,233
blinkit,400065,Mumbai,2026-07-03,2026-07-03-0241,price_captured,3,233
blinkit,400066,Mumbai,2026-07-03,2026-07-03-0241,price_captured,5,246
blinkit,400067,Mumbai,2026-07-03,2026-07-03-0241,price_captured,5,233
blinkit,400068,Mumbai,2026-07-03,2026-07-03-0241,price_captured,5,233
blinkit,400069,Mumbai,2026-07-03,2026-07-03-0241,price_captured,4,233
blinkit,400070,Mumbai,2026-07-03,2026-07-03-0241,price_captured,5,233
blinkit,400071,Mumbai,2026-07-03,2026-07-03-0241,price_captured,5,233
blinkit,400072,Mumbai,2026-07-03,2026-07-03-0241,price_captured,5,233
blinkit,400074,Mumbai,2026-07-03,2026-07-03-0241,price_captured,5,233
blinkit,400075,Mumbai,2026-07-03,2026-07-03-0241,price_captured,3,233
blinkit,400076,Mumbai,2026-07-03,2026-07-03-0241,price_captured,3,234
blinkit,400077,Mumbai,2026-07-03,2026-07-03-0241,price_captured,3,233
blinkit,400078,Mumbai,2026-07-03,2026-07-03-0241,price_captured,5,234
blinkit,400079,Mumbai,2026-07-03,2026-07-03-0241,price_captured,3,236
blinkit,400080,Mumbai,2026-07-03,2026-07-03-0241,price_captured,5,233
blinkit,400081,Mumbai,2026-07-03,2026-07-03-0241,serviceable_no_jivo,0,
blinkit,400082,Mumbai,2026-07-03,2026-07-03-0241,price_captured,5,233
blinkit,400083,Mumbai,2026-07-03,2026-07-03-0241,price_captured,3,233
blinkit,400084,Mumbai,2026-07-03,2026-07-03-0241,price_captured,3,236
blinkit,400085,Mumbai,2026-07-03,2026-07-03-0241,price_captured,5,234
blinkit,400086,Mumbai,2026-07-03,2026-07-03-0241,price_captured,5,239
blinkit,400087,Mumbai,2026-07-03,2026-07-03-0241,price_captured,5,236
blinkit,400088,Mumbai,2026-07-03,2026-07-03-0241,price_captured,5,234
blinkit,400089,Mumbai,2026-06-29,2026-06-29-1203,not_serviceable,0,
blinkit,400091,Mumbai,2026-07-03,2026-07-03-0241,price_captured,5,233
blinkit,400092,Mumbai,2026-07-03,2026-07-03-0241,price_captured,5,233
blinkit,400093,Mumbai,2026-07-03,2026-07-03-0241,price_captured,5,234
blinkit,400094,Mumbai,2026-07-03,2026-07-03-0241,price_captured,5,234
blinkit,400095,Mumbai,2026-07-03,2026-07-03-0241,price_captured,3,233
blinkit,400096,Mumbai,2026-07-03,2026-07-03-0241,price_captured,5,234
blinkit,400097,Mumbai,2026-07-03,2026-07-03-0241,price_captured,5,233
blinkit,400098,Mumbai,2026-07-03,2026-07-03-0241,price_captured,3,233
blinkit,400099,Mumbai,2026-07-03,2026-07-03-0241,price_captured,3,233
blinkit,400101,Mumbai,2026-07-03,2026-07-03-0241,price_captured,5,233
blinkit,400102,Mumbai,2026-07-03,2026-07-03-0241,price_captured,3,234
blinkit,400103,Mumbai,2026-07-03,2026-07-03-0241,price_captured,5,233
blinkit,400104,Mumbai,2026-07-03,2026-07-03-0241,price_captured,5,233
blinkit,410301,Pune,2026-07-03,2026-07-03-0241,not_serviceable,0,
blinkit,410302,Pune,2026-06-29,2026-06-29-1203,not_serviceable,0,
blinkit,410401,Pune,2026-07-03,2026-07-03-0241,not_serviceable,0,
blinkit,410402,Pune,2026-07-03,2026-07-03-0241,price_captured,2,1340
blinkit,410403,Pune,2026-06-29,2026-06-29-1203,not_serviceable,0,
blinkit,410405,Pune,2026-06-29,2026-06-29-1203,not_serviceable,0,
blinkit,410406,Pune,2026-06-29,2026-06-29-1203,not_serviceable,0,
blinkit,410501,Pune,2026-07-03,2026-07-03-0241,price_captured,2,1307
blinkit,410502,Pune,2026-06-29,2026-06-29-1203,not_serviceable,0,
blinkit,410503,Pune,2026-06-29,2026-06-29-1203,not_serviceable,0,
blinkit,410504,Pune,2026-06-29,2026-06-29-1203,not_serviceable,0,
blinkit,410505,Pune,2026-06-29,2026-06-29-1203,not_serviceable,0,
blinkit,410506,Pune,2026-07-03,2026-07-03-0241,not_serviceable,0,
blinkit,410507,Pune,2026-06-29,2026-06-29-1203,not_serviceable,0,
blinkit,410508,Pune,2026-06-29,2026-06-29-1203,not_serviceable,0,
blinkit,410509,Pune,2026-06-29,2026-06-29-1203,not_serviceable,0,
blinkit,410510,Pune,2026-06-29,2026-06-29-1203,not_serviceable,0,
blinkit,410511,Pune,2026-06-29,2026-06-29-1203,not_serviceable,0,
blinkit,410512,Pune,2026-06-29,2026-06-29-1203,not_serviceable,0,
blinkit,410513,Pune,2026-06-29,2026-06-29-1203,not_serviceable,0,
blinkit,410515,Pune,2026-06-29,2026-06-29-1203,not_serviceable,0,
blinkit,410516,Pune,2026-06-29,2026-06-29-1203,not_serviceable,0,
blinkit,411001,Pune,2026-07-03,2026-07-03-0241,price_captured,3,1269
blinkit,411002,Pune,2026-07-03,2026-07-03-0241,price_captured,3,1269
blinkit,411003,Pune,2026-06-29,2026-06-29-1203,not_serviceable,0,
blinkit,411004,Pune,2026-07-03,2026-07-03-0241,price_captured,3,1147
blinkit,411005,Pune,2026-07-03,2026-07-03-0241,not_serviceable,0,
blinkit,411006,Pune,2026-07-03,2026-07-03-0241,price_captured,3,1146
blinkit,411007,Pune,2026-07-03,2026-07-03-0241,price_captured,1,385
blinkit,411008,Pune,2026-07-03,2026-07-03-0241,price_captured,1,385
blinkit,411009,Pune,2026-07-03,2026-07-03-0241,price_captured,3,1269
blinkit,411011,Pune,2026-07-03,2026-07-03-0241,price_captured,3,1269
blinkit,411012,Pune,2026-07-03,2026-07-03-0241,price_captured,3,1146
blinkit,411013,Pune,2026-06-29,2026-06-29-1203,not_serviceable,0,
blinkit,411014,Pune,2026-07-03,2026-07-03-0241,not_serviceable,0,
blinkit,411015,Pune,2026-07-03,2026-07-03-0241,not_serviceable,0,
blinkit,411016,Pune,2026-07-03,2026-07-03-0241,price_captured,3,1147
blinkit,411017,Pune,2026-07-03,2026-07-03-0241,price_captured,3,1155
blinkit,411018,Pune,2026-07-03,2026-07-03-0241,price_captured,3,1144
blinkit,411019,Pune,2026-07-03,2026-07-03-0241,price_captured,3,1144
blinkit,411020,Pune,2026-07-03,2026-07-03-0241,price_captured,1,386
blinkit,411021,Pune,2026-07-03,2026-07-03-0241,price_captured,2,1340
blinkit,411022,Pune,2026-06-29,2026-06-29-1203,not_serviceable,0,
blinkit,411023,Pune,2026-07-03,2026-07-03-0241,price_captured,1,385
blinkit,411024,Pune,2026-07-03,2026-07-03-0241,price_captured,3,1147
blinkit,411025,Pune,2026-06-29,2026-06-29-1203,not_serviceable,0,
blinkit,411026,Pune,2026-06-29,2026-06-29-1203,not_serviceable,0,
blinkit,411027,Pune,2026-07-03,2026-07-03-0241,price_captured,3,1146
blinkit,411028,Pune,2026-07-03,2026-07-03-0241,price_captured,3,1146
blinkit,411030,Pune,2026-07-03,2026-07-03-0241,price_captured,3,1269
blinkit,411031,Pune,2026-06-29,2026-06-29-1203,not_serviceable,0,
blinkit,411032,Pune,2026-06-29,2026-06-29-1203,not_serviceable,0,
blinkit,411033,Pune,2026-07-03,2026-07-03-0241,not_serviceable,0,
blinkit,411034,Pune,2026-06-29,2026-06-29-1203,not_serviceable,0,
blinkit,411035,Pune,2026-07-03,2026-07-03-0241,price_captured,3,1144
blinkit,411036,Pune,2026-07-03,2026-07-03-0241,price_captured,3,1146
blinkit,411037,Pune,2026-06-29,2026-06-29-1203,not_serviceable,0,
blinkit,411038,Pune,2026-07-03,2026-07-03-0241,price_captured,3,1147
blinkit,411039,Pune,2026-07-03,2026-07-03-0241,price_captured,3,1188
blinkit,411040,Pune,2026-07-03,2026-07-03-0241,price_captured,3,1269
blinkit,411041,Pune,2026-07-03,2026-07-03-0241,price_captured,3,1147
blinkit,411042,Pune,2026-07-03,2026-07-03-0241,price_captured,3,1269
blinkit,411043,Pune,2026-07-03,2026-07-03-0241,price_captured,3,1144
blinkit,411044,Pune,2026-07-03,2026-07-03-0241,price_captured,3,1147
blinkit,411045,Pune,2026-07-03,2026-07-03-0241,price_captured,3,1146
blinkit,411046,Pune,2026-06-29,2026-06-29-1203,not_serviceable,0,
blinkit,411047,Pune,2026-07-03,2026-07-03-0241,not_serviceable,0,
blinkit,411048,Pune,2026-06-29,2026-06-29-1203,not_serviceable,0,
blinkit,411051,Pune,2026-07-03,2026-07-03-0241,not_serviceable,0,
blinkit,411052,Pune,2026-07-03,2026-07-03-0241,price_captured,3,1147
blinkit,411057,Pune,2026-06-29,2026-06-29-1203,not_serviceable,0,
blinkit,411058,Pune,2026-07-03,2026-07-03-0241,price_captured,3,1188
blinkit,411060,Pune,2026-06-29,2026-06-29-1203,not_serviceable,0,
blinkit,411061,Pune,2026-06-29,2026-06-29-1203,not_serviceable,0,
blinkit,411062,Pune,2026-07-03,2026-07-03-0241,price_captured,3,1368
blinkit,411067,Pune,2026-07-03,2026-07-03-0241,price_captured,1,385
blinkit,411068,Pune,2026-07-03,2026-07-03-0241,price_captured,3,1147
blinkit,411069,Pune,2026-07-03,2026-07-03-0241,price_captured,3,1146
blinkit,412101,Pune,2026-06-29,2026-06-29-1203,not_serviceable,0,
blinkit,412102,Pune,2026-06-29,2026-06-29-1203,not_serviceable,0,
blinkit,412103,Pune,2026-06-29,2026-06-29-1203,not_serviceable,0,
blinkit,412104,Pune,2026-06-29,2026-06-29-1203,not_serviceable,0,
blinkit,412105,Pune,2026-06-29,2026-06-29-1203,not_serviceable,0,
blinkit,412106,Pune,2026-06-29,2026-06-29-1203,not_serviceable,0,
blinkit,412107,Pune,2026-07-03,2026-07-03-0241,price_captured,3,1147
blinkit,412108,Pune,2026-06-29,2026-06-29-1203,not_serviceable,0,
blinkit,412109,Pune,2026-07-03,2026-07-03-0241,not_serviceable,0,
blinkit,412110,Pune,2026-06-29,2026-06-29-1203,not_serviceable,0,
blinkit,412112,Pune,2026-07-03,2026-07-03-0241,price_captured,3,1269
blinkit,412115,Pune,2026-06-29,2026-06-29-1203,not_serviceable,0,
blinkit,412201,Pune,2026-07-03,2026-07-03-0241,not_serviceable,0,
blinkit,412202,Pune,2026-06-29,2026-06-29-1203,not_serviceable,0,
blinkit,412203,Pune,2026-06-29,2026-06-29-1203,not_serviceable,0,
blinkit,412204,Pune,2026-06-29,2026-06-29-1203,not_serviceable,0,
blinkit,412205,Pune,2026-06-29,2026-06-29-1203,not_serviceable,0,
blinkit,412206,Pune,2026-06-29,2026-06-29-1203,not_serviceable,0,
blinkit,412207,Pune,2026-06-29,2026-06-29-1203,not_serviceable,0,
blinkit,412208,Pune,2026-06-29,2026-06-29-1203,not_serviceable,0,
blinkit,412209,Pune,2026-06-29,2026-06-29-1203,not_serviceable,0,
blinkit,412210,Pune,2026-06-29,2026-06-29-1203,not_serviceable,0,
blinkit,412211,Pune,2026-06-29,2026-06-29-1203,not_serviceable,0,
blinkit,412212,Pune,2026-06-29,2026-06-29-1203,not_serviceable,0,
blinkit,412213,Pune,2026-06-29,2026-06-29-1203,not_serviceable,0,
blinkit,412214,Pune,2026-06-29,2026-06-29-1203,not_serviceable,0,
blinkit,412215,Pune,2026-06-29,2026-06-29-1203,not_serviceable,0,
blinkit,412216,Pune,2026-06-29,2026-06-29-1203,not_serviceable,0,
blinkit,412218,Pune,2026-06-29,2026-06-29-1203,not_serviceable,0,
blinkit,412219,Pune,2026-06-29,2026-06-29-1203,not_serviceable,0,
blinkit,412220,Pune,2026-07-03,2026-07-03-0241,price_captured,2,385
blinkit,412301,Pune,2026-06-29,2026-06-29-1203,not_serviceable,0,
blinkit,412303,Pune,2026-06-29,2026-06-29-1203,not_serviceable,0,
blinkit,412304,Pune,2026-06-29,2026-06-29-1203,not_serviceable,0,
blinkit,412305,Pune,2026-06-29,2026-06-29-1203,not_serviceable,0,
blinkit,412306,Pune,2026-06-29,2026-06-29-1203,not_serviceable,0,
blinkit,412307,Pune,2026-07-03,2026-07-03-0241,price_captured,2,1340
blinkit,412308,Pune,2026-06-29,2026-06-29-1203,not_serviceable,0,
blinkit,412311,Pune,2026-06-29,2026-06-29-1203,not_serviceable,0,
blinkit,412312,Pune,2026-06-29,2026-06-29-1203,not_serviceable,0,
blinkit,412401,Pune,2026-06-29,2026-06-29-1203,not_serviceable,0,
blinkit,412402,Pune,2026-06-29,2026-06-29-1203,not_serviceable,0,
blinkit,412403,Pune,2026-06-29,2026-06-29-1203,not_serviceable,0,
blinkit,412404,Pune,2026-06-29,2026-06-29-1203,not_serviceable,0,
blinkit,412405,Pune,2026-06-29,2026-06-29-1203,not_serviceable,0,
blinkit,412406,Pune,2026-06-29,2026-06-29-1203,not_serviceable,0,
blinkit,412408,Pune,2026-06-29,2026-06-29-1203,not_serviceable,0,
blinkit,412409,Pune,2026-06-29,2026-06-29-1203,not_serviceable,0,
blinkit,412410,Pune,2026-06-29,2026-06-29-1203,not_serviceable,0,
blinkit,412411,Pune,2026-06-29,2026-06-29-1203,not_serviceable,0,
blinkit,412412,Pune,2026-06-29,2026-06-29-1203,not_serviceable,0,
blinkit,413102,Pune,2026-06-29,2026-06-29-1203,not_serviceable,0,
blinkit,413103,Pune,2026-06-29,2026-06-29-1203,not_serviceable,0,
blinkit,413104,Pune,2026-06-29,2026-06-29-1203,not_serviceable,0,
blinkit,413105,Pune,2026-06-29,2026-06-29-1203,not_serviceable,0,
blinkit,413106,Pune,2026-06-29,2026-06-29-1203,not_serviceable,0,
blinkit,413110,Pune,2026-06-29,2026-06-29-1203,not_serviceable,0,
blinkit,413114,Pune,2026-06-29,2026-06-29-1203,not_serviceable,0,
blinkit,413115,Pune,2026-06-29,2026-06-29-1203,not_serviceable,0,
blinkit,413116,Pune,2026-06-29,2026-06-29-1203,not_serviceable,0,
blinkit,413120,Pune,2026-06-29,2026-06-29-1203,not_serviceable,0,
blinkit,413130,Pune,2026-06-29,2026-06-29-1203,not_serviceable,0,
blinkit,413132,Pune,2026-06-29,2026-06-29-1203,not_serviceable,0,
blinkit,413133,Pune,2026-06-29,2026-06-29-1203,not_serviceable,0,
blinkit,413211,Pune,2026-06-29,2026-06-29-1203,not_serviceable,0,
blinkit,413801,Pune,2026-06-29,2026-06-29-1203,not_serviceable,0,
blinkit,413802,Pune,2026-06-29,2026-06-29-1203,not_serviceable,0,
blinkit,422001,Nashik,2026-07-03,2026-07-03-0241,price_captured,5,237
blinkit,422002,Nashik,2026-07-03,2026-07-03-0241,price_captured,5,251
blinkit,422003,Nashik,2026-06-29,2026-06-29-1203,not_serviceable,0,
blinkit,422004,Nashik,2026-06-29,2026-06-29-1203,not_serviceable,0,
blinkit,422005,Nashik,2026-07-03,2026-07-03-0241,serviceable_no_jivo,0,
blinkit,422006,Nashik,2026-07-03,2026-07-03-0241,price_captured,3,251
blinkit,422007,Nashik,2026-06-29,2026-06-29-1203,not_serviceable,0,
blinkit,422008,Nashik,2026-07-03,2026-07-03-0241,price_captured,5,251
blinkit,422009,Nashik,2026-06-29,2026-06-29-1203,not_serviceable,0,
blinkit,422010,Nashik,2026-07-03,2026-07-03-0241,price_captured,2,1304
blinkit,422011,Nashik,2026-07-03,2026-07-03-0241,price_captured,5,275
blinkit,422012,Nashik,2026-07-03,2026-07-03-0241,price_captured,5,275
blinkit,422013,Nashik,2026-07-03,2026-07-03-0241,price_captured,5,234
blinkit,422101,Nashik,2026-07-03,2026-07-03-0241,price_captured,5,255
blinkit,422102,Nashik,2026-06-29,2026-06-29-1203,not_serviceable,0,
blinkit,422103,Nashik,2026-06-29,2026-06-29-1203,not_serviceable,0,
blinkit,422104,Nashik,2026-06-29,2026-06-29-1203,not_serviceable,0,
blinkit,422105,Nashik,2026-07-03,2026-07-03-0241,price_captured,5,255
blinkit,422112,Nashik,2026-06-29,2026-06-29-1203,not_serviceable,0,
blinkit,422113,Nashik,2026-06-29,2026-06-29-1203,not_serviceable,0,
blinkit,422201,Nashik,2026-06-29,2026-06-29-1203,not_serviceable,0,
blinkit,422202,Nashik,2026-06-29,2026-06-29-1203,not_serviceable,0,
blinkit,422203,Nashik,2026-06-29,2026-06-29-1203,not_serviceable,0,
blinkit,422204,Nashik,2026-06-29,2026-06-29-1203,not_serviceable,0,
blinkit,422205,Nashik,2026-06-29,2026-06-29-1203,not_serviceable,0,
blinkit,422206,Nashik,2026-06-29,2026-06-29-1203,not_serviceable,0,
blinkit,422207,Nashik,2026-06-29,2026-06-29-1203,not_serviceable,0,
blinkit,422208,Nashik,2026-06-29,2026-06-29-1203,not_serviceable,0,
blinkit,422209,Nashik,2026-06-29,2026-06-29-1203,not_serviceable,0,
blinkit,422210,Nashik,2026-06-29,2026-06-29-1203,not_serviceable,0,
blinkit,422211,Nashik,2026-06-29,2026-06-29-1203,not_serviceable,0,
blinkit,422212,Nashik,2026-06-29,2026-06-29-1203,not_serviceable,0,
blinkit,422213,Nashik,2026-06-29,2026-06-29-1203,not_serviceable,0,
blinkit,422214,Nashik,2026-06-29,2026-06-29-1203,not_serviceable,0,
blinkit,422215,Nashik,2026-06-29,2026-06-29-1203,not_serviceable,0,
blinkit,422221,Nashik,2026-07-03,2026-07-03-0241,price_captured,5,275
blinkit,422222,Nashik,2026-06-29,2026-06-29-1203,not_serviceable,0,
blinkit,422301,Nashik,2026-06-29,2026-06-29-1203,not_serviceable,0,
blinkit,422302,Nashik,2026-06-29,2026-06-29-1203,not_serviceable,0,
blinkit,422303,Nashik,2026-06-29,2026-06-29-1203,not_serviceable,0,
blinkit,422304,Nashik,2026-06-29,2026-06-29-1203,not_serviceable,0,
blinkit,422305,Nashik,2026-06-29,2026-06-29-1203,not_serviceable,0,
blinkit,422306,Nashik,2026-06-29,2026-06-29-1203,not_serviceable,0,
blinkit,422308,Nashik,2026-06-29,2026-06-29-1203,not_serviceable,0,
blinkit,422401,Nashik,2026-06-29,2026-06-29-1203,not_serviceable,0,
blinkit,422402,Nashik,2026-06-29,2026-06-29-1203,not_serviceable,0,
blinkit,422403,Nashik,2026-06-29,2026-06-29-1203,not_serviceable,0,
blinkit,422501,Nashik,2026-07-03,2026-07-03-0241,price_captured,5,255
blinkit,422502,Nashik,2026-06-29,2026-06-29-1203,not_serviceable,0,
blinkit,422606,Nashik,2026-06-29,2026-06-29-1203,not_serviceable,0,
blinkit,423101,Nashik,2026-06-29,2026-06-29-1203,not_serviceable,0,
blinkit,423102,Nashik,2026-06-29,2026-06-29-1203,not_serviceable,0,
blinkit,423104,Nashik,2026-06-29,2026-06-29-1203,not_serviceable,0,
blinkit,423105,Nashik,2026-06-29,2026-06-29-1203,not_serviceable,0,
blinkit,423106,Nashik,2026-06-29,2026-06-29-1203,not_serviceable,0,
blinkit,423108,Nashik,2026-06-29,2026-06-29-1203,not_serviceable,0,
blinkit,423110,Nashik,2026-06-29,2026-06-29-1203,not_serviceable,0,
blinkit,423111,Nashik,2026-06-29,2026-06-29-1203,not_serviceable,0,
blinkit,423117,Nashik,2026-06-29,2026-06-29-1203,not_serviceable,0,
blinkit,423201,Nashik,2026-06-29,2026-06-29-1203,not_serviceable,0,
blinkit,423202,Nashik,2026-06-29,2026-06-29-1203,not_serviceable,0,
blinkit,423203,Nashik,2026-06-29,2026-06-29-1203,not_serviceable,0,
blinkit,423204,Nashik,2026-06-29,2026-06-29-1203,not_serviceable,0,
blinkit,423205,Nashik,2026-06-29,2026-06-29-1203,not_serviceable,0,
blinkit,423206,Nashik,2026-06-29,2026-06-29-1203,not_serviceable,0,
blinkit,423208,Nashik,2026-06-29,2026-06-29-1203,not_serviceable,0,
blinkit,423212,Nashik,2026-06-29,2026-06-29-1203,not_serviceable,0,
blinkit,423213,Nashik,2026-06-29,2026-06-29-1203,not_serviceable,0,
blinkit,423301,Nashik,2026-06-29,2026-06-29-1203,not_serviceable,0,
blinkit,423302,Nashik,2026-06-29,2026-06-29-1203,not_serviceable,0,
blinkit,423303,Nashik,2026-06-29,2026-06-29-1203,not_serviceable,0,
blinkit,423401,Nashik,2026-06-29,2026-06-29-1203,not_serviceable,0,
blinkit,423402,Nashik,2026-06-29,2026-06-29-1203,not_serviceable,0,
blinkit,423403,Nashik,2026-06-29,2026-06-29-1203,not_serviceable,0,
blinkit,423501,Nashik,2026-06-29,2026-06-29-1203,not_serviceable,0,
blinkit,423502,Nashik,2026-06-29,2026-06-29-1203,not_serviceable,0,
blinkit,424109,Nashik,2026-06-29,2026-06-29-1203,not_serviceable,0,
blinkit,440001,Nagpur,2026-07-03,2026-07-03-0241,price_captured,2,1145
blinkit,440002,Nagpur,2026-06-29,2026-06-29-1203,not_serviceable,0,
blinkit,440003,Nagpur,2026-07-03,2026-07-03-0241,price_captured,1,1142
blinkit,440005,Nagpur,2026-06-29,2026-06-29-1203,not_serviceable,0,
blinkit,440006,Nagpur,2026-07-03,2026-07-03-0241,serviceable_no_jivo,0,
blinkit,440007,Nagpur,2026-07-03,2026-07-03-0241,serviceable_no_jivo,0,
blinkit,440008,Nagpur,2026-07-03,2026-07-03-0241,price_captured,2,1145
blinkit,440010,Nagpur,2026-06-29,2026-06-29-1203,not_serviceable,0,
blinkit,440012,Nagpur,2026-07-03,2026-07-03-0241,price_captured,1,1142
blinkit,440013,Nagpur,2026-07-03,2026-07-03-0241,serviceable_no_jivo,0,
blinkit,440014,Nagpur,2026-07-03,2026-07-03-0241,serviceable_no_jivo,0,
blinkit,440015,Nagpur,2026-06-29,2026-06-29-1203,not_serviceable,0,
blinkit,440016,Nagpur,2026-06-29,2026-06-29-1203,not_serviceable,0,
blinkit,440017,Nagpur,2026-07-03,2026-07-03-0241,serviceable_no_jivo,0,
blinkit,440018,Nagpur,2026-07-03,2026-07-03-0241,price_captured,1,1142
blinkit,440019,Nagpur,2026-07-03,2026-07-03-0241,serviceable_no_jivo,0,
blinkit,440020,Nagpur,2026-07-03,2026-07-03-0241,price_captured,2,1142
blinkit,440021,Nagpur,2026-07-03,2026-07-03-0241,price_captured,2,1142
blinkit,440022,Nagpur,2026-07-03,2026-07-03-0241,price_captured,1,1142
blinkit,440023,Nagpur,2026-06-29,2026-06-29-1203,not_serviceable,0,
blinkit,440024,Nagpur,2026-07-03,2026-07-03-0241,price_captured,2,1145
blinkit,440025,Nagpur,2026-07-03,2026-07-03-0241,price_captured,2,1142
blinkit,440026,Nagpur,2026-07-03,2026-07-03-0241,serviceable_no_jivo,0,
blinkit,440027,Nagpur,2026-06-29,2026-06-29-1203,not_serviceable,0,
blinkit,440030,Nagpur,2026-07-03,2026-07-03-0241,serviceable_no_jivo,0,
blinkit,440032,Nagpur,2026-07-03,2026-07-03-0241,price_captured,1,1142
blinkit,440033,Nagpur,2026-07-03,2026-07-03-0241,price_captured,1,1142
blinkit,440034,Nagpur,2026-07-03,2026-07-03-0241,price_captured,2,1142
blinkit,440035,Nagpur,2026-06-29,2026-06-29-1203,not_serviceable,0,
blinkit,440036,Nagpur,2026-07-03,2026-07-03-0241,serviceable_no_jivo,0,
blinkit,440037,Nagpur,2026-07-03,2026-07-03-0241,price_captured,2,1142
blinkit,441001,Nagpur,2026-06-29,2026-06-29-1203,not_serviceable,0,
blinkit,441101,Nagpur,2026-06-29,2026-06-29-1203,not_serviceable,0,
blinkit,441102,Nagpur,2026-06-29,2026-06-29-1203,not_serviceable,0,
blinkit,441103,Nagpur,2026-06-29,2026-06-29-1203,not_serviceable,0,
blinkit,441104,Nagpur,2026-06-29,2026-06-29-1203,not_serviceable,0,
blinkit,441105,Nagpur,2026-06-29,2026-06-29-1203,not_serviceable,0,
blinkit,441106,Nagpur,2026-06-29,2026-06-29-1203,not_serviceable,0,
blinkit,441107,Nagpur,2026-06-29,2026-06-29-1203,not_serviceable,0,
blinkit,441108,Nagpur,2026-06-29,2026-06-29-1203,not_serviceable,0,
blinkit,441109,Nagpur,2026-07-03,2026-07-03-0241,price_captured,1,1142
blinkit,441110,Nagpur,2026-06-29,2026-06-29-1203,not_serviceable,0,
blinkit,441111,Nagpur,2026-06-29,2026-06-29-1203,not_serviceable,0,
blinkit,441112,Nagpur,2026-06-29,2026-06-29-1203,not_serviceable,0,
blinkit,441113,Nagpur,2026-06-29,2026-06-29-1203,not_serviceable,0,
blinkit,441122,Nagpur,2026-06-29,2026-06-29-1203,not_serviceable,0,
blinkit,441123,Nagpur,2026-07-03,2026-07-03-0241,serviceable_no_jivo,0,
blinkit,441201,Nagpur,2026-06-29,2026-06-29-1203,not_serviceable,0,
blinkit,441202,Nagpur,2026-06-29,2026-06-29-1203,not_serviceable,0,
blinkit,441203,Nagpur,2026-06-29,2026-06-29-1203,not_serviceable,0,
blinkit,441204,Nagpur,2026-06-29,2026-06-29-1203,not_serviceable,0,
blinkit,441210,Nagpur,2026-06-29,2026-06-29-1203,not_serviceable,0,
blinkit,441214,Nagpur,2026-06-29,2026-06-29-1203,not_serviceable,0,
blinkit,441301,Nagpur,2026-06-29,2026-06-29-1203,not_serviceable,0,
blinkit,441302,Nagpur,2026-06-29,2026-06-29-1203,not_serviceable,0,
blinkit,441303,Nagpur,2026-06-29,2026-06-29-1203,not_serviceable,0,
blinkit,441304,Nagpur,2026-06-29,2026-06-29-1203,not_serviceable,0,
blinkit,441305,Nagpur,2026-06-29,2026-06-29-1203,not_serviceable,0,
blinkit,441306,Nagpur,2026-06-29,2026-06-29-1203,not_serviceable,0,
blinkit,441401,Nagpur,2026-06-29,2026-06-29-1203,not_serviceable,0,
blinkit,441404,Nagpur,2026-06-29,2026-06-29-1203,not_serviceable,0,
blinkit,441501,Nagpur,2026-07-03,2026-07-03-0241,serviceable_no_jivo,0,
blinkit,441502,Nagpur,2026-06-29,2026-06-29-1203,not_serviceable,0,
blinkit,452001,Indore,2026-06-29,2026-06-29-1203,not_serviceable,0,
blinkit,452002,Indore,2026-07-03,2026-07-03-0241,price_captured,1,1894
blinkit,452003,Indore,2026-06-29,2026-06-29-1203,not_serviceable,0,
blinkit,452005,Indore,2026-07-03,2026-07-03-0241,price_captured,1,1894
blinkit,452006,Indore,2026-07-03,2026-07-03-0241,price_captured,1,1894
blinkit,452007,Indore,2026-07-03,2026-07-03-0241,price_captured,1,1894
blinkit,452009,Indore,2026-07-03,2026-07-03-0241,price_captured,1,1894
blinkit,452010,Indore,2026-07-03,2026-07-03-0241,serviceable_no_jivo,0,
blinkit,452011,Indore,2026-07-03,2026-07-03-0241,price_captured,1,1894
blinkit,452012,Indore,2026-06-29,2026-06-29-1203,not_serviceable,0,
blinkit,452013,Indore,2026-06-29,2026-06-29-1203,not_serviceable,0,
blinkit,452014,Indore,2026-07-03,2026-07-03-0241,price_captured,1,1894
blinkit,452015,Indore,2026-06-29,2026-06-29-1203,not_serviceable,0,
blinkit,452016,Indore,2026-06-29,2026-06-29-1203,not_serviceable,0,
blinkit,452018,Indore,2026-06-29,2026-06-29-1203,not_serviceable,0,
blinkit,452020,Indore,2026-06-29,2026-06-29-1203,not_serviceable,0,
blinkit,453001,Indore,2026-06-29,2026-06-29-1203,not_serviceable,0,
blinkit,453111,Indore,2026-06-29,2026-06-29-1203,not_serviceable,0,
blinkit,453112,Indore,2026-07-03,2026-07-03-0241,price_captured,1,1894
blinkit,453115,Indore,2026-06-29,2026-06-29-1203,not_serviceable,0,
blinkit,453220,Indore,2026-06-29,2026-06-29-1203,not_serviceable,0,
blinkit,453331,Indore,2026-06-29,2026-06-29-1203,not_serviceable,0,
blinkit,453441,Indore,2026-06-29,2026-06-29-1203,not_serviceable,0,
blinkit,453446,Indore,2026-06-29,2026-06-29-1203,not_serviceable,0,
blinkit,453551,Indore,2026-06-29,2026-06-29-1203,not_serviceable,0,
blinkit,453552,Indore,2026-06-29,2026-06-29-1203,not_serviceable,0,
blinkit,453555,Indore,2026-07-03,2026-07-03-0241,price_captured,1,1894
blinkit,453556,Indore,2026-07-03,2026-07-03-0241,price_captured,1,1894
blinkit,453661,Indore,2026-06-29,2026-06-29-1203,not_serviceable,0,
blinkit,453771,Indore,2026-06-29,2026-06-29-1203,not_serviceable,0,
blinkit,500001,Hyderabad,2026-06-29,2026-06-29-1203,not_serviceable,0,
blinkit,500002,Hyderabad,2026-07-03,2026-07-03-0241,serviceable_no_jivo,0,
blinkit,500003,Hyderabad,2026-06-29,2026-06-29-1203,not_serviceable,0,
blinkit,500004,Hyderabad,2026-07-03,2026-07-03-0241,serviceable_no_jivo,0,
blinkit,500005,Hyderabad,2026-07-03,2026-07-03-0241,serviceable_no_jivo,0,
blinkit,500006,Hyderabad,2026-06-29,2026-06-29-1203,not_serviceable,0,
blinkit,500007,Hyderabad,2026-06-29,2026-06-29-1203,not_serviceable,0,
blinkit,500008,Hyderabad,2026-06-29,2026-06-29-1203,not_serviceable,0,
blinkit,500009,Hyderabad,2026-07-03,2026-07-03-0241,serviceable_no_jivo,0,
blinkit,500010,Hyderabad,2026-07-03,2026-07-03-0241,serviceable_no_jivo,0,
blinkit,500011,Hyderabad,2026-07-03,2026-07-03-0241,serviceable_no_jivo,0,
blinkit,500012,Hyderabad,2026-07-03,2026-07-03-0241,serviceable_no_jivo,0,
blinkit,500013,Hyderabad,2026-07-03,2026-07-03-0241,serviceable_no_jivo,0,
blinkit,500014,Hyderabad,2026-07-03,2026-07-03-0241,serviceable_no_jivo,0,
blinkit,500015,Hyderabad,2026-06-29,2026-06-29-1203,not_serviceable,0,
blinkit,500016,Hyderabad,2026-07-03,2026-07-03-0241,serviceable_no_jivo,0,
blinkit,500017,Hyderabad,2026-07-03,2026-07-03-0241,serviceable_no_jivo,0,
blinkit,500018,Hyderabad,2026-06-29,2026-06-29-1203,not_serviceable,0,
blinkit,500020,Hyderabad,2026-06-29,2026-06-29-1203,not_serviceable,0,
blinkit,500022,Hyderabad,2026-07-03,2026-07-03-0241,serviceable_no_jivo,0,
blinkit,500023,Hyderabad,2026-07-03,2026-07-03-0241,serviceable_no_jivo,0,
blinkit,500024,Hyderabad,2026-06-29,2026-06-29-1203,not_serviceable,0,
blinkit,500025,Hyderabad,2026-06-29,2026-06-29-1203,not_serviceable,0,
blinkit,500026,Hyderabad,2026-07-03,2026-07-03-0241,serviceable_no_jivo,0,
blinkit,500027,Hyderabad,2026-06-29,2026-06-29-1203,not_serviceable,0,
blinkit,500028,Hyderabad,2026-06-29,2026-06-29-1203,not_serviceable,0,
blinkit,500029,Hyderabad,2026-06-29,2026-06-29-1203,not_serviceable,0,
blinkit,500031,Hyderabad,2026-06-29,2026-06-29-1203,not_serviceable,0,
blinkit,500032,Hyderabad,2026-06-29,2026-06-29-1203,not_serviceable,0,
blinkit,500033,Hyderabad,2026-07-03,2026-07-03-0241,serviceable_no_jivo,0,
blinkit,500034,Hyderabad,2026-07-03,2026-07-03-0241,serviceable_no_jivo,0,
blinkit,500036,Hyderabad,2026-07-03,2026-07-03-0241,serviceable_no_jivo,0,
blinkit,500038,Hyderabad,2026-06-29,2026-06-29-1203,not_serviceable,0,
blinkit,500040,Hyderabad,2026-06-29,2026-06-29-1203,not_serviceable,0,
blinkit,500041,Hyderabad,2026-07-03,2026-07-03-0241,serviceable_no_jivo,0,
blinkit,500044,Hyderabad,2026-07-03,2026-07-03-0241,serviceable_no_jivo,0,
blinkit,500045,Hyderabad,2026-07-03,2026-07-03-0241,serviceable_no_jivo,0,
blinkit,500047,Hyderabad,2026-06-29,2026-06-29-1203,not_serviceable,0,
blinkit,500053,Hyderabad,2026-07-03,2026-07-03-0241,serviceable_no_jivo,0,
blinkit,500056,Hyderabad,2026-06-29,2026-06-29-1203,not_serviceable,0,
blinkit,500057,Hyderabad,2026-07-03,2026-07-03-0241,serviceable_no_jivo,0,
blinkit,500058,Hyderabad,2026-07-03,2026-07-03-0241,serviceable_no_jivo,0,
blinkit,500059,Hyderabad,2026-07-03,2026-07-03-0241,serviceable_no_jivo,0,
blinkit,500061,Hyderabad,2026-06-29,2026-06-29-1203,not_serviceable,0,
blinkit,500063,Hyderabad,2026-07-03,2026-07-03-0241,serviceable_no_jivo,0,
blinkit,500064,Hyderabad,2026-06-29,2026-06-29-1203,not_serviceable,0,
blinkit,500065,Hyderabad,2026-07-03,2026-07-03-0241,serviceable_no_jivo,0,
blinkit,500066,Hyderabad,2026-07-03,2026-07-03-0241,serviceable_no_jivo,0,
blinkit,500073,Hyderabad,2026-07-03,2026-07-03-0241,serviceable_no_jivo,0,
blinkit,500080,Hyderabad,2026-07-03,2026-07-03-0241,serviceable_no_jivo,0,
blinkit,500081,Hyderabad,2026-07-03,2026-07-03-0241,serviceable_no_jivo,0,
blinkit,500082,Hyderabad,2026-07-03,2026-07-03-0241,serviceable_no_jivo,0,
blinkit,500084,Hyderabad,2026-07-03,2026-07-03-0241,serviceable_no_jivo,0,
blinkit,500094,Hyderabad,2026-06-29,2026-06-29-1203,not_serviceable,0,
blinkit,500095,Hyderabad,2026-07-03,2026-07-03-0241,serviceable_no_jivo,0,
blinkit,500096,Hyderabad,2026-06-29,2026-06-29-1203,not_serviceable,0,
blinkit,500107,Hyderabad,2026-07-03,2026-07-03-0241,serviceable_no_jivo,0,
blinkit,500109,Hyderabad,2026-06-29,2026-06-29-1203,not_serviceable,0,
blinkit,500110,Hyderabad,2026-07-03,2026-07-03-0241,serviceable_no_jivo,0,
blinkit,500112,Hyderabad,2026-07-03,2026-07-03-0241,serviceable_no_jivo,0,
blinkit,509132,Vijayawada,2026-06-29,2026-06-29-1203,not_serviceable,0,
blinkit,520001,Vijayawada,2026-07-03,2026-07-03-0241,serviceable_no_jivo,0,
blinkit,520002,Vijayawada,2026-07-03,2026-07-03-0241,serviceable_no_jivo,0,
blinkit,520003,Vijayawada,2026-07-03,2026-07-03-0241,serviceable_no_jivo,0,
blinkit,520004,Vijayawada,2026-06-29,2026-06-29-1203,not_serviceable,0,
blinkit,520007,Vijayawada,2026-06-29,2026-06-29-1203,not_serviceable,0,
blinkit,520008,Vijayawada,2026-07-03,2026-07-03-0241,serviceable_no_jivo,0,
blinkit,520010,Vijayawada,2026-07-03,2026-07-03-0241,serviceable_no_jivo,0,
blinkit,520011,Vijayawada,2026-06-29,2026-06-29-1203,not_serviceable,0,
blinkit,520012,Vijayawada,2026-06-29,2026-06-29-1203,not_serviceable,0,
blinkit,520013,Vijayawada,2026-07-03,2026-07-03-0241,serviceable_no_jivo,0,
blinkit,520015,Vijayawada,2026-07-03,2026-07-03-0241,serviceable_no_jivo,0,
blinkit,521101,Vijayawada,2026-06-29,2026-06-29-1203,not_serviceable,0,
blinkit,521102,Vijayawada,2026-06-29,2026-06-29-1203,not_serviceable,0,
blinkit,521104,Vijayawada,2026-06-29,2026-06-29-1203,not_serviceable,0,
blinkit,521107,Vijayawada,2026-06-29,2026-06-29-1203,not_serviceable,0,
blinkit,521108,Vijayawada,2026-07-03,2026-07-03-0241,serviceable_no_jivo,0,
blinkit,521109,Vijayawada,2026-06-29,2026-06-29-1203,not_serviceable,0,
blinkit,521110,Vijayawada,2026-06-29,2026-06-29-1203,not_serviceable,0,
blinkit,521134,Vijayawada,2026-06-29,2026-06-29-1203,not_serviceable,0,
blinkit,521137,Vijayawada,2026-07-03,2026-07-03-0241,serviceable_no_jivo,0,
blinkit,521139,Vijayawada,2026-07-03,2026-07-03-0241,serviceable_no_jivo,0,
blinkit,521151,Vijayawada,2026-06-29,2026-06-29-1203,not_serviceable,0,
blinkit,521153,Vijayawada,2026-06-29,2026-06-29-1203,not_serviceable,0,
blinkit,521163,Vijayawada,2026-06-29,2026-06-29-1203,not_serviceable,0,
blinkit,521164,Vijayawada,2026-06-29,2026-06-29-1203,not_serviceable,0,
blinkit,521165,Vijayawada,2026-06-29,2026-06-29-1203,not_serviceable,0,
blinkit,521170,Vijayawada,2026-06-29,2026-06-29-1203,not_serviceable,0,
blinkit,521175,Vijayawada,2026-06-29,2026-06-29-1203,not_serviceable,0,
blinkit,521178,Vijayawada,2026-06-29,2026-06-29-1203,not_serviceable,0,
blinkit,521180,Vijayawada,2026-06-29,2026-06-29-1203,not_serviceable,0,
blinkit,521181,Vijayawada,2026-06-29,2026-06-29-1203,not_serviceable,0,
blinkit,521182,Vijayawada,2026-06-29,2026-06-29-1203,not_serviceable,0,
blinkit,521183,Vijayawada,2026-06-29,2026-06-29-1203,not_serviceable,0,
blinkit,521184,Vijayawada,2026-06-29,2026-06-29-1203,not_serviceable,0,
blinkit,521185,Vijayawada,2026-06-29,2026-06-29-1203,not_serviceable,0,
blinkit,521190,Vijayawada,2026-06-29,2026-06-29-1203,not_serviceable,0,
blinkit,521211,Vijayawada,2026-06-29,2026-06-29-1203,not_serviceable,0,
blinkit,521212,Vijayawada,2026-06-29,2026-06-29-1203,not_serviceable,0,
blinkit,521225,Vijayawada,2026-07-03,2026-07-03-0241,serviceable_no_jivo,0,
blinkit,521226,Vijayawada,2026-06-29,2026-06-29-1203,not_serviceable,0,
blinkit,521227,Vijayawada,2026-06-29,2026-06-29-1203,not_serviceable,0,
blinkit,521228,Vijayawada,2026-06-29,2026-06-29-1203,not_serviceable,0,
blinkit,521229,Vijayawada,2026-06-29,2026-06-29-1203,not_serviceable,0,
blinkit,521230,Vijayawada,2026-06-29,2026-06-29-1203,not_serviceable,0,
blinkit,521231,Vijayawada,2026-06-29,2026-06-29-1203,not_serviceable,0,
blinkit,521235,Vijayawada,2026-06-29,2026-06-29-1203,not_serviceable,0,
blinkit,521241,Vijayawada,2026-06-29,2026-06-29-1203,not_serviceable,0,
blinkit,521245,Vijayawada,2026-06-29,2026-06-29-1203,not_serviceable,0,
blinkit,521246,Vijayawada,2026-06-29,2026-06-29-1203,not_serviceable,0,
blinkit,521247,Vijayawada,2026-06-29,2026-06-29-1203,not_serviceable,0,
blinkit,521250,Vijayawada,2026-06-29,2026-06-29-1203,not_serviceable,0,
blinkit,521256,Vijayawada,2026-06-29,2026-06-29-1203,not_serviceable,0,
blinkit,521286,Vijayawada,2026-06-29,2026-06-29-1203,not_serviceable,0,
blinkit,521401,Vijayawada,2026-06-29,2026-06-29-1203,not_serviceable,0,
blinkit,521402,Vijayawada,2026-06-29,2026-06-29-1203,not_serviceable,0,
blinkit,521403,Vijayawada,2026-06-29,2026-06-29-1203,not_serviceable,0,
blinkit,521456,Vijayawada,2026-06-29,2026-06-29-1203,not_serviceable,0,
blinkit,521457,Vijayawada,2026-06-29,2026-06-29-1203,not_serviceable,0,
blinkit,530001,Visakhapatnam,2026-07-03,2026-07-03-0241,serviceable_no_jivo,0,
blinkit,530002,Visakhapatnam,2026-07-03,2026-07-03-0241,serviceable_no_jivo,0,
blinkit,530003,Visakhapatnam,2026-07-03,2026-07-03-0241,serviceable_no_jivo,0,
blinkit,530004,Visakhapatnam,2026-07-03,2026-07-03-0241,serviceable_no_jivo,0,
blinkit,530005,Visakhapatnam,2026-06-29,2026-06-29-1203,not_serviceable,0,
blinkit,530007,Visakhapatnam,2026-06-29,2026-06-29-1203,not_serviceable,0,
blinkit,530008,Visakhapatnam,2026-07-03,2026-07-03-0241,serviceable_no_jivo,0,
blinkit,530009,Visakhapatnam,2026-07-03,2026-07-03-0241,serviceable_no_jivo,0,
blinkit,530011,Visakhapatnam,2026-07-03,2026-07-03-0241,serviceable_no_jivo,0,
blinkit,530012,Visakhapatnam,2026-07-03,2026-07-03-0241,serviceable_no_jivo,0,
blinkit,530013,Visakhapatnam,2026-07-03,2026-07-03-0241,serviceable_no_jivo,0,
blinkit,530014,Visakhapatnam,2026-06-29,2026-06-29-1203,not_serviceable,0,
blinkit,530015,Visakhapatnam,2026-07-03,2026-07-03-0241,serviceable_no_jivo,0,
blinkit,530016,Visakhapatnam,2026-06-29,2026-06-29-1203,not_serviceable,0,
blinkit,530017,Visakhapatnam,2026-07-03,2026-07-03-0241,serviceable_no_jivo,0,
blinkit,530018,Visakhapatnam,2026-07-03,2026-07-03-0241,serviceable_no_jivo,0,
blinkit,530020,Visakhapatnam,2026-07-03,2026-07-03-0241,serviceable_no_jivo,0,
blinkit,530022,Visakhapatnam,2026-07-03,2026-07-03-0241,serviceable_no_jivo,0,
blinkit,530024,Visakhapatnam,2026-07-03,2026-07-03-0241,serviceable_no_jivo,0,
blinkit,530026,Visakhapatnam,2026-07-03,2026-07-03-0241,serviceable_no_jivo,0,
blinkit,530027,Visakhapatnam,2026-07-03,2026-07-03-0241,serviceable_no_jivo,0,
blinkit,530028,Visakhapatnam,2026-06-29,2026-06-29-1203,not_serviceable,0,
blinkit,530029,Visakhapatnam,2026-07-03,2026-07-03-0241,serviceable_no_jivo,0,
blinkit,530031,Visakhapatnam,2026-06-29,2026-06-29-1203,not_serviceable,0,
blinkit,530032,Visakhapatnam,2026-06-29,2026-06-29-1203,not_serviceable,0,
blinkit,530040,Visakhapatnam,2026-06-29,2026-06-29-1203,not_serviceable,0,
blinkit,530041,Visakhapatnam,2026-07-03,2026-07-03-0241,serviceable_no_jivo,0,
blinkit,530043,Visakhapatnam,2026-07-03,2026-07-03-0241,serviceable_no_jivo,0,
blinkit,530044,Visakhapatnam,2026-06-29,2026-06-29-1203,not_serviceable,0,
blinkit,530045,Visakhapatnam,2026-07-03,2026-07-03-0241,serviceable_no_jivo,0,
blinkit,530046,Visakhapatnam,2026-07-03,2026-07-03-0241,serviceable_no_jivo,0,
blinkit,530047,Visakhapatnam,2026-06-29,2026-06-29-1203,not_serviceable,0,
blinkit,530048,Visakhapatnam,2026-06-29,2026-06-29-1203,not_serviceable,0,
blinkit,530049,Visakhapatnam,2026-07-03,2026-07-03-0241,serviceable_no_jivo,0,
blinkit,530051,Visakhapatnam,2026-07-03,2026-07-03-0241,serviceable_no_jivo,0,
blinkit,530052,Visakhapatnam,2026-06-29,2026-06-29-1203,not_serviceable,0,
blinkit,530053,Visakhapatnam,2026-07-03,2026-07-03-0241,serviceable_no_jivo,0,
blinkit,531162,Visakhapatnam,2026-06-29,2026-06-29-1203,not_serviceable,0,
blinkit,531163,Visakhapatnam,2026-07-03,2026-07-03-0241,serviceable_no_jivo,0,
blinkit,531173,Visakhapatnam,2026-07-03,2026-07-03-0241,serviceable_no_jivo,0,
blinkit,531219,Visakhapatnam,2026-06-29,2026-06-29-1203,not_serviceable,0,
blinkit,560001,Bengaluru,2026-07-03,2026-07-03-0241,price_captured,5,236
blinkit,560002,Bengaluru,2026-06-29,2026-06-29-1203,not_serviceable,0,
blinkit,560003,Bengaluru,2026-06-29,2026-06-29-1203,not_serviceable,0,
blinkit,560004,Bengaluru,2026-07-03,2026-07-03-0241,price_captured,5,249
blinkit,560005,Bengaluru,2026-07-03,2026-07-03-0241,price_captured,5,233
blinkit,560006,Bengaluru,2026-07-03,2026-07-03-0241,not_serviceable,0,
blinkit,560007,Bengaluru,2026-06-29,2026-06-29-1203,not_serviceable,0,
blinkit,560008,Bengaluru,2026-06-29,2026-06-29-1203,not_serviceable,0,
blinkit,560009,Bengaluru,2026-07-03,2026-07-03-0241,price_captured,5,235
blinkit,560010,Bengaluru,2026-07-03,2026-07-03-0241,price_captured,5,236
blinkit,560011,Bengaluru,2026-07-03,2026-07-03-0241,serviceable_no_jivo,0,
blinkit,560012,Bengaluru,2026-07-03,2026-07-03-0241,price_captured,4,234
blinkit,560013,Bengaluru,2026-07-03,2026-07-03-0241,price_captured,5,237
blinkit,560015,Bengaluru,2026-07-03,2026-07-03-0241,price_captured,5,279
blinkit,560016,Bengaluru,2026-06-29,2026-06-29-1203,not_serviceable,0,
blinkit,560017,Bengaluru,2026-06-29,2026-06-29-1203,not_serviceable,0,
blinkit,560018,Bengaluru,2026-07-03,2026-07-03-0241,price_captured,5,249
blinkit,560020,Bengaluru,2026-07-03,2026-07-03-0241,price_captured,5,235
blinkit,560021,Bengaluru,2026-07-03,2026-07-03-0241,price_captured,5,234
blinkit,560022,Bengaluru,2026-07-03,2026-07-03-0241,price_captured,5,233
blinkit,560023,Bengaluru,2026-07-03,2026-07-03-0241,price_captured,5,236
blinkit,560024,Bengaluru,2026-06-29,2026-06-29-1203,not_serviceable,0,
blinkit,560025,Bengaluru,2026-06-29,2026-06-29-1203,not_serviceable,0,
blinkit,560026,Bengaluru,2026-07-03,2026-07-03-0241,price_captured,5,234
blinkit,560027,Bengaluru,2026-07-03,2026-07-03-0241,price_captured,5,234
blinkit,560029,Bengaluru,2026-07-03,2026-07-03-0241,price_captured,5,234
blinkit,560030,Bengaluru,2026-07-03,2026-07-03-0241,price_captured,1,1148
blinkit,560032,Bengaluru,2026-07-03,2026-07-03-0241,price_captured,5,233
blinkit,560033,Bengaluru,2026-06-29,2026-06-29-1203,not_serviceable,0,
blinkit,560034,Bengaluru,2026-07-03,2026-07-03-0241,price_captured,5,253
blinkit,560035,Bengaluru,2026-07-03,2026-07-03-0241,price_captured,5,233
blinkit,560036,Bengaluru,2026-07-03,2026-07-03-0241,price_captured,5,233
blinkit,560037,Bengaluru,2026-07-03,2026-07-03-0241,price_captured,5,254
blinkit,560038,Bengaluru,2026-07-03,2026-07-03-0241,price_captured,4,234
blinkit,560040,Bengaluru,2026-07-03,2026-07-03-0241,price_captured,5,234
blinkit,560041,Bengaluru,2026-07-03,2026-07-03-0241,serviceable_no_jivo,0,
blinkit,560042,Bengaluru,2026-07-03,2026-07-03-0241,price_captured,5,249
blinkit,560043,Bengaluru,2026-07-03,2026-07-03-0241,price_captured,5,233
blinkit,560045,Bengaluru,2026-07-03,2026-07-03-0241,price_captured,5,249
blinkit,560046,Bengaluru,2026-06-29,2026-06-29-1203,not_serviceable,0,
blinkit,560047,Bengaluru,2026-07-03,2026-07-03-0241,price_captured,1,1148
blinkit,560048,Bengaluru,2026-07-03,2026-07-03-0241,price_captured,5,233
blinkit,560049,Bengaluru,2026-06-29,2026-06-29-1203,not_serviceable,0,
blinkit,560050,Bengaluru,2026-07-03,2026-07-03-0241,price_captured,4,233
blinkit,560051,Bengaluru,2026-06-29,2026-06-29-1203,not_serviceable,0,
blinkit,560053,Bengaluru,2026-07-03,2026-07-03-0241,price_captured,5,249
blinkit,560054,Bengaluru,2026-07-03,2026-07-03-0241,price_captured,5,233
blinkit,560055,Bengaluru,2026-07-03,2026-07-03-0241,price_captured,4,234
blinkit,560056,Bengaluru,2026-07-03,2026-07-03-0241,price_captured,4,236
blinkit,560057,Bengaluru,2026-07-03,2026-07-03-0241,price_captured,5,279
blinkit,560058,Bengaluru,2026-07-03,2026-07-03-0241,price_captured,5,233
blinkit,560059,Bengaluru,2026-07-03,2026-07-03-0241,price_captured,5,233
blinkit,560060,Bengaluru,2026-07-03,2026-07-03-0241,price_captured,4,233
blinkit,560061,Bengaluru,2026-07-03,2026-07-03-0241,price_captured,5,238
blinkit,560062,Bengaluru,2026-07-03,2026-07-03-0241,price_captured,5,234
blinkit,560063,Bengaluru,2026-06-29,2026-06-29-1203,not_serviceable,0,
blinkit,560064,Bengaluru,2026-07-03,2026-07-03-0241,price_captured,5,234
blinkit,560065,Bengaluru,2026-07-03,2026-07-03-0241,not_serviceable,0,
blinkit,560066,Bengaluru,2026-06-29,2026-06-29-1203,not_serviceable,0,
blinkit,560067,Bengaluru,2026-06-29,2026-06-29-1203,not_serviceable,0,
blinkit,560068,Bengaluru,2026-07-03,2026-07-03-0241,price_captured,5,236
blinkit,560070,Bengaluru,2026-07-03,2026-07-03-0241,price_captured,5,234
blinkit,560071,Bengaluru,2026-06-29,2026-06-29-1203,not_serviceable,0,
blinkit,560072,Bengaluru,2026-07-03,2026-07-03-0241,price_captured,5,236
blinkit,560073,Bengaluru,2026-06-29,2026-06-29-1203,not_serviceable,0,
blinkit,560074,Bengaluru,2026-07-03,2026-07-03-0241,price_captured,4,234
blinkit,560075,Bengaluru,2026-06-29,2026-06-29-1203,not_serviceable,0,
blinkit,560076,Bengaluru,2026-07-03,2026-07-03-0241,price_captured,5,233
blinkit,560077,Bengaluru,2026-07-03,2026-07-03-0241,price_captured,5,233
blinkit,560078,Bengaluru,2026-07-03,2026-07-03-0241,price_captured,5,234
blinkit,560079,Bengaluru,2026-07-03,2026-07-03-0241,price_captured,5,237
blinkit,560080,Bengaluru,2026-06-29,2026-06-29-1203,not_serviceable,0,
blinkit,560081,Bengaluru,2026-07-03,2026-07-03-0241,price_captured,4,234
blinkit,560082,Bengaluru,2026-07-03,2026-07-03-0241,price_captured,5,234
blinkit,560083,Bengaluru,2026-07-03,2026-07-03-0241,price_captured,5,254
blinkit,560084,Bengaluru,2026-07-03,2026-07-03-0241,serviceable_no_jivo,0,
blinkit,560085,Bengaluru,2026-07-03,2026-07-03-0241,price_captured,4,233
blinkit,560086,Bengaluru,2026-07-03,2026-07-03-0241,price_captured,5,235
blinkit,560087,Bengaluru,2026-06-29,2026-06-29-1203,not_serviceable,0,
blinkit,560088,Bengaluru,2026-06-29,2026-06-29-1203,not_serviceable,0,
blinkit,560089,Bengaluru,2026-06-29,2026-06-29-1203,not_serviceable,0,
blinkit,560090,Bengaluru,2026-07-03,2026-07-03-0241,price_captured,5,234
blinkit,560091,Bengaluru,2026-07-03,2026-07-03-0241,price_captured,4,274
blinkit,560092,Bengaluru,2026-07-03,2026-07-03-0241,price_captured,5,235
blinkit,560093,Bengaluru,2026-07-03,2026-07-03-0241,price_captured,5,240
blinkit,560094,Bengaluru,2026-06-29,2026-06-29-1203,not_serviceable,0,
blinkit,560095,Bengaluru,2026-07-03,2026-07-03-0241,price_captured,5,234
blinkit,560096,Bengaluru,2026-07-03,2026-07-03-0241,price_captured,5,235
blinkit,560097,Bengaluru,2026-07-03,2026-07-03-0241,price_captured,5,237
blinkit,560098,Bengaluru,2026-07-03,2026-07-03-0241,price_captured,5,233
blinkit,560099,Bengaluru,2026-07-03,2026-07-03-0241,price_captured,5,234
blinkit,560100,Bengaluru,2026-07-03,2026-07-03-0241,price_captured,4,233
blinkit,560102,Bengaluru,2026-07-03,2026-07-03-0241,price_captured,4,233
blinkit,560103,Bengaluru,2026-07-03,2026-07-03-0241,price_captured,5,233
blinkit,560104,Bengaluru,2026-07-03,2026-07-03-0241,price_captured,5,234
blinkit,560105,Bengaluru,2026-07-03,2026-07-03-0241,price_captured,4,234
blinkit,560107,Bengaluru,2026-07-03,2026-07-03-0241,serviceable_no_jivo,0,
blinkit,560108,Bengaluru,2026-07-03,2026-07-03-0241,price_captured,5,234
blinkit,560109,Bengaluru,2026-07-03,2026-07-03-0241,price_captured,5,233
blinkit,560110,Bengaluru,2026-07-03,2026-07-03-0241,price_captured,4,233
blinkit,560111,Bengaluru,2026-07-03,2026-07-03-0241,price_captured,5,235
blinkit,560112,Bengaluru,2026-07-03,2026-07-03-0241,price_captured,5,234
blinkit,560113,Bengaluru,2026-07-03,2026-07-03-0241,price_captured,4,233
blinkit,560114,Bengaluru,2026-07-03,2026-07-03-0241,price_captured,5,234
blinkit,560115,Bengaluru,2026-07-03,2026-07-03-0241,price_captured,5,233
blinkit,560116,Bengaluru,2026-06-29,2026-06-29-1203,not_serviceable,0,
blinkit,560300,Bengaluru,2026-06-29,2026-06-29-1203,not_serviceable,0,
blinkit,560500,Bengaluru,2026-07-03,2026-07-03-0241,price_captured,5,234
blinkit,562106,Bengaluru,2026-06-29,2026-06-29-1203,not_serviceable,0,
blinkit,562107,Bengaluru,2026-07-03,2026-07-03-0241,price_captured,5,234
blinkit,562120,Bengaluru,2026-06-29,2026-06-29-1203,not_serviceable,0,
blinkit,562125,Bengaluru,2026-07-03,2026-07-03-0241,price_captured,5,234
blinkit,562130,Bengaluru,2026-06-29,2026-06-29-1203,not_serviceable,0,
blinkit,562149,Bengaluru,2026-07-03,2026-07-03-0241,price_captured,5,233
blinkit,562157,Bengaluru,2026-07-03,2026-07-03-0241,price_captured,5,234
blinkit,562162,Bengaluru,2026-06-29,2026-06-29-1203,not_serviceable,0,
blinkit,562163,Bengaluru,2026-07-03,2026-07-03-0241,price_captured,5,234
blinkit,570001,Mysuru,2026-07-03,2026-07-03-0241,price_captured,5,228
blinkit,570002,Mysuru,2026-07-03,2026-07-03-0241,price_captured,5,234
blinkit,570003,Mysuru,2026-07-03,2026-07-03-0241,price_captured,4,234
blinkit,570004,Mysuru,2026-07-03,2026-07-03-0241,price_captured,5,233
blinkit,570005,Mysuru,2026-07-03,2026-07-03-0241,price_captured,5,233
blinkit,570006,Mysuru,2026-07-03,2026-07-03-0241,price_captured,5,234
blinkit,570007,Mysuru,2026-07-03,2026-07-03-0241,price_captured,4,228
blinkit,570008,Mysuru,2026-06-29,2026-06-29-1203,not_serviceable,0,
blinkit,570009,Mysuru,2026-07-03,2026-07-03-0241,not_serviceable,0,
blinkit,570010,Mysuru,2026-07-03,2026-07-03-0241,price_captured,4,228
blinkit,570011,Mysuru,2026-07-03,2026-07-03-0241,price_captured,4,228
blinkit,570012,Mysuru,2026-07-03,2026-07-03-0241,price_captured,5,234
blinkit,570014,Mysuru,2026-07-03,2026-07-03-0241,price_captured,4,228
blinkit,570015,Mysuru,2026-07-03,2026-07-03-0241,price_captured,5,228
blinkit,570016,Mysuru,2026-07-03,2026-07-03-0241,price_captured,4,195
blinkit,570017,Mysuru,2026-07-03,2026-07-03-0241,price_captured,4,195
blinkit,570018,Mysuru,2026-07-03,2026-07-03-0241,price_captured,3,195
blinkit,570019,Mysuru,2026-07-03,2026-07-03-0241,price_captured,4,228
blinkit,570020,Mysuru,2026-07-03,2026-07-03-0241,price_captured,5,234
blinkit,570022,Mysuru,2026-07-03,2026-07-03-0241,price_captured,4,228
blinkit,570023,Mysuru,2026-07-03,2026-07-03-0241,price_captured,5,233
blinkit,570025,Mysuru,2026-07-03,2026-07-03-0241,price_captured,5,234
blinkit,570026,Mysuru,2026-07-03,2026-07-03-0241,price_captured,5,233
blinkit,570027,Mysuru,2026-07-03,2026-07-03-0241,price_captured,3,195
blinkit,570028,Mysuru,2026-07-03,2026-07-03-0241,price_captured,4,228
blinkit,570029,Mysuru,2026-07-03,2026-07-03-0241,price_captured,4,228
blinkit,570030,Mysuru,2026-07-03,2026-07-03-0241,price_captured,4,195
blinkit,570031,Mysuru,2026-07-03,2026-07-03-0241,not_serviceable,0,
blinkit,570032,Mysuru,2026-07-03,2026-07-03-0241,price_captured,3,195
blinkit,570033,Mysuru,2026-06-29,2026-06-29-1203,not_serviceable,0,
blinkit,570034,Mysuru,2026-07-03,2026-07-03-0241,price_captured,5,234
blinkit,571101,Mysuru,2026-06-29,2026-06-29-1203,not_serviceable,0,
blinkit,571102,Mysuru,2026-06-29,2026-06-29-1203,not_serviceable,0,
blinkit,571103,Mysuru,2026-06-29,2026-06-29-1203,not_serviceable,0,
blinkit,571104,Mysuru,2026-06-29,2026-06-29-1203,not_serviceable,0,
blinkit,571105,Mysuru,2026-06-29,2026-06-29-1203,not_serviceable,0,
blinkit,571106,Mysuru,2026-07-03,2026-07-03-0241,price_captured,5,233
blinkit,571107,Mysuru,2026-06-29,2026-06-29-1203,not_serviceable,0,
blinkit,571108,Mysuru,2026-06-29,2026-06-29-1203,not_serviceable,0,
blinkit,571110,Mysuru,2026-06-29,2026-06-29-1203,not_serviceable,0,
blinkit,571114,Mysuru,2026-07-03,2026-07-03-0241,price_captured,5,233
blinkit,571116,Mysuru,2026-06-29,2026-06-29-1203,not_serviceable,0,
blinkit,571118,Mysuru,2026-06-29,2026-06-29-1203,not_serviceable,0,
blinkit,571119,Mysuru,2026-06-29,2026-06-29-1203,not_serviceable,0,
blinkit,571120,Mysuru,2026-06-29,2026-06-29-1203,not_serviceable,0,
blinkit,571121,Mysuru,2026-06-29,2026-06-29-1203,not_serviceable,0,
blinkit,571122,Mysuru,2026-06-29,2026-06-29-1203,not_serviceable,0,
blinkit,571124,Mysuru,2026-06-29,2026-06-29-1203,not_serviceable,0,
blinkit,571125,Mysuru,2026-06-29,2026-06-29-1203,not_serviceable,0,
blinkit,571129,Mysuru,2026-06-29,2026-06-29-1203,not_serviceable,0,
blinkit,571130,Mysuru,2026-06-29,2026-06-29-1203,not_serviceable,0,
blinkit,571134,Mysuru,2026-06-29,2026-06-29-1203,not_serviceable,0,
blinkit,571187,Mysuru,2026-06-29,2026-06-29-1203,not_serviceable,0,
blinkit,571189,Mysuru,2026-06-29,2026-06-29-1203,not_serviceable,0,
blinkit,571301,Mysuru,2026-06-29,2026-06-29-1203,not_serviceable,0,
blinkit,571302,Mysuru,2026-06-29,2026-06-29-1203,not_serviceable,0,
blinkit,571311,Mysuru,2026-07-03,2026-07-03-0241,not_serviceable,0,
blinkit,571312,Mysuru,2026-06-29,2026-06-29-1203,not_serviceable,0,
blinkit,571314,Mysuru,2026-06-29,2026-06-29-1203,not_serviceable,0,
blinkit,571315,Mysuru,2026-07-03,2026-07-03-0241,price_captured,4,228
blinkit,571316,Mysuru,2026-06-29,2026-06-29-1203,not_serviceable,0,
blinkit,571442,Mysuru,2026-06-29,2026-06-29-1203,not_serviceable,0,
blinkit,571601,Mysuru,2026-06-29,2026-06-29-1203,not_serviceable,0,
blinkit,571602,Mysuru,2026-06-29,2026-06-29-1203,not_serviceable,0,
blinkit,571603,Mysuru,2026-06-29,2026-06-29-1203,not_serviceable,0,
blinkit,571604,Mysuru,2026-07-03,2026-07-03-0241,price_captured,4,228
blinkit,571610,Mysuru,2026-06-29,2026-06-29-1203,not_serviceable,0,
blinkit,571617,Mysuru,2026-06-29,2026-06-29-1203,not_serviceable,0,
blinkit,600001,Chennai,2026-07-03,2026-07-03-0241,price_captured,1,1320
blinkit,600002,Chennai,2026-07-03,2026-07-03-0241,serviceable_no_jivo,0,
blinkit,600003,Chennai,2026-06-29,2026-06-29-1203,not_serviceable,0,
blinkit,600004,Chennai,2026-06-29,2026-06-29-1203,not_serviceable,0,
blinkit,600005,Chennai,2026-07-03,2026-07-03-0241,serviceable_no_jivo,0,
blinkit,600006,Chennai,2026-06-29,2026-06-29-1203,not_serviceable,0,
blinkit,600007,Chennai,2026-06-29,2026-06-29-1203,not_serviceable,0,
blinkit,600008,Chennai,2026-07-03,2026-07-03-0241,serviceable_no_jivo,0,
blinkit,600009,Chennai,2026-06-29,2026-06-29-1203,not_serviceable,0,
blinkit,600010,Chennai,2026-07-03,2026-07-03-0241,serviceable_no_jivo,0,
blinkit,600011,Chennai,2026-07-03,2026-07-03-0241,serviceable_no_jivo,0,
blinkit,600012,Chennai,2026-06-29,2026-06-29-1203,not_serviceable,0,
blinkit,600013,Chennai,2026-07-03,2026-07-03-0241,serviceable_no_jivo,0,
blinkit,600014,Chennai,2026-06-29,2026-06-29-1203,not_serviceable,0,
blinkit,600015,Chennai,2026-07-03,2026-07-03-0241,serviceable_no_jivo,0,
blinkit,600016,Chennai,2026-07-03,2026-07-03-0241,serviceable_no_jivo,0,
blinkit,600017,Chennai,2026-07-03,2026-07-03-0241,serviceable_no_jivo,0,
blinkit,600018,Chennai,2026-07-03,2026-07-03-0241,price_captured,1,1304
blinkit,600019,Chennai,2026-07-03,2026-07-03-0241,serviceable_no_jivo,0,
blinkit,600020,Chennai,2026-06-29,2026-06-29-1203,not_serviceable,0,
blinkit,600021,Chennai,2026-07-03,2026-07-03-0241,serviceable_no_jivo,0,
blinkit,600022,Chennai,2026-07-03,2026-07-03-0241,serviceable_no_jivo,0,
blinkit,600023,Chennai,2026-07-03,2026-07-03-0241,serviceable_no_jivo,0,
blinkit,600024,Chennai,2026-07-03,2026-07-03-0241,serviceable_no_jivo,0,
blinkit,600025,Chennai,2026-07-03,2026-07-03-0241,serviceable_no_jivo,0,
blinkit,600026,Chennai,2026-06-29,2026-06-29-1203,not_serviceable,0,
blinkit,600028,Chennai,2026-06-29,2026-06-29-1203,not_serviceable,0,
blinkit,600030,Chennai,2026-06-29,2026-06-29-1203,not_serviceable,0,
blinkit,600031,Chennai,2026-07-03,2026-07-03-0241,serviceable_no_jivo,0,
blinkit,600032,Chennai,2026-07-03,2026-07-03-0241,serviceable_no_jivo,0,
blinkit,600033,Chennai,2026-07-03,2026-07-03-0241,serviceable_no_jivo,0,
blinkit,600034,Chennai,2026-06-29,2026-06-29-1203,not_serviceable,0,
blinkit,600035,Chennai,2026-07-03,2026-07-03-0241,serviceable_no_jivo,0,
blinkit,600036,Chennai,2026-07-03,2026-07-03-0241,serviceable_no_jivo,0,
blinkit,600037,Chennai,2026-07-03,2026-07-03-0241,price_captured,1,1303
blinkit,600038,Chennai,2026-07-03,2026-07-03-0241,not_serviceable,0,
blinkit,600039,Chennai,2026-06-29,2026-06-29-1203,not_serviceable,0,
blinkit,600040,Chennai,2026-07-03,2026-07-03-0241,serviceable_no_jivo,0,
blinkit,600041,Chennai,2026-07-03,2026-07-03-0241,serviceable_no_jivo,0,
blinkit,600042,Chennai,2026-07-03,2026-07-03-0241,serviceable_no_jivo,0,
blinkit,600049,Chennai,2026-07-03,2026-07-03-0241,serviceable_no_jivo,0,
blinkit,600050,Chennai,2026-07-03,2026-07-03-0241,serviceable_no_jivo,0,
blinkit,600051,Chennai,2026-06-29,2026-06-29-1203,not_serviceable,0,
blinkit,600053,Chennai,2026-07-03,2026-07-03-0241,price_captured,1,1304
blinkit,600057,Chennai,2026-06-29,2026-06-29-1203,not_serviceable,0,
blinkit,600058,Chennai,2026-07-03,2026-07-03-0241,serviceable_no_jivo,0,
blinkit,600060,Chennai,2026-07-03,2026-07-03-0241,not_serviceable,0,
blinkit,600061,Chennai,2026-06-29,2026-06-29-1203,not_serviceable,0,
blinkit,600066,Chennai,2026-07-03,2026-07-03-0241,price_captured,1,1188
blinkit,600068,Chennai,2026-07-03,2026-07-03-0241,serviceable_no_jivo,0,
blinkit,600076,Chennai,2026-07-03,2026-07-03-0241,price_captured,1,1304
blinkit,600077,Chennai,2026-07-03,2026-07-03-0241,serviceable_no_jivo,0,
blinkit,600078,Chennai,2026-07-03,2026-07-03-0241,serviceable_no_jivo,0,
blinkit,600081,Chennai,2026-07-03,2026-07-03-0241,serviceable_no_jivo,0,
blinkit,600082,Chennai,2026-06-29,2026-06-29-1203,not_serviceable,0,
blinkit,600083,Chennai,2026-07-03,2026-07-03-0241,serviceable_no_jivo,0,
blinkit,600084,Chennai,2026-07-03,2026-07-03-0241,serviceable_no_jivo,0,
blinkit,600085,Chennai,2026-07-03,2026-07-03-0241,serviceable_no_jivo,0,
blinkit,600086,Chennai,2026-07-03,2026-07-03-0241,serviceable_no_jivo,0,
blinkit,600087,Chennai,2026-07-03,2026-07-03-0241,serviceable_no_jivo,0,
blinkit,600088,Chennai,2026-06-29,2026-06-29-1203,not_serviceable,0,
blinkit,600089,Chennai,2026-07-03,2026-07-03-0241,serviceable_no_jivo,0,
blinkit,600090,Chennai,2026-07-03,2026-07-03-0241,serviceable_no_jivo,0,
blinkit,600091,Chennai,2026-06-29,2026-06-29-1203,not_serviceable,0,
blinkit,600092,Chennai,2026-07-03,2026-07-03-0241,serviceable_no_jivo,0,
blinkit,600093,Chennai,2026-07-03,2026-07-03-0241,serviceable_no_jivo,0,
blinkit,600094,Chennai,2026-06-29,2026-06-29-1203,not_serviceable,0,
blinkit,600095,Chennai,2026-07-03,2026-07-03-0241,serviceable_no_jivo,0,
blinkit,600096,Chennai,2026-07-03,2026-07-03-0241,serviceable_no_jivo,0,
blinkit,600097,Chennai,2026-07-03,2026-07-03-0241,serviceable_no_jivo,0,
blinkit,600099,Chennai,2026-06-29,2026-06-29-1203,not_serviceable,0,
blinkit,600101,Chennai,2026-06-29,2026-06-29-1203,not_serviceable,0,
blinkit,600102,Chennai,2026-06-29,2026-06-29-1203,not_serviceable,0,
blinkit,600103,Chennai,2026-06-29,2026-06-29-1203,not_serviceable,0,
blinkit,600104,Chennai,2026-07-03,2026-07-03-0241,serviceable_no_jivo,0,
blinkit,600106,Chennai,2026-06-29,2026-06-29-1203,not_serviceable,0,
blinkit,600107,Chennai,2026-07-03,2026-07-03-0241,serviceable_no_jivo,0,
blinkit,600113,Chennai,2026-07-03,2026-07-03-0241,serviceable_no_jivo,0,
blinkit,600115,Chennai,2026-07-03,2026-07-03-0241,serviceable_no_jivo,0,
blinkit,600116,Chennai,2026-07-03,2026-07-03-0241,serviceable_no_jivo,0,
blinkit,600118,Chennai,2026-07-03,2026-07-03-0241,serviceable_no_jivo,0,
blinkit,600119,Chennai,2026-07-03,2026-07-03-0241,serviceable_no_jivo,0,
blinkit,600125,Chennai,2026-07-03,2026-07-03-0241,serviceable_no_jivo,0,
blinkit,638459,Coimbatore,2026-06-29,2026-06-29-1203,not_serviceable,0,
blinkit,641001,Coimbatore,2026-07-03,2026-07-03-0241,serviceable_no_jivo,0,
blinkit,641002,Coimbatore,2026-07-03,2026-07-03-0241,serviceable_no_jivo,0,
blinkit,641003,Coimbatore,2026-07-03,2026-07-03-0241,serviceable_no_jivo,0,
blinkit,641004,Coimbatore,2026-06-29,2026-06-29-1203,not_serviceable,0,
blinkit,641005,Coimbatore,2026-07-03,2026-07-03-0241,serviceable_no_jivo,0,
blinkit,641006,Coimbatore,2026-07-03,2026-07-03-0241,serviceable_no_jivo,0,
blinkit,641007,Coimbatore,2026-07-03,2026-07-03-0241,serviceable_no_jivo,0,
blinkit,641008,Coimbatore,2026-07-03,2026-07-03-0241,serviceable_no_jivo,0,
blinkit,641009,Coimbatore,2026-07-03,2026-07-03-0241,serviceable_no_jivo,0,
blinkit,641010,Coimbatore,2026-06-29,2026-06-29-1203,not_serviceable,0,
blinkit,641011,Coimbatore,2026-07-03,2026-07-03-0241,serviceable_no_jivo,0,
blinkit,641012,Coimbatore,2026-07-03,2026-07-03-0241,serviceable_no_jivo,0,
blinkit,641013,Coimbatore,2026-07-03,2026-07-03-0241,serviceable_no_jivo,0,
blinkit,641014,Coimbatore,2026-07-03,2026-07-03-0241,serviceable_no_jivo,0,
blinkit,641015,Coimbatore,2026-07-03,2026-07-03-0241,serviceable_no_jivo,0,
blinkit,641016,Coimbatore,2026-07-03,2026-07-03-0241,serviceable_no_jivo,0,
blinkit,641017,Coimbatore,2026-06-29,2026-06-29-1203,not_serviceable,0,
blinkit,641018,Coimbatore,2026-07-03,2026-07-03-0241,serviceable_no_jivo,0,
blinkit,641019,Coimbatore,2026-06-29,2026-06-29-1203,not_serviceable,0,
blinkit,641020,Coimbatore,2026-06-29,2026-06-29-1203,not_serviceable,0,
blinkit,641021,Coimbatore,2026-07-03,2026-07-03-0241,serviceable_no_jivo,0,
blinkit,641022,Coimbatore,2026-07-03,2026-07-03-0241,serviceable_no_jivo,0,
blinkit,641023,Coimbatore,2026-07-03,2026-07-03-0241,serviceable_no_jivo,0,
blinkit,641024,Coimbatore,2026-07-03,2026-07-03-0241,serviceable_no_jivo,0,
blinkit,641025,Coimbatore,2026-07-03,2026-07-03-0241,serviceable_no_jivo,0,
blinkit,641026,Coimbatore,2026-07-03,2026-07-03-0241,serviceable_no_jivo,0,
blinkit,641027,Coimbatore,2026-07-03,2026-07-03-0241,serviceable_no_jivo,0,
blinkit,641028,Coimbatore,2026-07-03,2026-07-03-0241,serviceable_no_jivo,0,
blinkit,641029,Coimbatore,2026-07-03,2026-07-03-0241,serviceable_no_jivo,0,
blinkit,641030,Coimbatore,2026-07-03,2026-07-03-0241,serviceable_no_jivo,0,
blinkit,641031,Coimbatore,2026-07-03,2026-07-03-0241,serviceable_no_jivo,0,
blinkit,641032,Coimbatore,2026-06-29,2026-06-29-1203,not_serviceable,0,
blinkit,641033,Coimbatore,2026-07-03,2026-07-03-0241,serviceable_no_jivo,0,
blinkit,641034,Coimbatore,2026-07-03,2026-07-03-0241,serviceable_no_jivo,0,
blinkit,641035,Coimbatore,2026-07-03,2026-07-03-0241,serviceable_no_jivo,0,
blinkit,641036,Coimbatore,2026-06-29,2026-06-29-1203,not_serviceable,0,
blinkit,641037,Coimbatore,2026-07-03,2026-07-03-0241,serviceable_no_jivo,0,
blinkit,641038,Coimbatore,2026-07-03,2026-07-03-0241,serviceable_no_jivo,0,
blinkit,641039,Coimbatore,2026-06-29,2026-06-29-1203,not_serviceable,0,
blinkit,641040,Coimbatore,2026-07-03,2026-07-03-0241,serviceable_no_jivo,0,
blinkit,641041,Coimbatore,2026-07-03,2026-07-03-0241,serviceable_no_jivo,0,
blinkit,641042,Coimbatore,2026-06-29,2026-06-29-1203,not_serviceable,0,
blinkit,641043,Coimbatore,2026-06-29,2026-06-29-1203,not_serviceable,0,
blinkit,641044,Coimbatore,2026-07-03,2026-07-03-0241,serviceable_no_jivo,0,
blinkit,641045,Coimbatore,2026-07-03,2026-07-03-0241,serviceable_no_jivo,0,
blinkit,641046,Coimbatore,2026-06-29,2026-06-29-1203,not_serviceable,0,
blinkit,641047,Coimbatore,2026-06-29,2026-06-29-1203,not_serviceable,0,
blinkit,641048,Coimbatore,2026-06-29,2026-06-29-1203,not_serviceable,0,
blinkit,641049,Coimbatore,2026-07-03,2026-07-03-0241,serviceable_no_jivo,0,
blinkit,641050,Coimbatore,2026-06-29,2026-06-29-1203,not_serviceable,0,
blinkit,641062,Coimbatore,2026-06-29,2026-06-29-1203,not_serviceable,0,
blinkit,641101,Coimbatore,2026-06-29,2026-06-29-1203,not_serviceable,0,
blinkit,641103,Coimbatore,2026-07-03,2026-07-03-0241,serviceable_no_jivo,0,
blinkit,641104,Coimbatore,2026-06-29,2026-06-29-1203,not_serviceable,0,
blinkit,641105,Coimbatore,2026-06-29,2026-06-29-1203,not_serviceable,0,
blinkit,641107,Coimbatore,2026-06-29,2026-06-29-1203,not_serviceable,0,
blinkit,641108,Coimbatore,2026-06-29,2026-06-29-1203,not_serviceable,0,
blinkit,641109,Coimbatore,2026-06-29,2026-06-29-1203,not_serviceable,0,
blinkit,641110,Coimbatore,2026-06-29,2026-06-29-1203,not_serviceable,0,
blinkit,641111,Coimbatore,2026-07-03,2026-07-03-0241,serviceable_no_jivo,0,
blinkit,641112,Coimbatore,2026-06-29,2026-06-29-1203,not_serviceable,0,
blinkit,641113,Coimbatore,2026-06-29,2026-06-29-1203,not_serviceable,0,
blinkit,641114,Coimbatore,2026-06-29,2026-06-29-1203,not_serviceable,0,
blinkit,641201,Coimbatore,2026-06-29,2026-06-29-1203,not_serviceable,0,
blinkit,641202,Coimbatore,2026-06-29,2026-06-29-1203,not_serviceable,0,
blinkit,641301,Coimbatore,2026-06-29,2026-06-29-1203,not_serviceable,0,
blinkit,641302,Coimbatore,2026-06-29,2026-06-29-1203,not_serviceable,0,
blinkit,641305,Coimbatore,2026-06-29,2026-06-29-1203,not_serviceable,0,
blinkit,641401,Coimbatore,2026-06-29,2026-06-29-1203,not_serviceable,0,
blinkit,641402,Coimbatore,2026-06-29,2026-06-29-1203,not_serviceable,0,
blinkit,641407,Coimbatore,2026-06-29,2026-06-29-1203,not_serviceable,0,
blinkit,641653,Coimbatore,2026-06-29,2026-06-29-1203,not_serviceable,0,
blinkit,641658,Coimbatore,2026-06-29,2026-06-29-1203,not_serviceable,0,
blinkit,641659,Coimbatore,2026-06-29,2026-06-29-1203,not_serviceable,0,
blinkit,641668,Coimbatore,2026-06-29,2026-06-29-1203,not_serviceable,0,
blinkit,641669,Coimbatore,2026-06-29,2026-06-29-1203,not_serviceable,0,
blinkit,641671,Coimbatore,2026-06-29,2026-06-29-1203,not_serviceable,0,
blinkit,641697,Coimbatore,2026-06-29,2026-06-29-1203,not_serviceable,0,
blinkit,642001,Coimbatore,2026-06-29,2026-06-29-1203,not_serviceable,0,
blinkit,642002,Coimbatore,2026-06-29,2026-06-29-1203,not_serviceable,0,
blinkit,642003,Coimbatore,2026-06-29,2026-06-29-1203,not_serviceable,0,
blinkit,642004,Coimbatore,2026-06-29,2026-06-29-1203,not_serviceable,0,
blinkit,642005,Coimbatore,2026-06-29,2026-06-29-1203,not_serviceable,0,
blinkit,642006,Coimbatore,2026-07-03,2026-07-03-0241,serviceable_no_jivo,0,
blinkit,642007,Coimbatore,2026-06-29,2026-06-29-1203,not_serviceable,0,
blinkit,642101,Coimbatore,2026-06-29,2026-06-29-1203,not_serviceable,0,
blinkit,642103,Coimbatore,2026-06-29,2026-06-29-1203,not_serviceable,0,
blinkit,642104,Coimbatore,2026-06-29,2026-06-29-1203,not_serviceable,0,
blinkit,642105,Coimbatore,2026-06-29,2026-06-29-1203,not_serviceable,0,
blinkit,642106,Coimbatore,2026-06-29,2026-06-29-1203,not_serviceable,0,
blinkit,642107,Coimbatore,2026-06-29,2026-06-29-1203,not_serviceable,0,
blinkit,642108,Coimbatore,2026-06-29,2026-06-29-1203,not_serviceable,0,
blinkit,642109,Coimbatore,2026-06-29,2026-06-29-1203,not_serviceable,0,
blinkit,642110,Coimbatore,2026-06-29,2026-06-29-1203,not_serviceable,0,
blinkit,642114,Coimbatore,2026-06-29,2026-06-29-1203,not_serviceable,0,
blinkit,642117,Coimbatore,2026-06-29,2026-06-29-1203,not_serviceable,0,
blinkit,642120,Coimbatore,2026-06-29,2026-06-29-1203,not_serviceable,0,
blinkit,642123,Coimbatore,2026-06-29,2026-06-29-1203,not_serviceable,0,
blinkit,642125,Coimbatore,2026-06-29,2026-06-29-1203,not_serviceable,0,
blinkit,642127,Coimbatore,2026-06-29,2026-06-29-1203,not_serviceable,0,
blinkit,642129,Coimbatore,2026-06-29,2026-06-29-1203,not_serviceable,0,
blinkit,642130,Coimbatore,2026-06-29,2026-06-29-1203,not_serviceable,0,
blinkit,642133,Coimbatore,2026-06-29,2026-06-29-1203,not_serviceable,0,
blinkit,642134,Coimbatore,2026-06-29,2026-06-29-1203,not_serviceable,0,
blinkit,642202,Coimbatore,2026-06-29,2026-06-29-1203,not_serviceable,0,
blinkit,642205,Coimbatore,2026-06-29,2026-06-29-1203,not_serviceable,0,
blinkit,680667,Kochi,2026-06-29,2026-06-29-1203,not_serviceable,0,
blinkit,682001,Kochi,2026-07-03,2026-07-03-0241,serviceable_no_jivo,0,
blinkit,682002,Kochi,2026-07-03,2026-07-03-0241,serviceable_no_jivo,0,
blinkit,682003,Kochi,2026-06-29,2026-06-29-1203,not_serviceable,0,
blinkit,682004,Kochi,2026-06-29,2026-06-29-1203,not_serviceable,0,
blinkit,682005,Kochi,2026-07-03,2026-07-03-0241,serviceable_no_jivo,0,
blinkit,682006,Kochi,2026-07-03,2026-07-03-0241,serviceable_no_jivo,0,
blinkit,682007,Kochi,2026-07-03,2026-07-03-0241,serviceable_no_jivo,0,
blinkit,682008,Kochi,2026-06-29,2026-06-29-1203,not_serviceable,0,
blinkit,682009,Kochi,2026-06-29,2026-06-29-1203,not_serviceable,0,
blinkit,682010,Kochi,2026-06-29,2026-06-29-1203,not_serviceable,0,
blinkit,682011,Kochi,2026-07-03,2026-07-03-0241,serviceable_no_jivo,0,
blinkit,682012,Kochi,2026-07-03,2026-07-03-0241,serviceable_no_jivo,0,
blinkit,682013,Kochi,2026-07-03,2026-07-03-0241,serviceable_no_jivo,0,
blinkit,682015,Kochi,2026-07-03,2026-07-03-0241,serviceable_no_jivo,0,
blinkit,682016,Kochi,2026-07-03,2026-07-03-0241,serviceable_no_jivo,0,
blinkit,682017,Kochi,2026-07-03,2026-07-03-0241,serviceable_no_jivo,0,
blinkit,682018,Kochi,2026-07-03,2026-07-03-0241,serviceable_no_jivo,0,
blinkit,682019,Kochi,2026-07-03,2026-07-03-0241,serviceable_no_jivo,0,
blinkit,682020,Kochi,2026-07-03,2026-07-03-0241,serviceable_no_jivo,0,
blinkit,682021,Kochi,2026-07-03,2026-07-03-0241,serviceable_no_jivo,0,
blinkit,682022,Kochi,2026-06-29,2026-06-29-1203,not_serviceable,0,
blinkit,682023,Kochi,2026-07-03,2026-07-03-0241,serviceable_no_jivo,0,
blinkit,682024,Kochi,2026-07-03,2026-07-03-0241,serviceable_no_jivo,0,
blinkit,682025,Kochi,2026-07-03,2026-07-03-0241,serviceable_no_jivo,0,
blinkit,682026,Kochi,2026-06-29,2026-06-29-1203,not_serviceable,0,
blinkit,682027,Kochi,2026-06-29,2026-06-29-1203,not_serviceable,0,
blinkit,682028,Kochi,2026-07-03,2026-07-03-0241,serviceable_no_jivo,0,
blinkit,682029,Kochi,2026-06-29,2026-06-29-1203,not_serviceable,0,
blinkit,682030,Kochi,2026-06-29,2026-06-29-1203,not_serviceable,0,
blinkit,682031,Kochi,2026-07-03,2026-07-03-0241,serviceable_no_jivo,0,
blinkit,682032,Kochi,2026-07-03,2026-07-03-0241,serviceable_no_jivo,0,
blinkit,682033,Kochi,2026-07-03,2026-07-03-0241,serviceable_no_jivo,0,
blinkit,682034,Kochi,2026-07-03,2026-07-03-0241,serviceable_no_jivo,0,
blinkit,682035,Kochi,2026-06-29,2026-06-29-1203,not_serviceable,0,
blinkit,682036,Kochi,2026-07-03,2026-07-03-0241,serviceable_no_jivo,0,
blinkit,682037,Kochi,2026-07-03,2026-07-03-0241,serviceable_no_jivo,0,
blinkit,682038,Kochi,2026-07-03,2026-07-03-0241,serviceable_no_jivo,0,
blinkit,682039,Kochi,2026-07-03,2026-07-03-0241,serviceable_no_jivo,0,
blinkit,682040,Kochi,2026-07-03,2026-07-03-0241,serviceable_no_jivo,0,
blinkit,682041,Kochi,2026-07-03,2026-07-03-0241,serviceable_no_jivo,0,
blinkit,682042,Kochi,2026-07-03,2026-07-03-0241,serviceable_no_jivo,0,
blinkit,682050,Kochi,2026-07-03,2026-07-03-0241,serviceable_no_jivo,0,
blinkit,682051,Kochi,2026-07-03,2026-07-03-0241,serviceable_no_jivo,0,
blinkit,682052,Kochi,2026-07-03,2026-07-03-0241,serviceable_no_jivo,0,
blinkit,682301,Kochi,2026-06-29,2026-06-29-1203,not_serviceable,0,
blinkit,682302,Kochi,2026-06-29,2026-06-29-1203,not_serviceable,0,
blinkit,682303,Kochi,2026-06-29,2026-06-29-1203,not_serviceable,0,
blinkit,682304,Kochi,2026-07-03,2026-07-03-0241,serviceable_no_jivo,0,
blinkit,682305,Kochi,2026-06-29,2026-06-29-1203,not_serviceable,0,
blinkit,682306,Kochi,2026-07-03,2026-07-03-0241,serviceable_no_jivo,0,
blinkit,682307,Kochi,2026-06-29,2026-06-29-1203,not_serviceable,0,
blinkit,682308,Kochi,2026-06-29,2026-06-29-1203,not_serviceable,0,
blinkit,682309,Kochi,2026-07-03,2026-07-03-0241,serviceable_no_jivo,0,
blinkit,682310,Kochi,2026-06-29,2026-06-29-1203,not_serviceable,0,
blinkit,682311,Kochi,2026-06-29,2026-06-29-1203,not_serviceable,0,
blinkit,682312,Kochi,2026-06-29,2026-06-29-1203,not_serviceable,0,
blinkit,682313,Kochi,2026-06-29,2026-06-29-1203,not_serviceable,0,
blinkit,682314,Kochi,2026-06-29,2026-06-29-1203,not_serviceable,0,
blinkit,682315,Kochi,2026-06-29,2026-06-29-1203,not_serviceable,0,
blinkit,682316,Kochi,2026-06-29,2026-06-29-1203,not_serviceable,0,
blinkit,682317,Kochi,2026-06-29,2026-06-29-1203,not_serviceable,0,
blinkit,682501,Kochi,2026-06-29,2026-06-29-1203,not_serviceable,0,
blinkit,682502,Kochi,2026-06-29,2026-06-29-1203,not_serviceable,0,
blinkit,682503,Kochi,2026-06-29,2026-06-29-1203,not_serviceable,0,
blinkit,682504,Kochi,2026-06-29,2026-06-29-1203,not_serviceable,0,
blinkit,682505,Kochi,2026-06-29,2026-06-29-1203,not_serviceable,0,
blinkit,682506,Kochi,2026-07-03,2026-07-03-0241,serviceable_no_jivo,0,
blinkit,682507,Kochi,2026-07-03,2026-07-03-0241,serviceable_no_jivo,0,
blinkit,682508,Kochi,2026-06-29,2026-06-29-1203,not_serviceable,0,
blinkit,682509,Kochi,2026-06-29,2026-06-29-1203,not_serviceable,0,
blinkit,682511,Kochi,2026-07-03,2026-07-03-0241,serviceable_no_jivo,0,
blinkit,683101,Kochi,2026-06-29,2026-06-29-1203,not_serviceable,0,
blinkit,683102,Kochi,2026-06-29,2026-06-29-1203,not_serviceable,0,
blinkit,683104,Kochi,2026-06-29,2026-06-29-1203,not_serviceable,0,
blinkit,683105,Kochi,2026-06-29,2026-06-29-1203,not_serviceable,0,
blinkit,683106,Kochi,2026-06-29,2026-06-29-1203,not_serviceable,0,
blinkit,683108,Kochi,2026-07-03,2026-07-03-0241,serviceable_no_jivo,0,
blinkit,683110,Kochi,2026-06-29,2026-06-29-1203,not_serviceable,0,
blinkit,683111,Kochi,2026-07-03,2026-07-03-0241,serviceable_no_jivo,0,
blinkit,683112,Kochi,2026-07-03,2026-07-03-0241,serviceable_no_jivo,0,
blinkit,683501,Kochi,2026-07-03,2026-07-03-0241,serviceable_no_jivo,0,
blinkit,683502,Kochi,2026-06-29,2026-06-29-1203,not_serviceable,0,
blinkit,683503,Kochi,2026-07-03,2026-07-03-0241,serviceable_no_jivo,0,
blinkit,683511,Kochi,2026-06-29,2026-06-29-1203,not_serviceable,0,
blinkit,683512,Kochi,2026-06-29,2026-06-29-1203,not_serviceable,0,
blinkit,683513,Kochi,2026-06-29,2026-06-29-1203,not_serviceable,0,
blinkit,683514,Kochi,2026-06-29,2026-06-29-1203,not_serviceable,0,
blinkit,683515,Kochi,2026-06-29,2026-06-29-1203,not_serviceable,0,
blinkit,683516,Kochi,2026-06-29,2026-06-29-1203,not_serviceable,0,
blinkit,683517,Kochi,2026-06-29,2026-06-29-1203,not_serviceable,0,
blinkit,683518,Kochi,2026-06-29,2026-06-29-1203,not_serviceable,0,
blinkit,683519,Kochi,2026-06-29,2026-06-29-1203,not_serviceable,0,
blinkit,683520,Kochi,2026-06-29,2026-06-29-1203,not_serviceable,0,
blinkit,683521,Kochi,2026-06-29,2026-06-29-1203,not_serviceable,0,
blinkit,683522,Kochi,2026-06-29,2026-06-29-1203,not_serviceable,0,
blinkit,683541,Kochi,2026-06-29,2026-06-29-1203,not_serviceable,0,
blinkit,683542,Kochi,2026-06-29,2026-06-29-1203,not_serviceable,0,
blinkit,683543,Kochi,2026-06-29,2026-06-29-1203,not_serviceable,0,
blinkit,683544,Kochi,2026-06-29,2026-06-29-1203,not_serviceable,0,
blinkit,683545,Kochi,2026-06-29,2026-06-29-1203,not_serviceable,0,
blinkit,683546,Kochi,2026-06-29,2026-06-29-1203,not_serviceable,0,
blinkit,683547,Kochi,2026-06-29,2026-06-29-1203,not_serviceable,0,
blinkit,683548,Kochi,2026-06-29,2026-06-29-1203,not_serviceable,0,
blinkit,683549,Kochi,2026-06-29,2026-06-29-1203,not_serviceable,0,
blinkit,683550,Kochi,2026-06-29,2026-06-29-1203,not_serviceable,0,
blinkit,683556,Kochi,2026-06-29,2026-06-29-1203,not_serviceable,0,
blinkit,683561,Kochi,2026-07-03,2026-07-03-0241,serviceable_no_jivo,0,
blinkit,683562,Kochi,2026-06-29,2026-06-29-1203,not_serviceable,0,
blinkit,683563,Kochi,2026-07-03,2026-07-03-0241,serviceable_no_jivo,0,
blinkit,683565,Kochi,2026-06-29,2026-06-29-1203,not_serviceable,0,
blinkit,683571,Kochi,2026-06-29,2026-06-29-1203,not_serviceable,0,
blinkit,683572,Kochi,2026-06-29,2026-06-29-1203,not_serviceable,0,
blinkit,683573,Kochi,2026-06-29,2026-06-29-1203,not_serviceable,0,
blinkit,683574,Kochi,2026-06-29,2026-06-29-1203,not_serviceable,0,
blinkit,683575,Kochi,2026-06-29,2026-06-29-1203,not_serviceable,0,
blinkit,683576,Kochi,2026-06-29,2026-06-29-1203,not_serviceable,0,
blinkit,683577,Kochi,2026-06-29,2026-06-29-1203,not_serviceable,0,
blinkit,683578,Kochi,2026-06-29,2026-06-29-1203,not_serviceable,0,
blinkit,683579,Kochi,2026-06-29,2026-06-29-1203,not_serviceable,0,
blinkit,683580,Kochi,2026-06-29,2026-06-29-1203,not_serviceable,0,
blinkit,683581,Kochi,2026-06-29,2026-06-29-1203,not_serviceable,0,
blinkit,683585,Kochi,2026-06-29,2026-06-29-1203,not_serviceable,0,
blinkit,683587,Kochi,2026-06-29,2026-06-29-1203,not_serviceable,0,
blinkit,683589,Kochi,2026-06-29,2026-06-29-1203,not_serviceable,0,
blinkit,683594,Kochi,2026-06-29,2026-06-29-1203,not_serviceable,0,
blinkit,686661,Kochi,2026-06-29,2026-06-29-1203,not_serviceable,0,
blinkit,686662,Kochi,2026-06-29,2026-06-29-1203,not_serviceable,0,
blinkit,686663,Kochi,2026-06-29,2026-06-29-1203,not_serviceable,0,
blinkit,686664,Kochi,2026-06-29,2026-06-29-1203,not_serviceable,0,
blinkit,686665,Kochi,2026-06-29,2026-06-29-1203,not_serviceable,0,
blinkit,686666,Kochi,2026-06-29,2026-06-29-1203,not_serviceable,0,
blinkit,686667,Kochi,2026-06-29,2026-06-29-1203,not_serviceable,0,
blinkit,686668,Kochi,2026-06-29,2026-06-29-1203,not_serviceable,0,
blinkit,686669,Kochi,2026-06-29,2026-06-29-1203,not_serviceable,0,
blinkit,686670,Kochi,2026-06-29,2026-06-29-1203,not_serviceable,0,
blinkit,686671,Kochi,2026-06-29,2026-06-29-1203,not_serviceable,0,
blinkit,686672,Kochi,2026-06-29,2026-06-29-1203,not_serviceable,0,
blinkit,686673,Kochi,2026-06-29,2026-06-29-1203,not_serviceable,0,
blinkit,686681,Kochi,2026-06-29,2026-06-29-1203,not_serviceable,0,
blinkit,686691,Kochi,2026-06-29,2026-06-29-1203,not_serviceable,0,
blinkit,686692,Kochi,2026-06-29,2026-06-29-1203,not_serviceable,0,
blinkit,686693,Kochi,2026-06-29,2026-06-29-1203,not_serviceable,0,
blinkit,695001,Thiruvananthapuram,2026-06-29,2026-06-29-1203,not_serviceable,0,
blinkit,695002,Thiruvananthapuram,2026-06-29,2026-06-29-1203,not_serviceable,0,
blinkit,695003,Thiruvananthapuram,2026-06-29,2026-06-29-1203,not_serviceable,0,
blinkit,695004,Thiruvananthapuram,2026-06-29,2026-06-29-1203,not_serviceable,0,
blinkit,695005,Thiruvananthapuram,2026-06-29,2026-06-29-1203,not_serviceable,0,
blinkit,695006,Thiruvananthapuram,2026-06-29,2026-06-29-1203,not_serviceable,0,
blinkit,695007,Thiruvananthapuram,2026-06-29,2026-06-29-1203,not_serviceable,0,
blinkit,695008,Thiruvananthapuram,2026-06-29,2026-06-29-1203,not_serviceable,0,
blinkit,695009,Thiruvananthapuram,2026-06-29,2026-06-29-1203,not_serviceable,0,
blinkit,695010,Thiruvananthapuram,2026-07-03,2026-07-03-0241,serviceable_no_jivo,0,
blinkit,695011,Thiruvananthapuram,2026-06-29,2026-06-29-1203,not_serviceable,0,
blinkit,695012,Thiruvananthapuram,2026-06-29,2026-06-29-1203,not_serviceable,0,
blinkit,695013,Thiruvananthapuram,2026-06-29,2026-06-29-1203,not_serviceable,0,
blinkit,695014,Thiruvananthapuram,2026-06-29,2026-06-29-1203,not_serviceable,0,
blinkit,695015,Thiruvananthapuram,2026-06-29,2026-06-29-1203,not_serviceable,0,
blinkit,695016,Thiruvananthapuram,2026-06-29,2026-06-29-1203,not_serviceable,0,
blinkit,695017,Thiruvananthapuram,2026-07-03,2026-07-03-0241,serviceable_no_jivo,0,
blinkit,695018,Thiruvananthapuram,2026-06-29,2026-06-29-1203,not_serviceable,0,
blinkit,695019,Thiruvananthapuram,2026-06-29,2026-06-29-1203,not_serviceable,0,
blinkit,695020,Thiruvananthapuram,2026-06-29,2026-06-29-1203,not_serviceable,0,
blinkit,695021,Thiruvananthapuram,2026-06-29,2026-06-29-1203,not_serviceable,0,
blinkit,695022,Thiruvananthapuram,2026-06-29,2026-06-29-1203,not_serviceable,0,
blinkit,695023,Thiruvananthapuram,2026-06-29,2026-06-29-1203,not_serviceable,0,
blinkit,695024,Thiruvananthapuram,2026-06-29,2026-06-29-1203,not_serviceable,0,
blinkit,695025,Thiruvananthapuram,2026-06-29,2026-06-29-1203,not_serviceable,0,
blinkit,695026,Thiruvananthapuram,2026-06-29,2026-06-29-1203,not_serviceable,0,
blinkit,695027,Thiruvananthapuram,2026-06-29,2026-06-29-1203,not_serviceable,0,
blinkit,695028,Thiruvananthapuram,2026-06-29,2026-06-29-1203,not_serviceable,0,
blinkit,695029,Thiruvananthapuram,2026-07-03,2026-07-03-0241,serviceable_no_jivo,0,
blinkit,695030,Thiruvananthapuram,2026-06-29,2026-06-29-1203,not_serviceable,0,
blinkit,695032,Thiruvananthapuram,2026-06-29,2026-06-29-1203,not_serviceable,0,
blinkit,695033,Thiruvananthapuram,2026-07-03,2026-07-03-0241,serviceable_no_jivo,0,
blinkit,695034,Thiruvananthapuram,2026-06-29,2026-06-29-1203,not_serviceable,0,
blinkit,695035,Thiruvananthapuram,2026-07-03,2026-07-03-0241,serviceable_no_jivo,0,
blinkit,695036,Thiruvananthapuram,2026-06-29,2026-06-29-1203,not_serviceable,0,
blinkit,695038,Thiruvananthapuram,2026-06-29,2026-06-29-1203,not_serviceable,0,
blinkit,695040,Thiruvananthapuram,2026-06-29,2026-06-29-1203,not_serviceable,0,
blinkit,695042,Thiruvananthapuram,2026-06-29,2026-06-29-1203,not_serviceable,0,
blinkit,695043,Thiruvananthapuram,2026-06-29,2026-06-29-1203,not_serviceable,0,
blinkit,695051,Thiruvananthapuram,2026-07-03,2026-07-03-0241,serviceable_no_jivo,0,
blinkit,695099,Thiruvananthapuram,2026-06-29,2026-06-29-1203,not_serviceable,0,
blinkit,695101,Thiruvananthapuram,2026-06-29,2026-06-29-1203,not_serviceable,0,
blinkit,695102,Thiruvananthapuram,2026-06-29,2026-06-29-1203,not_serviceable,0,
blinkit,695103,Thiruvananthapuram,2026-06-29,2026-06-29-1203,not_serviceable,0,
blinkit,695104,Thiruvananthapuram,2026-06-29,2026-06-29-1203,not_serviceable,0,
blinkit,695121,Thiruvananthapuram,2026-06-29,2026-06-29-1203,not_serviceable,0,
blinkit,695122,Thiruvananthapuram,2026-06-29,2026-06-29-1203,not_serviceable,0,
blinkit,695123,Thiruvananthapuram,2026-06-29,2026-06-29-1203,not_serviceable,0,
blinkit,695124,Thiruvananthapuram,2026-06-29,2026-06-29-1203,not_serviceable,0,
blinkit,695125,Thiruvananthapuram,2026-06-29,2026-06-29-1203,not_serviceable,0,
blinkit,695126,Thiruvananthapuram,2026-06-29,2026-06-29-1203,not_serviceable,0,
blinkit,695132,Thiruvananthapuram,2026-06-29,2026-06-29-1203,not_serviceable,0,
blinkit,695133,Thiruvananthapuram,2026-06-29,2026-06-29-1203,not_serviceable,0,
blinkit,695134,Thiruvananthapuram,2026-06-29,2026-06-29-1203,not_serviceable,0,
blinkit,695141,Thiruvananthapuram,2026-06-29,2026-06-29-1203,not_serviceable,0,
blinkit,695142,Thiruvananthapuram,2026-06-29,2026-06-29-1203,not_serviceable,0,
blinkit,695143,Thiruvananthapuram,2026-06-29,2026-06-29-1203,not_serviceable,0,
blinkit,695144,Thiruvananthapuram,2026-06-29,2026-06-29-1203,not_serviceable,0,
blinkit,695145,Thiruvananthapuram,2026-06-29,2026-06-29-1203,not_serviceable,0,
blinkit,695146,Thiruvananthapuram,2026-06-29,2026-06-29-1203,not_serviceable,0,
blinkit,695301,Thiruvananthapuram,2026-06-29,2026-06-29-1203,not_serviceable,0,
blinkit,695302,Thiruvananthapuram,2026-06-29,2026-06-29-1203,not_serviceable,0,
blinkit,695303,Thiruvananthapuram,2026-06-29,2026-06-29-1203,not_serviceable,0,
blinkit,695304,Thiruvananthapuram,2026-06-29,2026-06-29-1203,not_serviceable,0,
blinkit,695305,Thiruvananthapuram,2026-06-29,2026-06-29-1203,not_serviceable,0,
blinkit,695306,Thiruvananthapuram,2026-06-29,2026-06-29-1203,not_serviceable,0,
blinkit,695307,Thiruvananthapuram,2026-06-29,2026-06-29-1203,not_serviceable,0,
blinkit,695308,Thiruvananthapuram,2026-06-29,2026-06-29-1203,not_serviceable,0,
blinkit,695309,Thiruvananthapuram,2026-06-29,2026-06-29-1203,not_serviceable,0,
blinkit,695310,Thiruvananthapuram,2026-06-29,2026-06-29-1203,not_serviceable,0,
blinkit,695311,Thiruvananthapuram,2026-06-29,2026-06-29-1203,not_serviceable,0,
blinkit,695312,Thiruvananthapuram,2026-06-29,2026-06-29-1203,not_serviceable,0,
blinkit,695313,Thiruvananthapuram,2026-06-29,2026-06-29-1203,not_serviceable,0,
blinkit,695316,Thiruvananthapuram,2026-06-29,2026-06-29-1203,not_serviceable,0,
blinkit,695317,Thiruvananthapuram,2026-06-29,2026-06-29-1203,not_serviceable,0,
blinkit,695318,Thiruvananthapuram,2026-06-29,2026-06-29-1203,not_serviceable,0,
blinkit,695501,Thiruvananthapuram,2026-06-29,2026-06-29-1203,not_serviceable,0,
blinkit,695502,Thiruvananthapuram,2026-06-29,2026-06-29-1203,not_serviceable,0,
blinkit,695503,Thiruvananthapuram,2026-06-29,2026-06-29-1203,not_serviceable,0,
blinkit,695504,Thiruvananthapuram,2026-06-29,2026-06-29-1203,not_serviceable,0,
blinkit,695505,Thiruvananthapuram,2026-06-29,2026-06-29-1203,not_serviceable,0,
blinkit,695506,Thiruvananthapuram,2026-06-29,2026-06-29-1203,not_serviceable,0,
blinkit,695507,Thiruvananthapuram,2026-06-29,2026-06-29-1203,not_serviceable,0,
blinkit,695508,Thiruvananthapuram,2026-06-29,2026-06-29-1203,not_serviceable,0,
blinkit,695512,Thiruvananthapuram,2026-06-29,2026-06-29-1203,not_serviceable,0,
blinkit,695513,Thiruvananthapuram,2026-06-29,2026-06-29-1203,not_serviceable,0,
blinkit,695521,Thiruvananthapuram,2026-06-29,2026-06-29-1203,not_serviceable,0,
blinkit,695522,Thiruvananthapuram,2026-06-29,2026-06-29-1203,not_serviceable,0,
blinkit,695523,Thiruvananthapuram,2026-06-29,2026-06-29-1203,not_serviceable,0,
blinkit,695524,Thiruvananthapuram,2026-06-29,2026-06-29-1203,not_serviceable,0,
blinkit,695525,Thiruvananthapuram,2026-06-29,2026-06-29-1203,not_serviceable,0,
blinkit,695526,Thiruvananthapuram,2026-06-29,2026-06-29-1203,not_serviceable,0,
blinkit,695527,Thiruvananthapuram,2026-06-29,2026-06-29-1203,not_serviceable,0,
blinkit,695528,Thiruvananthapuram,2026-06-29,2026-06-29-1203,not_serviceable,0,
blinkit,695541,Thiruvananthapuram,2026-06-29,2026-06-29-1203,not_serviceable,0,
blinkit,695542,Thiruvananthapuram,2026-06-29,2026-06-29-1203,not_serviceable,0,
blinkit,695543,Thiruvananthapuram,2026-06-29,2026-06-29-1203,not_serviceable,0,
blinkit,695547,Thiruvananthapuram,2026-06-29,2026-06-29-1203,not_serviceable,0,
blinkit,695551,Thiruvananthapuram,2026-06-29,2026-06-29-1203,not_serviceable,0,
blinkit,695561,Thiruvananthapuram,2026-06-29,2026-06-29-1203,not_serviceable,0,
blinkit,695562,Thiruvananthapuram,2026-06-29,2026-06-29-1203,not_serviceable,0,
blinkit,695563,Thiruvananthapuram,2026-06-29,2026-06-29-1203,not_serviceable,0,
blinkit,695564,Thiruvananthapuram,2026-06-29,2026-06-29-1203,not_serviceable,0,
blinkit,695568,Thiruvananthapuram,2026-06-29,2026-06-29-1203,not_serviceable,0,
blinkit,695570,Thiruvananthapuram,2026-06-29,2026-06-29-1203,not_serviceable,0,
blinkit,695571,Thiruvananthapuram,2026-06-29,2026-06-29-1203,not_serviceable,0,
blinkit,695572,Thiruvananthapuram,2026-06-29,2026-06-29-1203,not_serviceable,0,
blinkit,695573,Thiruvananthapuram,2026-06-29,2026-06-29-1203,not_serviceable,0,
blinkit,695574,Thiruvananthapuram,2026-06-29,2026-06-29-1203,not_serviceable,0,
blinkit,695575,Thiruvananthapuram,2026-06-29,2026-06-29-1203,not_serviceable,0,
blinkit,695581,Thiruvananthapuram,2026-06-29,2026-06-29-1203,not_serviceable,0,
blinkit,695582,Thiruvananthapuram,2026-07-03,2026-07-03-0241,serviceable_no_jivo,0,
blinkit,695583,Thiruvananthapuram,2026-07-03,2026-07-03-0241,serviceable_no_jivo,0,
blinkit,695584,Thiruvananthapuram,2026-06-29,2026-06-29-1203,not_serviceable,0,
blinkit,695585,Thiruvananthapuram,2026-07-03,2026-07-03-0241,serviceable_no_jivo,0,
blinkit,695586,Thiruvananthapuram,2026-06-29,2026-06-29-1203,not_serviceable,0,
blinkit,695587,Thiruvananthapuram,2026-06-29,2026-06-29-1203,not_serviceable,0,
blinkit,695588,Thiruvananthapuram,2026-07-03,2026-07-03-0241,serviceable_no_jivo,0,
blinkit,695589,Thiruvananthapuram,2026-06-29,2026-06-29-1203,not_serviceable,0,
blinkit,695601,Thiruvananthapuram,2026-06-29,2026-06-29-1203,not_serviceable,0,
blinkit,695602,Thiruvananthapuram,2026-06-29,2026-06-29-1203,not_serviceable,0,
blinkit,695603,Thiruvananthapuram,2026-06-29,2026-06-29-1203,not_serviceable,0,
blinkit,695604,Thiruvananthapuram,2026-06-29,2026-06-29-1203,not_serviceable,0,
blinkit,695605,Thiruvananthapuram,2026-06-29,2026-06-29-1203,not_serviceable,0,
blinkit,695606,Thiruvananthapuram,2026-06-29,2026-06-29-1203,not_serviceable,0,
blinkit,695607,Thiruvananthapuram,2026-06-29,2026-06-29-1203,not_serviceable,0,
blinkit,695608,Thiruvananthapuram,2026-06-29,2026-06-29-1203,not_serviceable,0,
blinkit,695609,Thiruvananthapuram,2026-06-29,2026-06-29-1203,not_serviceable,0,
blinkit,695610,Thiruvananthapuram,2026-06-29,2026-06-29-1203,not_serviceable,0,
blinkit,695611,Thiruvananthapuram,2026-06-29,2026-06-29-1203,not_serviceable,0,
blinkit,695612,Thiruvananthapuram,2026-06-29,2026-06-29-1203,not_serviceable,0,
blinkit,695614,Thiruvananthapuram,2026-06-29,2026-06-29-1203,not_serviceable,0,
blinkit,695615,Thiruvananthapuram,2026-06-29,2026-06-29-1203,not_serviceable,0,
blinkit,700001,Kolkata,2026-07-03,2026-07-03-0241,not_serviceable,0,
blinkit,700002,Kolkata,2026-07-03,2026-07-03-0241,not_serviceable,0,
blinkit,700003,Kolkata,2026-07-03,2026-07-03-0241,price_captured,1,1139
blinkit,700004,Kolkata,2026-07-03,2026-07-03-0241,price_captured,1,1139
blinkit,700005,Kolkata,2026-07-03,2026-07-03-0241,price_captured,1,1139
blinkit,700006,Kolkata,2026-07-03,2026-07-03-0241,price_captured,1,1139
blinkit,700007,Kolkata,2026-07-03,2026-07-03-0241,price_captured,1,1139
blinkit,700008,Kolkata,2026-07-03,2026-07-03-0241,price_captured,1,1250
blinkit,700009,Kolkata,2026-06-29,2026-06-29-1203,not_serviceable,0,
blinkit,700010,Kolkata,2026-06-29,2026-06-29-1203,not_serviceable,0,
blinkit,700011,Kolkata,2026-06-29,2026-06-29-1203,not_serviceable,0,
blinkit,700012,Kolkata,2026-07-03,2026-07-03-0241,price_captured,1,1139
blinkit,700013,Kolkata,2026-07-03,2026-07-03-0241,price_captured,1,1139
blinkit,700014,Kolkata,2026-06-29,2026-06-29-1203,not_serviceable,0,
blinkit,700015,Kolkata,2026-07-03,2026-07-03-0241,not_serviceable,0,
blinkit,700016,Kolkata,2026-07-03,2026-07-03-0241,price_captured,1,1139
blinkit,700017,Kolkata,2026-06-29,2026-06-29-1203,not_serviceable,0,
blinkit,700018,Kolkata,2026-07-03,2026-07-03-0241,price_captured,1,1304
blinkit,700019,Kolkata,2026-07-03,2026-07-03-0241,price_captured,1,1139
blinkit,700020,Kolkata,2026-07-03,2026-07-03-0241,price_captured,1,1139
blinkit,700021,Kolkata,2026-06-29,2026-06-29-1203,not_serviceable,0,
blinkit,700022,Kolkata,2026-07-03,2026-07-03-0241,price_captured,1,1139
blinkit,700023,Kolkata,2026-07-03,2026-07-03-0241,price_captured,1,1139
blinkit,700024,Kolkata,2026-07-03,2026-07-03-0241,price_captured,1,1139
blinkit,700025,Kolkata,2026-07-03,2026-07-03-0241,price_captured,1,1139
blinkit,700026,Kolkata,2026-07-03,2026-07-03-0241,price_captured,1,1139
blinkit,700027,Kolkata,2026-07-03,2026-07-03-0241,price_captured,1,1139
blinkit,700029,Kolkata,2026-07-03,2026-07-03-0241,price_captured,1,1139
blinkit,700030,Kolkata,2026-07-03,2026-07-03-0241,price_captured,1,1139
blinkit,700031,Kolkata,2026-07-03,2026-07-03-0241,serviceable_no_jivo,0,
blinkit,700032,Kolkata,2026-07-03,2026-07-03-0241,price_captured,1,1139
blinkit,700033,Kolkata,2026-07-03,2026-07-03-0241,price_captured,1,1139
blinkit,700034,Kolkata,2026-07-03,2026-07-03-0241,price_captured,1,1139
blinkit,700037,Kolkata,2026-06-29,2026-06-29-1203,not_serviceable,0,
blinkit,700038,Kolkata,2026-07-03,2026-07-03-0241,price_captured,1,1139
blinkit,700039,Kolkata,2026-06-29,2026-06-29-1203,not_serviceable,0,
blinkit,700040,Kolkata,2026-07-03,2026-07-03-0241,price_captured,1,1139
blinkit,700041,Kolkata,2026-07-03,2026-07-03-0241,price_captured,1,1139
blinkit,700042,Kolkata,2026-07-03,2026-07-03-0241,price_captured,1,1139
blinkit,700043,Kolkata,2026-07-03,2026-07-03-0241,price_captured,1,1139
blinkit,700044,Kolkata,2026-07-03,2026-07-03-0241,price_captured,1,1139
blinkit,700045,Kolkata,2026-07-03,2026-07-03-0241,price_captured,1,1139
blinkit,700046,Kolkata,2026-06-29,2026-06-29-1203,not_serviceable,0,
blinkit,700047,Kolkata,2026-07-03,2026-07-03-0241,price_captured,1,1143
blinkit,700050,Kolkata,2026-07-03,2026-07-03-0241,price_captured,1,1139
blinkit,700053,Kolkata,2026-07-03,2026-07-03-0241,price_captured,1,1139
blinkit,700054,Kolkata,2026-06-29,2026-06-29-1203,not_serviceable,0,
blinkit,700060,Kolkata,2026-06-29,2026-06-29-1203,not_serviceable,0,
blinkit,700061,Kolkata,2026-07-03,2026-07-03-0241,price_captured,1,1139
blinkit,700062,Kolkata,2026-06-29,2026-06-29-1203,not_serviceable,0,
blinkit,700063,Kolkata,2026-07-03,2026-07-03-0241,price_captured,1,1144
blinkit,700066,Kolkata,2026-07-03,2026-07-03-0241,price_captured,1,1139
blinkit,700067,Kolkata,2026-07-03,2026-07-03-0241,price_captured,1,1140
blinkit,700068,Kolkata,2026-07-03,2026-07-03-0241,price_captured,1,1139
blinkit,700069,Kolkata,2026-07-03,2026-07-03-0241,price_captured,1,1139
blinkit,700070,Kolkata,2026-06-29,2026-06-29-1203,not_serviceable,0,
blinkit,700071,Kolkata,2026-07-03,2026-07-03-0241,price_captured,1,1139
blinkit,700072,Kolkata,2026-07-03,2026-07-03-0241,price_captured,1,1139
blinkit,700073,Kolkata,2026-06-29,2026-06-29-1203,not_serviceable,0,
blinkit,700075,Kolkata,2026-07-03,2026-07-03-0241,price_captured,1,1139
blinkit,700078,Kolkata,2026-07-03,2026-07-03-0241,serviceable_no_jivo,0,
blinkit,700082,Kolkata,2026-07-03,2026-07-03-0241,price_captured,1,1139
blinkit,700085,Kolkata,2026-06-29,2026-06-29-1203,not_serviceable,0,
blinkit,700086,Kolkata,2026-07-03,2026-07-03-0241,price_captured,1,1139
blinkit,700087,Kolkata,2026-07-03,2026-07-03-0241,price_captured,1,1139
blinkit,700088,Kolkata,2026-06-29,2026-06-29-1203,not_serviceable,0,
blinkit,700092,Kolkata,2026-07-03,2026-07-03-0241,price_captured,1,1139
blinkit,700094,Kolkata,2026-07-03,2026-07-03-0241,price_captured,1,1206
blinkit,700095,Kolkata,2026-07-03,2026-07-03-0241,price_captured,1,1139
blinkit,700099,Kolkata,2026-07-03,2026-07-03-0241,price_captured,1,1142
blinkit,700100,Kolkata,2026-07-03,2026-07-03-0241,not_serviceable,0,
blinkit,700105,Kolkata,2026-06-29,2026-06-29-1203,not_serviceable,0,
blinkit,700107,Kolkata,2026-07-03,2026-07-03-0241,price_captured,1,1158
blinkit,751001,Bhubaneswar,2026-07-03,2026-07-03-0241,serviceable_no_jivo,0,
blinkit,751002,Bhubaneswar,2026-07-03,2026-07-03-0241,serviceable_no_jivo,0,
blinkit,751003,Bhubaneswar,2026-07-03,2026-07-03-0241,serviceable_no_jivo,0,
blinkit,751004,Bhubaneswar,2026-07-03,2026-07-03-0241,serviceable_no_jivo,0,
blinkit,751005,Bhubaneswar,2026-06-29,2026-06-29-1203,not_serviceable,0,
blinkit,751006,Bhubaneswar,2026-07-03,2026-07-03-0241,serviceable_no_jivo,0,
blinkit,751007,Bhubaneswar,2026-07-03,2026-07-03-0241,serviceable_no_jivo,0,
blinkit,751008,Bhubaneswar,2026-07-03,2026-07-03-0241,serviceable_no_jivo,0,
blinkit,751009,Bhubaneswar,2026-07-03,2026-07-03-0241,serviceable_no_jivo,0,
blinkit,751010,Bhubaneswar,2026-06-29,2026-06-29-1203,not_serviceable,0,
blinkit,751011,Bhubaneswar,2026-07-03,2026-07-03-0241,serviceable_no_jivo,0,
blinkit,751012,Bhubaneswar,2026-07-03,2026-07-03-0241,serviceable_no_jivo,0,
blinkit,751013,Bhubaneswar,2026-07-03,2026-07-03-0241,serviceable_no_jivo,0,
blinkit,751014,Bhubaneswar,2026-07-03,2026-07-03-0241,serviceable_no_jivo,0,
blinkit,751015,Bhubaneswar,2026-06-29,2026-06-29-1203,not_serviceable,0,
blinkit,751016,Bhubaneswar,2026-07-03,2026-07-03-0241,serviceable_no_jivo,0,
blinkit,751017,Bhubaneswar,2026-07-03,2026-07-03-0241,serviceable_no_jivo,0,
blinkit,751018,Bhubaneswar,2026-06-29,2026-06-29-1203,not_serviceable,0,
blinkit,751019,Bhubaneswar,2026-07-03,2026-07-03-0241,serviceable_no_jivo,0,
blinkit,751020,Bhubaneswar,2026-06-29,2026-06-29-1203,not_serviceable,0,
blinkit,751021,Bhubaneswar,2026-07-03,2026-07-03-0241,serviceable_no_jivo,0,
blinkit,751022,Bhubaneswar,2026-07-03,2026-07-03-0241,serviceable_no_jivo,0,
blinkit,751023,Bhubaneswar,2026-07-03,2026-07-03-0241,serviceable_no_jivo,0,
blinkit,751024,Bhubaneswar,2026-07-03,2026-07-03-0241,serviceable_no_jivo,0,
blinkit,751025,Bhubaneswar,2026-06-29,2026-06-29-1203,not_serviceable,0,
blinkit,751026,Bhubaneswar,2026-07-03,2026-07-03-0241,serviceable_no_jivo,0,
blinkit,751027,Bhubaneswar,2026-07-03,2026-07-03-0241,serviceable_no_jivo,0,
blinkit,751028,Bhubaneswar,2026-07-03,2026-07-03-0241,not_serviceable,0,
blinkit,751029,Bhubaneswar,2026-07-03,2026-07-03-0241,serviceable_no_jivo,0,
blinkit,751030,Bhubaneswar,2026-07-03,2026-07-03-0241,serviceable_no_jivo,0,
blinkit,751031,Bhubaneswar,2026-07-03,2026-07-03-0241,serviceable_no_jivo,0,
blinkit,751032,Bhubaneswar,2026-07-03,2026-07-03-0241,serviceable_no_jivo,0,
blinkit,751033,Bhubaneswar,2026-07-03,2026-07-03-0241,serviceable_no_jivo,0,
blinkit,751034,Bhubaneswar,2026-07-03,2026-07-03-0241,serviceable_no_jivo,0,
blinkit,752018,Bhubaneswar,2026-06-29,2026-06-29-1203,not_serviceable,0,
blinkit,752019,Bhubaneswar,2026-06-29,2026-06-29-1203,not_serviceable,0,
blinkit,752020,Bhubaneswar,2026-06-29,2026-06-29-1203,not_serviceable,0,
blinkit,752021,Bhubaneswar,2026-06-29,2026-06-29-1203,not_serviceable,0,
blinkit,752022,Bhubaneswar,2026-06-29,2026-06-29-1203,not_serviceable,0,
blinkit,752023,Bhubaneswar,2026-06-29,2026-06-29-1203,not_serviceable,0,
blinkit,752027,Bhubaneswar,2026-06-29,2026-06-29-1203,not_serviceable,0,
blinkit,752030,Bhubaneswar,2026-06-29,2026-06-29-1203,not_serviceable,0,
blinkit,752031,Bhubaneswar,2026-06-29,2026-06-29-1203,not_serviceable,0,
blinkit,752034,Bhubaneswar,2026-06-29,2026-06-29-1203,not_serviceable,0,
blinkit,752035,Bhubaneswar,2026-06-29,2026-06-29-1203,not_serviceable,0,
blinkit,752037,Bhubaneswar,2026-06-29,2026-06-29-1203,not_serviceable,0,
blinkit,752038,Bhubaneswar,2026-06-29,2026-06-29-1203,not_serviceable,0,
blinkit,752050,Bhubaneswar,2026-07-03,2026-07-03-0241,serviceable_no_jivo,0,
blinkit,752054,Bhubaneswar,2026-06-29,2026-06-29-1203,not_serviceable,0,
blinkit,752055,Bhubaneswar,2026-06-29,2026-06-29-1203,not_serviceable,0,
blinkit,752056,Bhubaneswar,2026-06-29,2026-06-29-1203,not_serviceable,0,
blinkit,752057,Bhubaneswar,2026-06-29,2026-06-29-1203,not_serviceable,0,
blinkit,752060,Bhubaneswar,2026-06-29,2026-06-29-1203,not_serviceable,0,
blinkit,752061,Bhubaneswar,2026-06-29,2026-06-29-1203,not_serviceable,0,
blinkit,752062,Bhubaneswar,2026-06-29,2026-06-29-1203,not_serviceable,0,
blinkit,752064,Bhubaneswar,2026-06-29,2026-06-29-1203,not_serviceable,0,
blinkit,752066,Bhubaneswar,2026-06-29,2026-06-29-1203,not_serviceable,0,
blinkit,752100,Bhubaneswar,2026-06-29,2026-06-29-1203,not_serviceable,0,
blinkit,752101,Bhubaneswar,2026-07-03,2026-07-03-0241,serviceable_no_jivo,0,
blinkit,752102,Bhubaneswar,2026-06-29,2026-06-29-1203,not_serviceable,0,
blinkit,752103,Bhubaneswar,2026-06-29,2026-06-29-1203,not_serviceable,0,
blinkit,752104,Bhubaneswar,2026-06-29,2026-06-29-1203,not_serviceable,0,
blinkit,752106,Bhubaneswar,2026-06-29,2026-06-29-1203,not_serviceable,0,
blinkit,752114,Bhubaneswar,2026-06-29,2026-06-29-1203,not_serviceable,0,
blinkit,752115,Bhubaneswar,2026-07-03,2026-07-03-0241,serviceable_no_jivo,0,
blinkit,754001,Bhubaneswar,2026-06-29,2026-06-29-1203,not_serviceable,0,
blinkit,754004,Bhubaneswar,2026-06-29,2026-06-29-1203,not_serviceable,0,
blinkit,754005,Bhubaneswar,2026-06-29,2026-06-29-1203,not_serviceable,0,
blinkit,754012,Bhubaneswar,2026-06-29,2026-06-29-1203,not_serviceable,0,
blinkit,900099,Kolkata,2026-07-03,2026-07-03-0241,price_captured,1,1139
flipkart-minutes,110001,Delhi,2026-07-13,2026-07-13-0645,not_serviceable,0,
flipkart-minutes,110002,Delhi,2026-07-13,2026-07-13-0645,not_serviceable,0,
flipkart-minutes,110003,Delhi,2026-07-13,2026-07-13-0645,not_serviceable,0,
flipkart-minutes,110004,Delhi,2026-07-13,2026-07-13-0645,not_serviceable,0,
flipkart-minutes,110005,Delhi,2026-07-13,2026-07-13-0645,price_captured,2,178
flipkart-minutes,110006,Delhi,2026-07-13,2026-07-13-0645,not_serviceable,0,
flipkart-minutes,110007,Delhi,2026-07-13,2026-07-13-0645,price_captured,3,178
flipkart-minutes,110008,Delhi,2026-07-13,2026-07-13-0645,price_captured,2,178
flipkart-minutes,110009,Delhi,2026-07-13,2026-07-13-0645,price_captured,3,231
flipkart-minutes,110010,Delhi,2026-07-13,2026-07-13-0645,not_serviceable,0,
flipkart-minutes,110011,Delhi,2026-07-13,2026-07-13-0645,not_serviceable,0,
flipkart-minutes,110012,Delhi,2026-07-13,2026-07-13-0645,price_captured,2,178
flipkart-minutes,110013,Delhi,2026-07-13,2026-07-13-0645,price_captured,2,178
flipkart-minutes,110014,Delhi,2026-07-13,2026-07-13-0645,price_captured,2,178
flipkart-minutes,110015,Delhi,2026-07-13,2026-07-13-0645,price_captured,1,178
flipkart-minutes,110016,Delhi,2026-07-13,2026-07-13-0645,not_serviceable,0,
flipkart-minutes,110017,Delhi,2026-07-13,2026-07-13-0645,price_captured,2,178
flipkart-minutes,110018,Delhi,2026-07-13,2026-07-13-0645,price_captured,2,178
flipkart-minutes,110019,Delhi,2026-07-13,2026-07-13-0645,price_captured,2,888
flipkart-minutes,110020,Delhi,2026-07-13,2026-07-13-0645,not_serviceable,0,
flipkart-minutes,110021,Delhi,2026-07-13,2026-07-13-0645,not_serviceable,0,
flipkart-minutes,110022,Delhi,2026-07-13,2026-07-13-0645,not_serviceable,0,
flipkart-minutes,110023,Delhi,2026-07-13,2026-07-13-0645,not_serviceable,0,
flipkart-minutes,110024,Delhi,2026-07-13,2026-07-13-0645,not_serviceable,0,
flipkart-minutes,110025,Delhi,2026-07-13,2026-07-13-0645,price_captured,1,178
flipkart-minutes,110026,Delhi,2026-07-13,2026-07-13-0645,price_captured,1,178
flipkart-minutes,110027,Delhi,2026-07-13,2026-07-13-0645,price_captured,2,178
flipkart-minutes,110028,Delhi,2026-07-13,2026-07-13-0645,price_captured,3,231
flipkart-minutes,110029,Delhi,2026-07-13,2026-07-13-0645,price_captured,3,231
flipkart-minutes,110030,Delhi,2026-07-13,2026-07-13-0645,price_captured,4,231
flipkart-minutes,110031,Delhi,2026-07-13,2026-07-13-0645,price_captured,3,178
flipkart-minutes,110032,Delhi,2026-07-13,2026-07-13-0645,price_captured,4,234
flipkart-minutes,110033,Delhi,2026-07-13,2026-07-13-0645,not_serviceable,0,
flipkart-minutes,110034,Delhi,2026-07-13,2026-07-13-0645,price_captured,2,178
flipkart-minutes,110035,Delhi,2026-07-13,2026-07-13-0645,price_captured,2,178
flipkart-minutes,110036,Delhi,2026-07-13,2026-07-13-0645,not_serviceable,0,
flipkart-minutes,110037,Delhi,2026-07-13,2026-07-13-0645,not_serviceable,0,
flipkart-minutes,110038,Delhi,2026-07-13,2026-07-13-0645,price_captured,3,239
flipkart-minutes,110039,Delhi,2026-07-13,2026-07-13-0645,not_serviceable,0,
flipkart-minutes,110040,Delhi,2026-07-13,2026-07-13-0645,not_serviceable,0,
flipkart-minutes,110041,Delhi,2026-07-13,2026-07-13-0645,not_serviceable,0,
flipkart-minutes,110042,Delhi,2026-07-13,2026-07-13-0645,price_captured,1,178
flipkart-minutes,110043,Delhi,2026-07-13,2026-07-13-0645,price_captured,1,178
flipkart-minutes,110044,Delhi,2026-07-13,2026-07-13-0645,price_captured,1,178
flipkart-minutes,110045,Delhi,2026-07-13,2026-07-13-0645,price_captured,1,178
flipkart-minutes,110046,Delhi,2026-07-13,2026-07-13-0645,price_captured,1,178
flipkart-minutes,110047,Delhi,2026-07-13,2026-07-13-0645,not_serviceable,0,
flipkart-minutes,110048,Delhi,2026-07-13,2026-07-13-0645,price_captured,5,231
flipkart-minutes,110049,Delhi,2026-07-13,2026-07-13-0645,not_serviceable,0,
flipkart-minutes,110051,Delhi,2026-07-13,2026-07-13-0645,price_captured,3,178
flipkart-minutes,110052,Delhi,2026-07-13,2026-07-13-0645,price_captured,2,178
flipkart-minutes,110053,Delhi,2026-07-13,2026-07-13-0645,price_captured,4,239
flipkart-minutes,110054,Delhi,2026-07-13,2026-07-13-0645,price_captured,4,231
flipkart-minutes,110055,Delhi,2026-07-13,2026-07-13-0645,price_captured,3,178
flipkart-minutes,110056,Delhi,2026-07-13,2026-07-13-0645,price_captured,3,234
flipkart-minutes,110057,Delhi,2026-07-13,2026-07-13-0645,price_captured,4,231
flipkart-minutes,110058,Delhi,2026-07-13,2026-07-13-0645,price_captured,2,178
flipkart-minutes,110059,Delhi,2026-07-13,2026-07-13-0645,price_captured,1,178
flipkart-minutes,110060,Delhi,2026-07-13,2026-07-13-0645,price_captured,5,231
flipkart-minutes,110061,Delhi,2026-07-13,2026-07-13-0645,price_captured,4,231
flipkart-minutes,110062,Delhi,2026-07-13,2026-07-13-0645,price_captured,4,231
flipkart-minutes,110063,Delhi,2026-07-13,2026-07-13-0645,price_captured,2,178
flipkart-minutes,110064,Delhi,2026-07-13,2026-07-13-0645,price_captured,2,178
flipkart-minutes,110065,Delhi,2026-07-13,2026-07-13-0645,price_captured,1,178
flipkart-minutes,110066,Delhi,2026-07-13,2026-07-13-0645,not_serviceable,0,
flipkart-minutes,110067,Delhi,2026-07-13,2026-07-13-0645,price_captured,2,178
flipkart-minutes,110068,Delhi,2026-07-13,2026-07-13-0645,price_captured,6,231
flipkart-minutes,110069,Delhi,2026-07-13,2026-07-13-0645,price_captured,7,231
flipkart-minutes,110070,Delhi,2026-07-13,2026-07-13-0645,price_captured,4,231
flipkart-minutes,110071,Delhi,2026-07-13,2026-07-13-0645,price_captured,3,231
flipkart-minutes,110072,Delhi,2026-07-13,2026-07-13-0645,not_serviceable,0,
flipkart-minutes,110073,Delhi,2026-07-13,2026-07-13-0645,not_serviceable,0,
flipkart-minutes,110074,Delhi,2026-07-13,2026-07-13-0645,price_captured,1,1959
flipkart-minutes,110075,Delhi,2026-07-13,2026-07-13-0645,price_captured,3,178
flipkart-minutes,110076,Delhi,2026-07-13,2026-07-13-0645,price_captured,6,231
flipkart-minutes,110077,Delhi,2026-07-13,2026-07-13-0645,price_captured,2,178
flipkart-minutes,110078,Delhi,2026-07-13,2026-07-13-0645,price_captured,3,231
flipkart-minutes,110080,Delhi,2026-07-13,2026-07-13-0645,price_captured,3,234
flipkart-minutes,110081,Delhi,2026-07-13,2026-07-13-0645,not_serviceable,0,
flipkart-minutes,110082,Delhi,2026-07-13,2026-07-13-0645,not_serviceable,0,
flipkart-minutes,110083,Delhi,2026-07-13,2026-07-13-0645,price_captured,3,234
flipkart-minutes,110084,Delhi,2026-07-13,2026-07-13-0645,price_captured,2,178
flipkart-minutes,110085,Delhi,2026-07-13,2026-07-13-0645,price_captured,3,231
flipkart-minutes,110086,Delhi,2026-07-13,2026-07-13-0645,not_serviceable,0,
flipkart-minutes,110087,Delhi,2026-07-13,2026-07-13-0645,price_captured,3,234
flipkart-minutes,110088,Delhi,2026-07-13,2026-07-13-0645,price_captured,3,231
flipkart-minutes,110089,Delhi,2026-07-13,2026-07-13-0645,price_captured,2,234
flipkart-minutes,110090,Delhi,2026-07-13,2026-07-13-0645,not_serviceable,0,
flipkart-minutes,110091,Delhi,2026-07-13,2026-07-13-0645,price_captured,4,231
flipkart-minutes,110092,Delhi,2026-07-13,2026-07-13-0645,not_serviceable,0,
flipkart-minutes,110093,Delhi,2026-07-13,2026-07-13-0645,price_captured,3,178
flipkart-minutes,110094,Delhi,2026-07-13,2026-07-13-0645,price_captured,2,189
flipkart-minutes,110095,Delhi,2026-07-13,2026-07-13-0645,price_captured,2,178
flipkart-minutes,110096,Delhi,2026-07-13,2026-07-13-0645,price_captured,4,231
flipkart-minutes,110097,Delhi,2026-07-13,2026-07-13-0645,not_serviceable,0,
flipkart-minutes,110099,Delhi,2026-07-13,2026-07-13-0645,price_captured,2,1959
flipkart-minutes,110110,Delhi,2026-07-13,2026-07-13-0645,price_captured,4,231
flipkart-minutes,121001,Faridabad,2026-07-13,2026-07-13-0645,price_captured,4,231
flipkart-minutes,121002,Faridabad,2026-07-13,2026-07-13-0645,price_captured,4,231
flipkart-minutes,121003,Faridabad,2026-07-13,2026-07-13-0645,price_captured,4,231
flipkart-minutes,121004,Faridabad,2026-07-13,2026-07-13-0645,price_captured,3,231
flipkart-minutes,121005,Faridabad,2026-07-13,2026-07-13-0645,price_captured,4,231
flipkart-minutes,121006,Faridabad,2026-07-13,2026-07-13-0645,price_captured,7,239
flipkart-minutes,121007,Faridabad,2026-07-13,2026-07-13-0645,price_captured,3,178
flipkart-minutes,121008,Faridabad,2026-07-13,2026-07-13-0645,price_captured,4,231
flipkart-minutes,121009,Faridabad,2026-07-13,2026-07-13-0645,price_captured,5,231
flipkart-minutes,121010,Faridabad,2026-07-13,2026-07-13-0645,price_captured,3,178
flipkart-minutes,121012,Faridabad,2026-07-13,2026-07-13-0645,price_captured,4,231
flipkart-minutes,121013,Faridabad,2026-07-13,2026-07-13-0645,price_captured,4,231
flipkart-minutes,121014,Faridabad,2026-07-13,2026-07-13-0645,price_captured,6,234
flipkart-minutes,121015,Faridabad,2026-07-13,2026-07-13-0645,not_serviceable,0,
flipkart-minutes,121101,Faridabad,2026-07-13,2026-07-13-0645,not_serviceable,0,
flipkart-minutes,122001,Gurugram,2026-07-13,2026-07-13-0645,price_captured,2,234
flipkart-minutes,122002,Gurugram,2026-07-13,2026-07-13-0645,not_serviceable,0,
flipkart-minutes,122003,Gurugram,2026-07-13,2026-07-13-0645,price_captured,3,178
flipkart-minutes,122004,Gurugram,2026-07-13,2026-07-13-0645,not_serviceable,0,
flipkart-minutes,122005,Gurugram,2026-07-13,2026-07-13-0645,price_captured,3,234
flipkart-minutes,122006,Gurugram,2026-07-13,2026-07-13-0645,price_captured,4,231
flipkart-minutes,122007,Gurugram,2026-07-13,2026-07-13-0645,price_captured,3,178
flipkart-minutes,122008,Gurugram,2026-07-13,2026-07-13-0645,price_captured,3,178
flipkart-minutes,122009,Gurugram,2026-07-13,2026-07-13-0645,not_serviceable,0,
flipkart-minutes,122010,Gurugram,2026-07-13,2026-07-13-0645,not_serviceable,0,
flipkart-minutes,122011,Gurugram,2026-07-13,2026-07-13-0645,price_captured,3,178
flipkart-minutes,122012,Gurugram,2026-07-13,2026-07-13-0645,not_serviceable,0,
flipkart-minutes,122015,Gurugram,2026-07-13,2026-07-13-0645,price_captured,3,234
flipkart-minutes,122016,Gurugram,2026-07-13,2026-07-13-0645,price_captured,3,234
flipkart-minutes,122017,Gurugram,2026-07-13,2026-07-13-0645,price_captured,3,178
flipkart-minutes,122018,Gurugram,2026-07-13,2026-07-13-0645,price_captured,3,178
flipkart-minutes,122051,Gurugram,2026-07-13,2026-07-13-0645,not_serviceable,0,
flipkart-minutes,122052,Gurugram,2026-07-13,2026-07-13-0645,not_serviceable,0,
flipkart-minutes,122098,Gurugram,2026-07-13,2026-07-13-0645,price_captured,4,888
flipkart-minutes,122101,Gurugram,2026-07-13,2026-07-13-0645,price_captured,4,888
flipkart-minutes,122102,Gurugram,2026-07-13,2026-07-13-0645,not_serviceable,0,
flipkart-minutes,122103,Gurugram,2026-07-13,2026-07-13-0645,price_captured,2,178
flipkart-minutes,122413,Gurugram,2026-07-13,2026-07-13-0645,not_serviceable,0,
flipkart-minutes,122414,Gurugram,2026-07-13,2026-07-13-0645,not_serviceable,0,
flipkart-minutes,122502,Gurugram,2026-07-13,2026-07-13-0645,not_serviceable,0,
flipkart-minutes,122503,Gurugram,2026-07-13,2026-07-13-0645,not_serviceable,0,
flipkart-minutes,122504,Gurugram,2026-07-13,2026-07-13-0645,price_captured,7,231
flipkart-minutes,122505,Gurugram,2026-07-13,2026-07-13-0645,not_serviceable,0,
flipkart-minutes,122506,Gurugram,2026-07-13,2026-07-13-0645,not_serviceable,0,
flipkart-minutes,140103,Mohali,2026-07-13,2026-07-13-0645,not_serviceable,0,
flipkart-minutes,140109,Mohali,2026-07-13,2026-07-13-0645,not_serviceable,0,
flipkart-minutes,140110,Mohali,2026-07-13,2026-07-13-0645,price_captured,3,234
flipkart-minutes,140201,Mohali,2026-07-13,2026-07-13-0645,price_captured,3,234
flipkart-minutes,140301,Mohali,2026-07-13,2026-07-13-0645,not_serviceable,0,
flipkart-minutes,140306,Mohali,2026-07-13,2026-07-13-0645,price_captured,3,234
flipkart-minutes,140307,Mohali,2026-07-13,2026-07-13-0645,price_captured,4,234
flipkart-minutes,140308,Mohali,2026-07-13,2026-07-13-0645,price_captured,3,234
flipkart-minutes,140413,Mohali,2026-07-13,2026-07-13-0645,not_serviceable,0,
flipkart-minutes,140501,Mohali,2026-07-13,2026-07-13-0645,price_captured,3,234
flipkart-minutes,140506,Mohali,2026-07-13,2026-07-13-0645,price_captured,3,234
flipkart-minutes,140507,Mohali,2026-07-13,2026-07-13-0645,price_captured,3,234
flipkart-minutes,140601,Mohali,2026-07-13,2026-07-13-0645,not_serviceable,0,
flipkart-minutes,140603,Mohali,2026-07-13,2026-07-13-0645,price_captured,3,234
flipkart-minutes,140604,Mohali,2026-07-13,2026-07-13-0645,not_serviceable,0,
flipkart-minutes,140901,Mohali,2026-07-13,2026-07-13-0645,price_captured,3,234
flipkart-minutes,141001,Ludhiana,2026-07-13,2026-07-13-0645,not_serviceable,0,
flipkart-minutes,141002,Ludhiana,2026-07-13,2026-07-13-0645,not_serviceable,0,
flipkart-minutes,141003,Ludhiana,2026-07-13,2026-07-13-0645,price_captured,3,231
flipkart-minutes,141004,Ludhiana,2026-07-13,2026-07-13-0645,not_serviceable,0,
flipkart-minutes,141006,Ludhiana,2026-07-13,2026-07-13-0645,price_captured,3,231
flipkart-minutes,141007,Ludhiana,2026-07-13,2026-07-13-0645,not_serviceable,0,
flipkart-minutes,141008,Ludhiana,2026-07-13,2026-07-13-0645,not_serviceable,0,
flipkart-minutes,141010,Ludhiana,2026-07-13,2026-07-13-0645,price_captured,6,231
flipkart-minutes,141011,Ludhiana,2026-07-13,2026-07-13-0645,price_captured,6,231
flipkart-minutes,141012,Ludhiana,2026-07-13,2026-07-13-0645,not_serviceable,0,
flipkart-minutes,141013,Ludhiana,2026-07-13,2026-07-13-0645,not_serviceable,0,
flipkart-minutes,141014,Ludhiana,2026-07-13,2026-07-13-0645,price_captured,4,231
flipkart-minutes,141015,Ludhiana,2026-07-13,2026-07-13-0645,price_captured,1,178
flipkart-minutes,141016,Ludhiana,2026-07-13,2026-07-13-0645,not_serviceable,0,
flipkart-minutes,141017,Ludhiana,2026-07-13,2026-07-13-0645,not_serviceable,0,
flipkart-minutes,141101,Ludhiana,2026-07-13,2026-07-13-0645,not_serviceable,0,
flipkart-minutes,141102,Ludhiana,2026-07-13,2026-07-13-0645,not_serviceable,0,
flipkart-minutes,141103,Ludhiana,2026-07-13,2026-07-13-0645,not_serviceable,0,
flipkart-minutes,141104,Ludhiana,2026-07-13,2026-07-13-0645,not_serviceable,0,
flipkart-minutes,141105,Ludhiana,2026-07-13,2026-07-13-0645,not_serviceable,0,
flipkart-minutes,141106,Ludhiana,2026-07-13,2026-07-13-0645,not_serviceable,0,
flipkart-minutes,141107,Ludhiana,2026-07-13,2026-07-13-0645,not_serviceable,0,
flipkart-minutes,141108,Ludhiana,2026-07-13,2026-07-13-0645,not_serviceable,0,
flipkart-minutes,141109,Ludhiana,2026-07-13,2026-07-13-0645,not_serviceable,0,
flipkart-minutes,141110,Ludhiana,2026-07-13,2026-07-13-0645,not_serviceable,0,
flipkart-minutes,141112,Ludhiana,2026-07-13,2026-07-13-0645,not_serviceable,0,
flipkart-minutes,141113,Ludhiana,2026-07-13,2026-07-13-0645,not_serviceable,0,
flipkart-minutes,141114,Ludhiana,2026-07-13,2026-07-13-0645,not_serviceable,0,
flipkart-minutes,141115,Ludhiana,2026-07-13,2026-07-13-0645,not_serviceable,0,
flipkart-minutes,141116,Ludhiana,2026-07-13,2026-07-13-0645,not_serviceable,0,
flipkart-minutes,141117,Ludhiana,2026-07-13,2026-07-13-0645,not_serviceable,0,
flipkart-minutes,141118,Ludhiana,2026-07-13,2026-07-13-0645,not_serviceable,0,
flipkart-minutes,141119,Ludhiana,2026-07-13,2026-07-13-0645,not_serviceable,0,
flipkart-minutes,141120,Ludhiana,2026-07-13,2026-07-13-0645,not_serviceable,0,
flipkart-minutes,141121,Ludhiana,2026-07-13,2026-07-13-0645,not_serviceable,0,
flipkart-minutes,141122,Ludhiana,2026-07-13,2026-07-13-0645,not_serviceable,0,
flipkart-minutes,141123,Ludhiana,2026-07-13,2026-07-13-0645,not_serviceable,0,
flipkart-minutes,141125,Ludhiana,2026-07-13,2026-07-13-0645,not_serviceable,0,
flipkart-minutes,141126,Ludhiana,2026-07-13,2026-07-13-0645,not_serviceable,0,
flipkart-minutes,141127,Ludhiana,2026-07-13,2026-07-13-0645,not_serviceable,0,
flipkart-minutes,141201,Ludhiana,2026-07-13,2026-07-13-0645,not_serviceable,0,
flipkart-minutes,141202,Ludhiana,2026-07-13,2026-07-13-0645,not_serviceable,0,
flipkart-minutes,141203,Ludhiana,2026-07-13,2026-07-13-0645,not_serviceable,0,
flipkart-minutes,141204,Ludhiana,2026-07-13,2026-07-13-0645,not_serviceable,0,
flipkart-minutes,141205,Ludhiana,2026-07-13,2026-07-13-0645,not_serviceable,0,
flipkart-minutes,141206,Ludhiana,2026-07-13,2026-07-13-0645,not_serviceable,0,
flipkart-minutes,141401,Ludhiana,2026-07-13,2026-07-13-0645,not_serviceable,0,
flipkart-minutes,141412,Ludhiana,2026-07-13,2026-07-13-0645,not_serviceable,0,
flipkart-minutes,141413,Ludhiana,2026-07-13,2026-07-13-0645,not_serviceable,0,
flipkart-minutes,141414,Ludhiana,2026-07-13,2026-07-13-0645,not_serviceable,0,
flipkart-minutes,141415,Ludhiana,2026-07-13,2026-07-13-0645,not_serviceable,0,
flipkart-minutes,141416,Ludhiana,2026-07-13,2026-07-13-0645,not_serviceable,0,
flipkart-minutes,141417,Ludhiana,2026-07-13,2026-07-13-0645,not_serviceable,0,
flipkart-minutes,141418,Ludhiana,2026-07-13,2026-07-13-0645,not_serviceable,0,
flipkart-minutes,141419,Ludhiana,2026-07-13,2026-07-13-0645,not_serviceable,0,
flipkart-minutes,141421,Ludhiana,2026-07-13,2026-07-13-0645,not_serviceable,0,
flipkart-minutes,141422,Ludhiana,2026-07-13,2026-07-13-0645,not_serviceable,0,
flipkart-minutes,142021,Ludhiana,2026-07-13,2026-07-13-0645,not_serviceable,0,
flipkart-minutes,142022,Ludhiana,2026-07-13,2026-07-13-0645,not_serviceable,0,
flipkart-minutes,142023,Ludhiana,2026-07-13,2026-07-13-0645,not_serviceable,0,
flipkart-minutes,142024,Ludhiana,2026-07-13,2026-07-13-0645,not_serviceable,0,
flipkart-minutes,142025,Ludhiana,2026-07-13,2026-07-13-0645,not_serviceable,0,
flipkart-minutes,142026,Ludhiana,2026-07-13,2026-07-13-0645,not_serviceable,0,
flipkart-minutes,142027,Ludhiana,2026-07-13,2026-07-13-0645,not_serviceable,0,
flipkart-minutes,142028,Ludhiana,2026-07-13,2026-07-13-0645,not_serviceable,0,
flipkart-minutes,142029,Ludhiana,2026-07-13,2026-07-13-0645,not_serviceable,0,
flipkart-minutes,142030,Ludhiana,2026-07-13,2026-07-13-0645,not_serviceable,0,
flipkart-minutes,142031,Ludhiana,2026-07-13,2026-07-13-0645,not_serviceable,0,
flipkart-minutes,142032,Ludhiana,2026-07-13,2026-07-13-0645,not_serviceable,0,
flipkart-minutes,142033,Ludhiana,2026-07-13,2026-07-13-0645,not_serviceable,0,
flipkart-minutes,142034,Ludhiana,2026-07-13,2026-07-13-0645,not_serviceable,0,
flipkart-minutes,142035,Ludhiana,2026-07-13,2026-07-13-0645,not_serviceable,0,
flipkart-minutes,142036,Ludhiana,2026-07-13,2026-07-13-0645,not_serviceable,0,
flipkart-minutes,143001,Amritsar,2026-07-13,2026-07-13-0645,not_serviceable,0,
flipkart-minutes,143002,Amritsar,2026-07-13,2026-07-13-0645,not_serviceable,0,
flipkart-minutes,143003,Amritsar,2026-07-13,2026-07-13-0645,not_serviceable,0,
flipkart-minutes,143004,Amritsar,2026-07-13,2026-07-13-0645,not_serviceable,0,
flipkart-minutes,143005,Amritsar,2026-07-13,2026-07-13-0645,not_serviceable,0,
flipkart-minutes,143006,Amritsar,2026-07-13,2026-07-13-0645,not_serviceable,0,
flipkart-minutes,143008,Amritsar,2026-07-13,2026-07-13-0645,not_serviceable,0,
flipkart-minutes,143009,Amritsar,2026-07-13,2026-07-13-0645,not_serviceable,0,
flipkart-minutes,143022,Amritsar,2026-07-13,2026-07-13-0645,not_serviceable,0,
flipkart-minutes,143101,Amritsar,2026-07-13,2026-07-13-0645,not_serviceable,0,
flipkart-minutes,143102,Amritsar,2026-07-13,2026-07-13-0645,not_serviceable,0,
flipkart-minutes,143103,Amritsar,2026-07-13,2026-07-13-0645,not_serviceable,0,
flipkart-minutes,143105,Amritsar,2026-07-13,2026-07-13-0645,not_serviceable,0,
flipkart-minutes,143107,Amritsar,2026-07-13,2026-07-13-0645,not_serviceable,0,
flipkart-minutes,143108,Amritsar,2026-07-13,2026-07-13-0645,not_serviceable,0,
flipkart-minutes,143109,Amritsar,2026-07-13,2026-07-13-0645,not_serviceable,0,
flipkart-minutes,143111,Amritsar,2026-07-13,2026-07-13-0645,not_serviceable,0,
flipkart-minutes,143112,Amritsar,2026-07-13,2026-07-13-0645,not_serviceable,0,
flipkart-minutes,143113,Amritsar,2026-07-13,2026-07-13-0645,not_serviceable,0,
flipkart-minutes,143114,Amritsar,2026-07-13,2026-07-13-0645,not_serviceable,0,
flipkart-minutes,143115,Amritsar,2026-07-13,2026-07-13-0645,not_serviceable,0,
flipkart-minutes,143116,Amritsar,2026-07-13,2026-07-13-0645,not_serviceable,0,
flipkart-minutes,143119,Amritsar,2026-07-13,2026-07-13-0645,not_serviceable,0,
flipkart-minutes,143149,Amritsar,2026-07-13,2026-07-13-0645,not_serviceable,0,
flipkart-minutes,143201,Amritsar,2026-07-13,2026-07-13-0645,not_serviceable,0,
flipkart-minutes,143202,Amritsar,2026-07-13,2026-07-13-0645,not_serviceable,0,
flipkart-minutes,143203,Amritsar,2026-07-13,2026-07-13-0645,not_serviceable,0,
flipkart-minutes,143204,Amritsar,2026-07-13,2026-07-13-0645,not_serviceable,0,
flipkart-minutes,143205,Amritsar,2026-07-13,2026-07-13-0645,not_serviceable,0,
flipkart-minutes,143413,Amritsar,2026-07-13,2026-07-13-0645,not_serviceable,0,
flipkart-minutes,143501,Amritsar,2026-07-13,2026-07-13-0645,not_serviceable,0,
flipkart-minutes,143502,Amritsar,2026-07-13,2026-07-13-0645,not_serviceable,0,
flipkart-minutes,143504,Amritsar,2026-07-13,2026-07-13-0645,not_serviceable,0,
flipkart-minutes,143601,Amritsar,2026-07-13,2026-07-13-0645,not_serviceable,0,
flipkart-minutes,143603,Amritsar,2026-07-13,2026-07-13-0645,not_serviceable,0,
flipkart-minutes,143606,Amritsar,2026-07-13,2026-07-13-0645,not_serviceable,0,
flipkart-minutes,144001,Jalandhar,2026-07-13,2026-07-13-0645,not_serviceable,0,
flipkart-minutes,144002,Jalandhar,2026-07-13,2026-07-13-0645,not_serviceable,0,
flipkart-minutes,144003,Jalandhar,2026-07-13,2026-07-13-0645,not_serviceable,0,
flipkart-minutes,144004,Jalandhar,2026-07-13,2026-07-13-0645,not_serviceable,0,
flipkart-minutes,144005,Jalandhar,2026-07-13,2026-07-13-0645,not_serviceable,0,
flipkart-minutes,144006,Jalandhar,2026-07-13,2026-07-13-0645,not_serviceable,0,
flipkart-minutes,144007,Jalandhar,2026-07-13,2026-07-13-0645,not_serviceable,0,
flipkart-minutes,144008,Jalandhar,2026-07-13,2026-07-13-0645,not_serviceable,0,
flipkart-minutes,144009,Jalandhar,2026-07-13,2026-07-13-0645,not_serviceable,0,
flipkart-minutes,144010,Jalandhar,2026-07-13,2026-07-13-0645,not_serviceable,0,
flipkart-minutes,144011,Jalandhar,2026-07-13,2026-07-13-0645,not_serviceable,0,
flipkart-minutes,144012,Jalandhar,2026-07-13,2026-07-13-0645,not_serviceable,0,
flipkart-minutes,144020,Jalandhar,2026-07-13,2026-07-13-0645,not_serviceable,0,
flipkart-minutes,144021,Jalandhar,2026-07-13,2026-07-13-0645,not_serviceable,0,
flipkart-minutes,144022,Jalandhar,2026-07-13,2026-07-13-0645,price_captured,6,231
flipkart-minutes,144023,Jalandhar,2026-07-13,2026-07-13-0645,not_serviceable,0,
flipkart-minutes,144024,Jalandhar,2026-07-13,2026-07-13-0645,not_serviceable,0,
flipkart-minutes,144025,Jalandhar,2026-07-13,2026-07-13-0645,not_serviceable,0,
flipkart-minutes,144026,Jalandhar,2026-07-13,2026-07-13-0645,not_serviceable,0,
flipkart-minutes,144027,Jalandhar,2026-07-13,2026-07-13-0645,not_serviceable,0,
flipkart-minutes,144028,Jalandhar,2026-07-13,2026-07-13-0645,not_serviceable,0,
flipkart-minutes,144029,Jalandhar,2026-07-13,2026-07-13-0645,not_serviceable,0,
flipkart-minutes,144030,Jalandhar,2026-07-13,2026-07-13-0645,not_serviceable,0,
flipkart-minutes,144031,Jalandhar,2026-07-13,2026-07-13-0645,not_serviceable,0,
flipkart-minutes,144032,Jalandhar,2026-07-13,2026-07-13-0645,not_serviceable,0,
flipkart-minutes,144033,Jalandhar,2026-07-13,2026-07-13-0645,not_serviceable,0,
flipkart-minutes,144034,Jalandhar,2026-07-13,2026-07-13-0645,not_serviceable,0,
flipkart-minutes,144035,Jalandhar,2026-07-13,2026-07-13-0645,not_serviceable,0,
flipkart-minutes,144036,Jalandhar,2026-07-13,2026-07-13-0645,not_serviceable,0,
flipkart-minutes,144037,Jalandhar,2026-07-13,2026-07-13-0645,not_serviceable,0,
flipkart-minutes,144039,Jalandhar,2026-07-13,2026-07-13-0645,not_serviceable,0,
flipkart-minutes,144040,Jalandhar,2026-07-13,2026-07-13-0645,not_serviceable,0,
flipkart-minutes,144041,Jalandhar,2026-07-13,2026-07-13-0645,price_captured,6,231
flipkart-minutes,144042,Jalandhar,2026-07-13,2026-07-13-0645,not_serviceable,0,
flipkart-minutes,144043,Jalandhar,2026-07-13,2026-07-13-0645,not_serviceable,0,
flipkart-minutes,144044,Jalandhar,2026-07-13,2026-07-13-0645,not_serviceable,0,
flipkart-minutes,144101,Jalandhar,2026-07-13,2026-07-13-0645,not_serviceable,0,
flipkart-minutes,144102,Jalandhar,2026-07-13,2026-07-13-0645,not_serviceable,0,
flipkart-minutes,144103,Jalandhar,2026-07-13,2026-07-13-0645,not_serviceable,0,
flipkart-minutes,144104,Jalandhar,2026-07-13,2026-07-13-0645,not_serviceable,0,
flipkart-minutes,144106,Jalandhar,2026-07-13,2026-07-13-0645,not_serviceable,0,
flipkart-minutes,144201,Jalandhar,2026-07-13,2026-07-13-0645,not_serviceable,0,
flipkart-minutes,144301,Jalandhar,2026-07-13,2026-07-13-0645,not_serviceable,0,
flipkart-minutes,144302,Jalandhar,2026-07-13,2026-07-13-0645,not_serviceable,0,
flipkart-minutes,144303,Jalandhar,2026-07-13,2026-07-13-0645,not_serviceable,0,
flipkart-minutes,144311,Jalandhar,2026-07-13,2026-07-13-0645,not_serviceable,0,
flipkart-minutes,144409,Jalandhar,2026-07-13,2026-07-13-0645,not_serviceable,0,
flipkart-minutes,144410,Jalandhar,2026-07-13,2026-07-13-0645,not_serviceable,0,
flipkart-minutes,144411,Jalandhar,2026-07-13,2026-07-13-0645,not_serviceable,0,
flipkart-minutes,144416,Jalandhar,2026-07-13,2026-07-13-0645,not_serviceable,0,
flipkart-minutes,144418,Jalandhar,2026-07-13,2026-07-13-0645,not_serviceable,0,
flipkart-minutes,144419,Jalandhar,2026-07-13,2026-07-13-0645,not_serviceable,0,
flipkart-minutes,144502,Jalandhar,2026-07-13,2026-07-13-0645,not_serviceable,0,
flipkart-minutes,144603,Jalandhar,2026-07-13,2026-07-13-0645,not_serviceable,0,
flipkart-minutes,144623,Jalandhar,2026-07-13,2026-07-13-0645,not_serviceable,0,
flipkart-minutes,144625,Jalandhar,2026-07-13,2026-07-13-0645,not_serviceable,0,
flipkart-minutes,144629,Jalandhar,2026-07-13,2026-07-13-0645,not_serviceable,0,
flipkart-minutes,144630,Jalandhar,2026-07-13,2026-07-13-0645,not_serviceable,0,
flipkart-minutes,144632,Jalandhar,2026-07-13,2026-07-13-0645,not_serviceable,0,
flipkart-minutes,144633,Jalandhar,2026-07-13,2026-07-13-0645,not_serviceable,0,
flipkart-minutes,144701,Jalandhar,2026-07-13,2026-07-13-0645,not_serviceable,0,
flipkart-minutes,144702,Jalandhar,2026-07-13,2026-07-13-0645,not_serviceable,0,
flipkart-minutes,144703,Jalandhar,2026-07-13,2026-07-13-0645,not_serviceable,0,
flipkart-minutes,144801,Jalandhar,2026-07-13,2026-07-13-0645,not_serviceable,0,
flipkart-minutes,144803,Jalandhar,2026-07-13,2026-07-13-0645,not_serviceable,0,
flipkart-minutes,144805,Jalandhar,2026-07-13,2026-07-13-0645,price_captured,6,231
flipkart-minutes,144806,Jalandhar,2026-07-13,2026-07-13-0645,not_serviceable,0,
flipkart-minutes,160001,Chandigarh,2026-07-13,2026-07-13-0645,not_serviceable,0,
flipkart-minutes,160002,Chandigarh,2026-07-13,2026-07-13-0645,not_serviceable,0,
flipkart-minutes,160003,Chandigarh,2026-07-13,2026-07-13-0645,not_serviceable,0,
flipkart-minutes,160004,Chandigarh,2026-07-13,2026-07-13-0645,not_serviceable,0,
flipkart-minutes,160005,Chandigarh,2026-07-13,2026-07-13-0645,not_serviceable,0,
flipkart-minutes,160006,Chandigarh,2026-07-13,2026-07-13-0645,price_captured,6,234
flipkart-minutes,160009,Chandigarh,2026-07-13,2026-07-13-0645,price_captured,6,234
flipkart-minutes,160011,Chandigarh,2026-07-13,2026-07-13-0645,price_captured,6,234
flipkart-minutes,160012,Chandigarh,2026-07-13,2026-07-13-0645,price_captured,6,234
flipkart-minutes,160014,Chandigarh,2026-07-13,2026-07-13-0645,not_serviceable,0,
flipkart-minutes,160015,Chandigarh,2026-07-13,2026-07-13-0645,price_captured,6,234
flipkart-minutes,160016,Chandigarh,2026-07-13,2026-07-13-0645,price_captured,3,234
flipkart-minutes,160017,Chandigarh,2026-07-13,2026-07-13-0645,price_captured,6,234
flipkart-minutes,160018,Chandigarh,2026-07-13,2026-07-13-0645,price_captured,3,167
flipkart-minutes,160019,Chandigarh,2026-07-13,2026-07-13-0645,price_captured,5,375
flipkart-minutes,160020,Chandigarh,2026-07-13,2026-07-13-0645,price_captured,4,234
flipkart-minutes,160022,Chandigarh,2026-07-13,2026-07-13-0645,not_serviceable,0,
flipkart-minutes,160023,Chandigarh,2026-07-13,2026-07-13-0645,not_serviceable,0,
flipkart-minutes,160025,Chandigarh,2026-07-13,2026-07-13-0645,not_serviceable,0,
flipkart-minutes,160030,Chandigarh,2026-07-13,2026-07-13-0645,price_captured,3,167
flipkart-minutes,160036,Chandigarh,2026-07-13,2026-07-13-0645,not_serviceable,0,
flipkart-minutes,160043,Chandigarh,2026-07-13,2026-07-13-0645,price_captured,5,375
flipkart-minutes,160047,Chandigarh,2026-07-13,2026-07-13-0645,not_serviceable,0,
flipkart-minutes,160055,Mohali,2026-07-13,2026-07-13-0645,price_captured,3,234
flipkart-minutes,160059,Mohali,2026-07-13,2026-07-13-0645,price_captured,6,234
flipkart-minutes,160062,Mohali,2026-07-13,2026-07-13-0645,price_captured,2,167
flipkart-minutes,160071,Mohali,2026-07-13,2026-07-13-0645,price_captured,1,167
flipkart-minutes,160101,Chandigarh,2026-07-13,2026-07-13-0645,price_captured,3,234
flipkart-minutes,160102,Chandigarh,2026-07-13,2026-07-13-0645,not_serviceable,0,
flipkart-minutes,160103,Mohali,2026-07-13,2026-07-13-0645,price_captured,3,234
flipkart-minutes,160104,Mohali,2026-07-13,2026-07-13-0645,price_captured,3,234
flipkart-minutes,201001,Ghaziabad,2026-07-13,2026-07-13-0645,price_captured,5,231
flipkart-minutes,201002,Ghaziabad,2026-07-13,2026-07-13-0645,not_serviceable,0,
flipkart-minutes,201003,Ghaziabad,2026-07-13,2026-07-13-0645,not_serviceable,0,
flipkart-minutes,201004,Ghaziabad,2026-07-13,2026-07-13-0645,price_captured,5,231
flipkart-minutes,201005,Ghaziabad,2026-07-13,2026-07-13-0645,price_captured,5,231
flipkart-minutes,201006,Ghaziabad,2026-07-13,2026-07-13-0645,not_serviceable,0,
flipkart-minutes,201007,Ghaziabad,2026-07-13,2026-07-13-0645,price_captured,5,231
flipkart-minutes,201008,Noida,2026-07-13,2026-07-13-0645,not_serviceable,0,
flipkart-minutes,201009,Ghaziabad,2026-07-13,2026-07-13-0645,price_captured,4,234
flipkart-minutes,201010,Ghaziabad,2026-07-13,2026-07-13-0645,price_captured,5,231
flipkart-minutes,201011,Ghaziabad,2026-07-13,2026-07-13-0645,price_captured,9,231
flipkart-minutes,201012,Ghaziabad,2026-07-13,2026-07-13-0645,price_captured,4,239
flipkart-minutes,201013,Ghaziabad,2026-07-13,2026-07-13-0645,price_captured,3,231
flipkart-minutes,201014,Ghaziabad,2026-07-13,2026-07-13-0645,price_captured,5,231
flipkart-minutes,201015,Ghaziabad,2026-07-13,2026-07-13-0645,price_captured,6,234
flipkart-minutes,201016,Ghaziabad,2026-07-13,2026-07-13-0645,price_captured,1,178
flipkart-minutes,201017,Ghaziabad,2026-07-13,2026-07-13-0645,price_captured,5,231
flipkart-minutes,201018,Ghaziabad,2026-07-13,2026-07-13-0645,price_captured,5,231
flipkart-minutes,201019,Ghaziabad,2026-07-13,2026-07-13-0645,price_captured,5,231
flipkart-minutes,201020,Ghaziabad,2026-07-13,2026-07-13-0645,price_captured,7,231
flipkart-minutes,201021,Ghaziabad,2026-07-13,2026-07-13-0645,price_captured,2,1959
flipkart-minutes,201102,Ghaziabad,2026-07-13,2026-07-13-0645,price_captured,5,231
flipkart-minutes,201103,Ghaziabad,2026-07-13,2026-07-13-0645,not_serviceable,0,
flipkart-minutes,201201,Ghaziabad,2026-07-13,2026-07-13-0645,not_serviceable,0,
flipkart-minutes,201204,Ghaziabad,2026-07-13,2026-07-13-0645,not_serviceable,0,
flipkart-minutes,201206,Ghaziabad,2026-07-13,2026-07-13-0645,not_serviceable,0,
flipkart-minutes,201301,Noida,2026-07-13,2026-07-13-0645,price_captured,1,178
flipkart-minutes,201302,Noida,2026-07-13,2026-07-13-0645,price_captured,1,1959
flipkart-minutes,201303,Noida,2026-07-13,2026-07-13-0645,price_captured,1,178
flipkart-minutes,201304,Noida,2026-07-13,2026-07-13-0645,price_captured,1,178
flipkart-minutes,201305,Noida,2026-07-13,2026-07-13-0645,not_serviceable,0,
flipkart-minutes,201306,Noida,2026-07-13,2026-07-13-0645,not_serviceable,0,
flipkart-minutes,201307,Noida,2026-07-13,2026-07-13-0645,price_captured,3,175
flipkart-minutes,201309,Noida,2026-07-13,2026-07-13-0645,not_serviceable,0,
flipkart-minutes,201310,Noida,2026-07-13,2026-07-13-0645,price_captured,2,178
flipkart-minutes,201311,Noida,2026-07-13,2026-07-13-0645,not_serviceable,0,
flipkart-minutes,201312,Noida,2026-07-13,2026-07-13-0645,not_serviceable,0,
flipkart-minutes,201313,Noida,2026-07-13,2026-07-13-0645,not_serviceable,0,
flipkart-minutes,201314,Noida,2026-07-13,2026-07-13-0645,not_serviceable,0,
flipkart-minutes,201315,Noida,2026-07-13,2026-07-13-0645,price_captured,5,231
flipkart-minutes,201316,Noida,2026-07-13,2026-07-13-0645,price_captured,3,175
flipkart-minutes,201317,Noida,2026-07-13,2026-07-13-0645,price_captured,2,231
flipkart-minutes,201318,Noida,2026-07-13,2026-07-13-0645,price_captured,5,231
flipkart-minutes,203135,Noida,2026-07-13,2026-07-13-0645,not_serviceable,0,
flipkart-minutes,203141,Noida,2026-07-13,2026-07-13-0645,not_serviceable,0,
flipkart-minutes,203155,Noida,2026-07-13,2026-07-13-0645,not_serviceable,0,
flipkart-minutes,203201,Noida,2026-07-13,2026-07-13-0645,not_serviceable,0,
flipkart-minutes,203202,Noida,2026-07-13,2026-07-13-0645,not_serviceable,0,
flipkart-minutes,203203,Noida,2026-07-13,2026-07-13-0645,not_serviceable,0,
flipkart-minutes,203207,Noida,2026-07-13,2026-07-13-0645,not_serviceable,0,
flipkart-minutes,203209,Noida,2026-07-13,2026-07-13-0645,not_serviceable,0,
flipkart-minutes,212652,Noida,2026-07-13,2026-07-13-0645,not_serviceable,0,
flipkart-minutes,226001,Lucknow,2026-07-13,2026-07-13-0645,price_captured,2,234
flipkart-minutes,226002,Lucknow,2026-07-13,2026-07-13-0645,price_captured,2,234
flipkart-minutes,226003,Lucknow,2026-07-13,2026-07-13-0645,price_captured,1,167
flipkart-minutes,226004,Lucknow,2026-07-13,2026-07-13-0645,price_captured,2,234
flipkart-minutes,226005,Lucknow,2026-07-13,2026-07-13-0645,not_serviceable,0,
flipkart-minutes,226006,Lucknow,2026-07-13,2026-07-13-0645,not_serviceable,0,
flipkart-minutes,226007,Lucknow,2026-07-13,2026-07-13-0645,not_serviceable,0,
flipkart-minutes,226008,Lucknow,2026-07-13,2026-07-13-0645,price_captured,2,234
flipkart-minutes,226009,Lucknow,2026-07-13,2026-07-13-0645,price_captured,2,234
flipkart-minutes,226010,Lucknow,2026-07-13,2026-07-13-0645,price_captured,2,234
flipkart-minutes,226011,Lucknow,2026-07-13,2026-07-13-0645,price_captured,1,234
flipkart-minutes,226012,Lucknow,2026-07-13,2026-07-13-0645,price_captured,2,234
flipkart-minutes,226013,Lucknow,2026-07-13,2026-07-13-0645,price_captured,2,234
flipkart-minutes,226014,Lucknow,2026-07-13,2026-07-13-0645,not_serviceable,0,
flipkart-minutes,226015,Lucknow,2026-07-13,2026-07-13-0645,not_serviceable,0,
flipkart-minutes,226016,Lucknow,2026-07-13,2026-07-13-0645,price_captured,2,234
flipkart-minutes,226017,Lucknow,2026-07-13,2026-07-13-0645,price_captured,1,167
flipkart-minutes,226018,Lucknow,2026-07-13,2026-07-13-0645,price_captured,2,234
flipkart-minutes,226019,Lucknow,2026-07-13,2026-07-13-0645,not_serviceable,0,
flipkart-minutes,226020,Lucknow,2026-07-13,2026-07-13-0645,price_captured,2,234
flipkart-minutes,226021,Lucknow,2026-07-13,2026-07-13-0645,not_serviceable,0,
flipkart-minutes,226022,Lucknow,2026-07-13,2026-07-13-0645,price_captured,1,167
flipkart-minutes,226023,Lucknow,2026-07-13,2026-07-13-0645,price_captured,2,234
flipkart-minutes,226024,Lucknow,2026-07-13,2026-07-13-0645,price_captured,1,167
flipkart-minutes,226025,Lucknow,2026-07-13,2026-07-13-0645,not_serviceable,0,
flipkart-minutes,226026,Lucknow,2026-07-13,2026-07-13-0645,price_captured,2,234
flipkart-minutes,226027,Lucknow,2026-07-13,2026-07-13-0645,price_captured,2,234
flipkart-minutes,226028,Lucknow,2026-07-13,2026-07-13-0645,price_captured,1,167
flipkart-minutes,226029,Lucknow,2026-07-13,2026-07-13-0645,price_captured,1,167
flipkart-minutes,226030,Lucknow,2026-07-13,2026-07-13-0645,price_captured,3,234
flipkart-minutes,226031,Lucknow,2026-07-13,2026-07-13-0645,price_captured,1,167
flipkart-minutes,226101,Lucknow,2026-07-13,2026-07-13-0645,not_serviceable,0,
flipkart-minutes,226102,Lucknow,2026-07-13,2026-07-13-0645,price_captured,2,234
flipkart-minutes,226103,Lucknow,2026-07-13,2026-07-13-0645,not_serviceable,0,
flipkart-minutes,226104,Lucknow,2026-07-13,2026-07-13-0645,price_captured,2,234
flipkart-minutes,226201,Lucknow,2026-07-13,2026-07-13-0645,price_captured,2,234
flipkart-minutes,226202,Lucknow,2026-07-13,2026-07-13-0645,price_captured,2,234
flipkart-minutes,226203,Lucknow,2026-07-13,2026-07-13-0645,price_captured,2,234
flipkart-minutes,226301,Lucknow,2026-07-13,2026-07-13-0645,price_captured,3,234
flipkart-minutes,226302,Lucknow,2026-07-13,2026-07-13-0645,not_serviceable,0,
flipkart-minutes,226303,Lucknow,2026-07-13,2026-07-13-0645,price_captured,2,234
flipkart-minutes,226401,Lucknow,2026-07-13,2026-07-13-0645,not_serviceable,0,
flipkart-minutes,226501,Lucknow,2026-07-13,2026-07-13-0645,price_captured,2,234
flipkart-minutes,245304,Ghaziabad,2026-07-13,2026-07-13-0645,not_serviceable,0,
flipkart-minutes,302001,Jaipur,2026-07-13,2026-07-13-0645,price_captured,7,234
flipkart-minutes,302002,Jaipur,2026-06-29,2026-06-29-1605,not_serviceable,0,
flipkart-minutes,302003,Jaipur,2026-06-29,2026-06-29-1605,not_serviceable,0,
flipkart-minutes,302004,Jaipur,2026-06-29,2026-06-29-1605,not_serviceable,0,
flipkart-minutes,302005,Jaipur,2026-07-13,2026-07-13-0645,price_captured,2,234
flipkart-minutes,302006,Jaipur,2026-07-13,2026-07-13-0645,price_captured,2,234
flipkart-minutes,302012,Jaipur,2026-07-13,2026-07-13-0645,not_serviceable,0,
flipkart-minutes,302013,Jaipur,2026-06-29,2026-06-29-1605,not_serviceable,0,
flipkart-minutes,302015,Jaipur,2026-07-13,2026-07-13-0645,price_captured,2,234
flipkart-minutes,302016,Jaipur,2026-07-13,2026-07-13-0645,not_serviceable,0,
flipkart-minutes,302017,Jaipur,2026-07-13,2026-07-13-0645,price_captured,1,2084
flipkart-minutes,302018,Jaipur,2026-07-13,2026-07-13-0645,price_captured,1,167
flipkart-minutes,302019,Jaipur,2026-07-13,2026-07-13-0645,price_captured,1,24
flipkart-minutes,302020,Jaipur,2026-07-13,2026-07-13-0645,price_captured,1,2084
flipkart-minutes,302021,Jaipur,2026-07-13,2026-07-13-0645,price_captured,1,24
flipkart-minutes,302022,Jaipur,2026-07-13,2026-07-13-0645,not_serviceable,0,
flipkart-minutes,302026,Jaipur,2026-06-29,2026-06-29-1605,not_serviceable,0,
flipkart-minutes,302027,Jaipur,2026-06-29,2026-06-29-1605,not_serviceable,0,
flipkart-minutes,302028,Jaipur,2026-06-29,2026-06-29-1605,not_serviceable,0,
flipkart-minutes,302029,Jaipur,2026-06-29,2026-06-29-1605,not_serviceable,0,
flipkart-minutes,302031,Jaipur,2026-06-29,2026-06-29-1605,not_serviceable,0,
flipkart-minutes,302033,Jaipur,2026-06-29,2026-06-29-1605,not_serviceable,0,
flipkart-minutes,302034,Jaipur,2026-07-13,2026-07-13-0645,price_captured,1,24
flipkart-minutes,302036,Jaipur,2026-07-13,2026-07-13-0645,price_captured,1,24
flipkart-minutes,302037,Jaipur,2026-07-13,2026-07-13-0645,price_captured,1,24
flipkart-minutes,302038,Jaipur,2026-06-29,2026-06-29-1605,not_serviceable,0,
flipkart-minutes,302039,Jaipur,2026-06-29,2026-06-29-1605,not_serviceable,0,
flipkart-minutes,302040,Jaipur,2026-07-13,2026-07-13-0645,price_captured,6,234
flipkart-minutes,302041,Jaipur,2026-07-13,2026-07-13-0645,price_captured,3,167
flipkart-minutes,302042,Jaipur,2026-06-29,2026-06-29-1605,not_serviceable,0,
flipkart-minutes,302043,Jaipur,2026-06-29,2026-06-29-1605,not_serviceable,0,
flipkart-minutes,302044,Jaipur,2026-07-13,2026-07-13-0645,price_captured,3,1650
flipkart-minutes,302045,Jaipur,2026-07-13,2026-07-13-0645,price_captured,3,167
flipkart-minutes,302046,Jaipur,2026-07-13,2026-07-13-0645,price_captured,7,234
flipkart-minutes,303001,Jaipur,2026-06-29,2026-06-29-1605,not_serviceable,0,
flipkart-minutes,303002,Jaipur,2026-06-29,2026-06-29-1605,not_serviceable,0,
flipkart-minutes,303003,Jaipur,2026-06-29,2026-06-29-1605,not_serviceable,0,
flipkart-minutes,303005,Jaipur,2026-06-29,2026-06-29-1605,not_serviceable,0,
flipkart-minutes,303006,Jaipur,2026-06-29,2026-06-29-1605,not_serviceable,0,
flipkart-minutes,303007,Jaipur,2026-06-29,2026-06-29-1605,not_serviceable,0,
flipkart-minutes,303008,Jaipur,2026-06-29,2026-06-29-1605,not_serviceable,0,
flipkart-minutes,303009,Jaipur,2026-06-29,2026-06-29-1605,not_serviceable,0,
flipkart-minutes,303012,Jaipur,2026-06-29,2026-06-29-1605,not_serviceable,0,
flipkart-minutes,303102,Jaipur,2026-06-29,2026-06-29-1605,not_serviceable,0,
flipkart-minutes,303103,Jaipur,2026-06-29,2026-06-29-1605,not_serviceable,0,
flipkart-minutes,303104,Jaipur,2026-07-13,2026-07-13-0645,price_captured,1,24
flipkart-minutes,303105,Jaipur,2026-06-29,2026-06-29-1605,not_serviceable,0,
flipkart-minutes,303106,Jaipur,2026-06-29,2026-06-29-1605,not_serviceable,0,
flipkart-minutes,303107,Jaipur,2026-06-29,2026-06-29-1605,not_serviceable,0,
flipkart-minutes,303108,Jaipur,2026-06-29,2026-06-29-1605,not_serviceable,0,
flipkart-minutes,303109,Jaipur,2026-06-29,2026-06-29-1605,not_serviceable,0,
flipkart-minutes,303110,Jaipur,2026-06-29,2026-06-29-1605,not_serviceable,0,
flipkart-minutes,303119,Jaipur,2026-06-29,2026-06-29-1605,not_serviceable,0,
flipkart-minutes,303120,Jaipur,2026-06-29,2026-06-29-1605,not_serviceable,0,
flipkart-minutes,303121,Jaipur,2026-07-13,2026-07-13-0645,price_captured,1,24
flipkart-minutes,303122,Jaipur,2026-07-13,2026-07-13-0645,price_captured,1,24
flipkart-minutes,303123,Jaipur,2026-06-29,2026-06-29-1605,not_serviceable,0,
flipkart-minutes,303124,Jaipur,2026-06-29,2026-06-29-1605,not_serviceable,0,
flipkart-minutes,303301,Jaipur,2026-06-29,2026-06-29-1605,not_serviceable,0,
flipkart-minutes,303305,Jaipur,2026-06-29,2026-06-29-1605,not_serviceable,0,
flipkart-minutes,303328,Jaipur,2026-06-29,2026-06-29-1605,not_serviceable,0,
flipkart-minutes,303329,Jaipur,2026-06-29,2026-06-29-1605,not_serviceable,0,
flipkart-minutes,303338,Jaipur,2026-06-29,2026-06-29-1605,not_serviceable,0,
flipkart-minutes,303348,Jaipur,2026-06-29,2026-06-29-1605,not_serviceable,0,
flipkart-minutes,303601,Jaipur,2026-06-29,2026-06-29-1605,not_serviceable,0,
flipkart-minutes,303602,Jaipur,2026-07-13,2026-07-13-0645,not_serviceable,0,
flipkart-minutes,303603,Jaipur,2026-06-29,2026-06-29-1605,not_serviceable,0,
flipkart-minutes,303604,Jaipur,2026-06-29,2026-06-29-1605,not_serviceable,0,
flipkart-minutes,303701,Jaipur,2026-06-29,2026-06-29-1605,not_serviceable,0,
flipkart-minutes,303702,Jaipur,2026-06-29,2026-06-29-1605,not_serviceable,0,
flipkart-minutes,303704,Jaipur,2026-06-29,2026-06-29-1605,not_serviceable,0,
flipkart-minutes,303706,Jaipur,2026-06-29,2026-06-29-1605,not_serviceable,0,
flipkart-minutes,303712,Jaipur,2026-06-29,2026-06-29-1605,not_serviceable,0,
flipkart-minutes,303801,Jaipur,2026-06-29,2026-06-29-1605,not_serviceable,0,
flipkart-minutes,303803,Jaipur,2026-06-29,2026-06-29-1605,not_serviceable,0,
flipkart-minutes,303804,Jaipur,2026-06-29,2026-06-29-1605,not_serviceable,0,
flipkart-minutes,303805,Jaipur,2026-06-29,2026-06-29-1605,not_serviceable,0,
flipkart-minutes,303806,Jaipur,2026-06-29,2026-06-29-1605,not_serviceable,0,
flipkart-minutes,303807,Jaipur,2026-06-29,2026-06-29-1605,not_serviceable,0,
flipkart-minutes,303901,Jaipur,2026-06-29,2026-06-29-1605,not_serviceable,0,
flipkart-minutes,303903,Jaipur,2026-06-29,2026-06-29-1605,not_serviceable,0,
flipkart-minutes,303904,Jaipur,2026-06-29,2026-06-29-1605,not_serviceable,0,
flipkart-minutes,303905,Jaipur,2026-06-29,2026-06-29-1605,not_serviceable,0,
flipkart-minutes,303908,Jaipur,2026-06-29,2026-06-29-1605,not_serviceable,0,
flipkart-minutes,363423,Ahmedabad,2026-06-29,2026-06-29-1605,not_serviceable,0,
flipkart-minutes,380001,Ahmedabad,2026-06-29,2026-06-29-1605,not_serviceable,0,
flipkart-minutes,380002,Ahmedabad,2026-06-29,2026-06-29-1605,not_serviceable,0,
flipkart-minutes,380003,Ahmedabad,2026-07-13,2026-07-13-0645,price_captured,1,22
flipkart-minutes,380004,Ahmedabad,2026-07-13,2026-07-13-0645,price_captured,1,22
flipkart-minutes,380005,Ahmedabad,2026-06-29,2026-06-29-1605,not_serviceable,0,
flipkart-minutes,380006,Ahmedabad,2026-07-13,2026-07-13-0645,price_captured,1,22
flipkart-minutes,380007,Ahmedabad,2026-07-13,2026-07-13-0645,price_captured,1,22
flipkart-minutes,380008,Ahmedabad,2026-07-13,2026-07-13-0645,price_captured,3,250
flipkart-minutes,380009,Ahmedabad,2026-07-13,2026-07-13-0645,price_captured,2,250
flipkart-minutes,380013,Ahmedabad,2026-06-29,2026-06-29-1605,not_serviceable,0,
flipkart-minutes,380014,Ahmedabad,2026-06-29,2026-06-29-1605,not_serviceable,0,
flipkart-minutes,380015,Ahmedabad,2026-06-29,2026-06-29-1605,not_serviceable,0,
flipkart-minutes,380016,Ahmedabad,2026-07-13,2026-07-13-0645,price_captured,2,22
flipkart-minutes,380018,Ahmedabad,2026-06-29,2026-06-29-1605,not_serviceable,0,
flipkart-minutes,380019,Ahmedabad,2026-07-13,2026-07-13-0645,not_serviceable,0,
flipkart-minutes,380021,Ahmedabad,2026-06-29,2026-06-29-1605,not_serviceable,0,
flipkart-minutes,380022,Ahmedabad,2026-07-13,2026-07-13-0645,price_captured,3,250
flipkart-minutes,380023,Ahmedabad,2026-07-13,2026-07-13-0645,not_serviceable,0,
flipkart-minutes,380024,Ahmedabad,2026-07-13,2026-07-13-0645,not_serviceable,0,
flipkart-minutes,380026,Ahmedabad,2026-07-13,2026-07-13-0645,price_captured,3,250
flipkart-minutes,380027,Ahmedabad,2026-06-29,2026-06-29-1605,not_serviceable,0,
flipkart-minutes,380028,Ahmedabad,2026-07-13,2026-07-13-0645,price_captured,3,250
flipkart-minutes,380049,Ahmedabad,2026-07-13,2026-07-13-0645,not_serviceable,0,
flipkart-minutes,380050,Ahmedabad,2026-07-13,2026-07-13-0645,not_serviceable,0,
flipkart-minutes,380051,Ahmedabad,2026-07-13,2026-07-13-0645,price_captured,2,250
flipkart-minutes,380052,Ahmedabad,2026-06-29,2026-06-29-1605,not_serviceable,0,
flipkart-minutes,380054,Ahmedabad,2026-07-13,2026-07-13-0645,price_captured,3,250
flipkart-minutes,380055,Ahmedabad,2026-06-29,2026-06-29-1605,not_serviceable,0,
flipkart-minutes,380058,Ahmedabad,2026-07-13,2026-07-13-0645,price_captured,3,250
flipkart-minutes,380059,Ahmedabad,2026-07-13,2026-07-13-0645,price_captured,3,250
flipkart-minutes,380060,Ahmedabad,2026-06-29,2026-06-29-1605,not_serviceable,0,
flipkart-minutes,380061,Ahmedabad,2026-07-13,2026-07-13-0645,price_captured,3,250
flipkart-minutes,380063,Ahmedabad,2026-07-13,2026-07-13-0645,not_serviceable,0,
flipkart-minutes,382110,Ahmedabad,2026-06-29,2026-06-29-1605,not_serviceable,0,
flipkart-minutes,382115,Ahmedabad,2026-06-29,2026-06-29-1605,not_serviceable,0,
flipkart-minutes,382120,Ahmedabad,2026-06-29,2026-06-29-1605,not_serviceable,0,
flipkart-minutes,382130,Ahmedabad,2026-06-29,2026-06-29-1605,not_serviceable,0,
flipkart-minutes,382140,Ahmedabad,2026-06-29,2026-06-29-1605,not_serviceable,0,
flipkart-minutes,382145,Ahmedabad,2026-06-29,2026-06-29-1605,not_serviceable,0,
flipkart-minutes,382150,Ahmedabad,2026-06-29,2026-06-29-1605,not_serviceable,0,
flipkart-minutes,382170,Ahmedabad,2026-06-29,2026-06-29-1605,not_serviceable,0,
flipkart-minutes,382210,Ahmedabad,2026-06-29,2026-06-29-1605,not_serviceable,0,
flipkart-minutes,382213,Ahmedabad,2026-06-29,2026-06-29-1605,not_serviceable,0,
flipkart-minutes,382220,Ahmedabad,2026-06-29,2026-06-29-1605,not_serviceable,0,
flipkart-minutes,382225,Ahmedabad,2026-06-29,2026-06-29-1605,not_serviceable,0,
flipkart-minutes,382230,Ahmedabad,2026-06-29,2026-06-29-1605,not_serviceable,0,
flipkart-minutes,382240,Ahmedabad,2026-06-29,2026-06-29-1605,not_serviceable,0,
flipkart-minutes,382245,Ahmedabad,2026-06-29,2026-06-29-1605,not_serviceable,0,
flipkart-minutes,382250,Ahmedabad,2026-06-29,2026-06-29-1605,not_serviceable,0,
flipkart-minutes,382260,Ahmedabad,2026-06-29,2026-06-29-1605,not_serviceable,0,
flipkart-minutes,382265,Ahmedabad,2026-06-29,2026-06-29-1605,not_serviceable,0,
flipkart-minutes,382308,Ahmedabad,2026-06-29,2026-06-29-1605,not_serviceable,0,
flipkart-minutes,382330,Ahmedabad,2026-06-29,2026-06-29-1605,not_serviceable,0,
flipkart-minutes,382340,Ahmedabad,2026-06-29,2026-06-29-1605,not_serviceable,0,
flipkart-minutes,382345,Ahmedabad,2026-07-13,2026-07-13-0645,price_captured,2,22
flipkart-minutes,382350,Ahmedabad,2026-07-13,2026-07-13-0645,price_captured,2,22
flipkart-minutes,382405,Ahmedabad,2026-06-29,2026-06-29-1605,not_serviceable,0,
flipkart-minutes,382415,Ahmedabad,2026-07-13,2026-07-13-0645,not_serviceable,0,
flipkart-minutes,382418,Ahmedabad,2026-07-13,2026-07-13-0645,not_serviceable,0,
flipkart-minutes,382421,Ahmedabad,2026-06-29,2026-06-29-1605,not_serviceable,0,
flipkart-minutes,382424,Ahmedabad,2026-06-29,2026-06-29-1605,not_serviceable,0,
flipkart-minutes,382425,Ahmedabad,2026-06-29,2026-06-29-1605,not_serviceable,0,
flipkart-minutes,382427,Ahmedabad,2026-06-29,2026-06-29-1605,not_serviceable,0,
flipkart-minutes,382428,Ahmedabad,2026-06-29,2026-06-29-1605,not_serviceable,0,
flipkart-minutes,382430,Ahmedabad,2026-06-29,2026-06-29-1605,not_serviceable,0,
flipkart-minutes,382433,Ahmedabad,2026-06-29,2026-06-29-1605,not_serviceable,0,
flipkart-minutes,382435,Ahmedabad,2026-06-29,2026-06-29-1605,not_serviceable,0,
flipkart-minutes,382443,Ahmedabad,2026-07-13,2026-07-13-0645,price_captured,2,22
flipkart-minutes,382445,Ahmedabad,2026-07-13,2026-07-13-0645,not_serviceable,0,
flipkart-minutes,382449,Ahmedabad,2026-06-29,2026-06-29-1605,not_serviceable,0,
flipkart-minutes,382450,Ahmedabad,2026-06-29,2026-06-29-1605,not_serviceable,0,
flipkart-minutes,382455,Ahmedabad,2026-06-29,2026-06-29-1605,not_serviceable,0,
flipkart-minutes,382460,Ahmedabad,2026-06-29,2026-06-29-1605,not_serviceable,0,
flipkart-minutes,382463,Ahmedabad,2026-06-29,2026-06-29-1605,not_serviceable,0,
flipkart-minutes,382465,Ahmedabad,2026-06-29,2026-06-29-1605,not_serviceable,0,
flipkart-minutes,382470,Ahmedabad,2026-06-29,2026-06-29-1605,not_serviceable,0,
flipkart-minutes,382475,Ahmedabad,2026-06-29,2026-06-29-1605,not_serviceable,0,
flipkart-minutes,382480,Ahmedabad,2026-06-29,2026-06-29-1605,not_serviceable,0,
flipkart-minutes,382481,Ahmedabad,2026-06-29,2026-06-29-1605,not_serviceable,0,
flipkart-minutes,382722,Ahmedabad,2026-06-29,2026-06-29-1605,not_serviceable,0,
flipkart-minutes,390001,Vadodara,2026-06-29,2026-06-29-1605,not_serviceable,0,
flipkart-minutes,390002,Vadodara,2026-07-13,2026-07-13-0645,not_serviceable,0,
flipkart-minutes,390003,Vadodara,2026-06-29,2026-06-29-1605,not_serviceable,0,
flipkart-minutes,390004,Vadodara,2026-06-29,2026-06-29-1605,not_serviceable,0,
flipkart-minutes,390006,Vadodara,2026-07-13,2026-07-13-0645,not_serviceable,0,
flipkart-minutes,390007,Vadodara,2026-07-13,2026-07-13-0645,not_serviceable,0,
flipkart-minutes,390009,Vadodara,2026-06-29,2026-06-29-1605,not_serviceable,0,
flipkart-minutes,390010,Vadodara,2026-06-29,2026-06-29-1605,not_serviceable,0,
flipkart-minutes,390011,Vadodara,2026-06-29,2026-06-29-1605,not_serviceable,0,
flipkart-minutes,390012,Vadodara,2026-06-29,2026-06-29-1605,not_serviceable,0,
flipkart-minutes,390013,Vadodara,2026-07-13,2026-07-13-0645,not_serviceable,0,
flipkart-minutes,390014,Vadodara,2026-06-29,2026-06-29-1605,not_serviceable,0,
flipkart-minutes,390016,Vadodara,2026-07-13,2026-07-13-0645,not_serviceable,0,
flipkart-minutes,390017,Vadodara,2026-06-29,2026-06-29-1605,not_serviceable,0,
flipkart-minutes,390018,Vadodara,2026-06-29,2026-06-29-1605,not_serviceable,0,
flipkart-minutes,390019,Vadodara,2026-06-29,2026-06-29-1605,not_serviceable,0,
flipkart-minutes,390020,Vadodara,2026-07-13,2026-07-13-0645,not_serviceable,0,
flipkart-minutes,390021,Vadodara,2026-07-13,2026-07-13-0645,not_serviceable,0,
flipkart-minutes,390022,Vadodara,2026-06-29,2026-06-29-1605,not_serviceable,0,
flipkart-minutes,390023,Vadodara,2026-06-29,2026-06-29-1605,not_serviceable,0,
flipkart-minutes,390024,Vadodara,2026-07-13,2026-07-13-0645,not_serviceable,0,
flipkart-minutes,390025,Vadodara,2026-06-29,2026-06-29-1605,not_serviceable,0,
flipkart-minutes,391101,Vadodara,2026-06-29,2026-06-29-1605,not_serviceable,0,
flipkart-minutes,391105,Vadodara,2026-06-29,2026-06-29-1605,not_serviceable,0,
flipkart-minutes,391107,Vadodara,2026-06-29,2026-06-29-1605,not_serviceable,0,
flipkart-minutes,391110,Vadodara,2026-06-29,2026-06-29-1605,not_serviceable,0,
flipkart-minutes,391115,Vadodara,2026-06-29,2026-06-29-1605,not_serviceable,0,
flipkart-minutes,391210,Vadodara,2026-06-29,2026-06-29-1605,not_serviceable,0,
flipkart-minutes,391220,Vadodara,2026-06-29,2026-06-29-1605,not_serviceable,0,
flipkart-minutes,391240,Vadodara,2026-06-29,2026-06-29-1605,not_serviceable,0,
flipkart-minutes,391243,Vadodara,2026-06-29,2026-06-29-1605,not_serviceable,0,
flipkart-minutes,391244,Vadodara,2026-06-29,2026-06-29-1605,not_serviceable,0,
flipkart-minutes,391250,Vadodara,2026-06-29,2026-06-29-1605,not_serviceable,0,
flipkart-minutes,391310,Vadodara,2026-06-29,2026-06-29-1605,not_serviceable,0,
flipkart-minutes,391320,Vadodara,2026-07-13,2026-07-13-0645,not_serviceable,0,
flipkart-minutes,391330,Vadodara,2026-06-29,2026-06-29-1605,not_serviceable,0,
flipkart-minutes,391340,Vadodara,2026-06-29,2026-06-29-1605,not_serviceable,0,
flipkart-minutes,391345,Vadodara,2026-06-29,2026-06-29-1605,not_serviceable,0,
flipkart-minutes,391350,Vadodara,2026-06-29,2026-06-29-1605,not_serviceable,0,
flipkart-minutes,391410,Vadodara,2026-06-29,2026-06-29-1605,not_serviceable,0,
flipkart-minutes,391421,Vadodara,2026-06-29,2026-06-29-1605,not_serviceable,0,
flipkart-minutes,391430,Vadodara,2026-06-29,2026-06-29-1605,not_serviceable,0,
flipkart-minutes,391440,Vadodara,2026-06-29,2026-06-29-1605,not_serviceable,0,
flipkart-minutes,391445,Vadodara,2026-06-29,2026-06-29-1605,not_serviceable,0,
flipkart-minutes,391450,Vadodara,2026-06-29,2026-06-29-1605,not_serviceable,0,
flipkart-minutes,391510,Vadodara,2026-06-29,2026-06-29-1605,not_serviceable,0,
flipkart-minutes,391520,Vadodara,2026-06-29,2026-06-29-1605,not_serviceable,0,
flipkart-minutes,391530,Vadodara,2026-06-29,2026-06-29-1605,not_serviceable,0,
flipkart-minutes,391740,Vadodara,2026-06-29,2026-06-29-1605,not_serviceable,0,
flipkart-minutes,391745,Vadodara,2026-06-29,2026-06-29-1605,not_serviceable,0,
flipkart-minutes,391750,Vadodara,2026-06-29,2026-06-29-1605,not_serviceable,0,
flipkart-minutes,391760,Vadodara,2026-06-29,2026-06-29-1605,not_serviceable,0,
flipkart-minutes,391761,Vadodara,2026-06-29,2026-06-29-1605,not_serviceable,0,
flipkart-minutes,391770,Vadodara,2026-06-29,2026-06-29-1605,not_serviceable,0,
flipkart-minutes,391774,Vadodara,2026-06-29,2026-06-29-1605,not_serviceable,0,
flipkart-minutes,391775,Vadodara,2026-06-29,2026-06-29-1605,not_serviceable,0,
flipkart-minutes,391776,Vadodara,2026-06-29,2026-06-29-1605,not_serviceable,0,
flipkart-minutes,391780,Vadodara,2026-06-29,2026-06-29-1605,not_serviceable,0,
flipkart-minutes,392220,Vadodara,2026-06-29,2026-06-29-1605,not_serviceable,0,
flipkart-minutes,392310,Vadodara,2026-06-29,2026-06-29-1605,not_serviceable,0,
flipkart-minutes,393105,Vadodara,2026-06-29,2026-06-29-1605,not_serviceable,0,
flipkart-minutes,394101,Surat,2026-06-29,2026-06-29-1605,not_serviceable,0,
flipkart-minutes,394105,Surat,2026-06-29,2026-06-29-1605,not_serviceable,0,
flipkart-minutes,394107,Surat,2026-06-29,2026-06-29-1605,not_serviceable,0,
flipkart-minutes,394110,Surat,2026-06-29,2026-06-29-1605,not_serviceable,0,
flipkart-minutes,394111,Surat,2026-06-29,2026-06-29-1605,not_serviceable,0,
flipkart-minutes,394112,Surat,2026-06-29,2026-06-29-1605,not_serviceable,0,
flipkart-minutes,394120,Surat,2026-06-29,2026-06-29-1605,not_serviceable,0,
flipkart-minutes,394125,Surat,2026-06-29,2026-06-29-1605,not_serviceable,0,
flipkart-minutes,394130,Surat,2026-06-29,2026-06-29-1605,not_serviceable,0,
flipkart-minutes,394140,Surat,2026-06-29,2026-06-29-1605,not_serviceable,0,
flipkart-minutes,394150,Surat,2026-06-29,2026-06-29-1605,not_serviceable,0,
flipkart-minutes,394155,Surat,2026-06-29,2026-06-29-1605,not_serviceable,0,
flipkart-minutes,394160,Surat,2026-06-29,2026-06-29-1605,not_serviceable,0,
flipkart-minutes,394163,Surat,2026-06-29,2026-06-29-1605,not_serviceable,0,
flipkart-minutes,394170,Surat,2026-06-29,2026-06-29-1605,not_serviceable,0,
flipkart-minutes,394180,Surat,2026-06-29,2026-06-29-1605,not_serviceable,0,
flipkart-minutes,394185,Surat,2026-06-29,2026-06-29-1605,not_serviceable,0,
flipkart-minutes,394190,Surat,2026-06-29,2026-06-29-1605,not_serviceable,0,
flipkart-minutes,394210,Surat,2026-06-29,2026-06-29-1605,not_serviceable,0,
flipkart-minutes,394221,Surat,2026-06-29,2026-06-29-1605,not_serviceable,0,
flipkart-minutes,394230,Surat,2026-07-13,2026-07-13-0645,price_captured,1,22
flipkart-minutes,394235,Surat,2026-06-29,2026-06-29-1605,not_serviceable,0,
flipkart-minutes,394240,Surat,2026-06-29,2026-06-29-1605,not_serviceable,0,
flipkart-minutes,394245,Surat,2026-06-29,2026-06-29-1605,not_serviceable,0,
flipkart-minutes,394246,Surat,2026-06-29,2026-06-29-1605,not_serviceable,0,
flipkart-minutes,394248,Surat,2026-06-29,2026-06-29-1605,not_serviceable,0,
flipkart-minutes,394250,Surat,2026-06-29,2026-06-29-1605,not_serviceable,0,
flipkart-minutes,394270,Surat,2026-06-29,2026-06-29-1605,not_serviceable,0,
flipkart-minutes,394305,Surat,2026-06-29,2026-06-29-1605,not_serviceable,0,
flipkart-minutes,394310,Surat,2026-06-29,2026-06-29-1605,not_serviceable,0,
flipkart-minutes,394315,Surat,2026-06-29,2026-06-29-1605,not_serviceable,0,
flipkart-minutes,394317,Surat,2026-06-29,2026-06-29-1605,not_serviceable,0,
flipkart-minutes,394320,Surat,2026-06-29,2026-06-29-1605,not_serviceable,0,
flipkart-minutes,394325,Surat,2026-06-29,2026-06-29-1605,not_serviceable,0,
flipkart-minutes,394326,Surat,2026-06-29,2026-06-29-1605,not_serviceable,0,
flipkart-minutes,394327,Surat,2026-06-29,2026-06-29-1605,not_serviceable,0,
flipkart-minutes,394330,Surat,2026-06-29,2026-06-29-1605,not_serviceable,0,
flipkart-minutes,394335,Surat,2026-06-29,2026-06-29-1605,not_serviceable,0,
flipkart-minutes,394340,Surat,2026-06-29,2026-06-29-1605,not_serviceable,0,
flipkart-minutes,394345,Surat,2026-06-29,2026-06-29-1605,not_serviceable,0,
flipkart-minutes,394350,Surat,2026-06-29,2026-06-29-1605,not_serviceable,0,
flipkart-minutes,394352,Surat,2026-06-29,2026-06-29-1605,not_serviceable,0,
flipkart-minutes,394355,Surat,2026-06-29,2026-06-29-1605,not_serviceable,0,
flipkart-minutes,394360,Surat,2026-06-29,2026-06-29-1605,not_serviceable,0,
flipkart-minutes,394405,Surat,2026-06-29,2026-06-29-1605,not_serviceable,0,
flipkart-minutes,394410,Surat,2026-06-29,2026-06-29-1605,not_serviceable,0,
flipkart-minutes,394421,Surat,2026-06-29,2026-06-29-1605,not_serviceable,0,
flipkart-minutes,394430,Surat,2026-06-29,2026-06-29-1605,not_serviceable,0,
flipkart-minutes,394440,Surat,2026-06-29,2026-06-29-1605,not_serviceable,0,
flipkart-minutes,394445,Surat,2026-06-29,2026-06-29-1605,not_serviceable,0,
flipkart-minutes,394510,Surat,2026-06-29,2026-06-29-1605,not_serviceable,0,
flipkart-minutes,394515,Surat,2026-06-29,2026-06-29-1605,not_serviceable,0,
flipkart-minutes,394516,Surat,2026-06-29,2026-06-29-1605,not_serviceable,0,
flipkart-minutes,394517,Surat,2026-06-29,2026-06-29-1605,not_serviceable,0,
flipkart-minutes,394518,Surat,2026-06-29,2026-06-29-1605,not_serviceable,0,
flipkart-minutes,394520,Surat,2026-06-29,2026-06-29-1605,not_serviceable,0,
flipkart-minutes,394530,Surat,2026-06-29,2026-06-29-1605,not_serviceable,0,
flipkart-minutes,394540,Surat,2026-06-29,2026-06-29-1605,not_serviceable,0,
flipkart-minutes,394541,Surat,2026-06-29,2026-06-29-1605,not_serviceable,0,
flipkart-minutes,394550,Surat,2026-06-29,2026-06-29-1605,not_serviceable,0,
flipkart-minutes,394601,Surat,2026-06-29,2026-06-29-1605,not_serviceable,0,
flipkart-minutes,394620,Surat,2026-06-29,2026-06-29-1605,not_serviceable,0,
flipkart-minutes,394651,Surat,2026-06-29,2026-06-29-1605,not_serviceable,0,
flipkart-minutes,395001,Surat,2026-06-29,2026-06-29-1605,not_serviceable,0,
flipkart-minutes,395002,Surat,2026-06-29,2026-06-29-1605,not_serviceable,0,
flipkart-minutes,395003,Surat,2026-06-29,2026-06-29-1605,not_serviceable,0,
flipkart-minutes,395004,Surat,2026-06-29,2026-06-29-1605,not_serviceable,0,
flipkart-minutes,395005,Surat,2026-06-29,2026-06-29-1605,not_serviceable,0,
flipkart-minutes,395006,Surat,2026-06-29,2026-06-29-1605,not_serviceable,0,
flipkart-minutes,395007,Surat,2026-06-29,2026-06-29-1605,not_serviceable,0,
flipkart-minutes,395008,Surat,2026-06-29,2026-06-29-1605,not_serviceable,0,
flipkart-minutes,395009,Surat,2026-07-13,2026-07-13-0645,price_captured,1,22
flipkart-minutes,395010,Surat,2026-06-29,2026-06-29-1605,not_serviceable,0,
flipkart-minutes,395011,Surat,2026-06-29,2026-06-29-1605,not_serviceable,0,
flipkart-minutes,395012,Surat,2026-06-29,2026-06-29-1605,not_serviceable,0,
flipkart-minutes,395013,Surat,2026-06-29,2026-06-29-1605,not_serviceable,0,
flipkart-minutes,395017,Surat,2026-06-29,2026-06-29-1605,not_serviceable,0,
flipkart-minutes,395023,Surat,2026-06-29,2026-06-29-1605,not_serviceable,0,
flipkart-minutes,396510,Surat,2026-06-29,2026-06-29-1605,not_serviceable,0,
flipkart-minutes,400001,Mumbai,2026-07-13,2026-07-13-0645,price_captured,1,236
flipkart-minutes,400002,Mumbai,2026-07-13,2026-07-13-0645,price_captured,3,236
flipkart-minutes,400003,Mumbai,2026-07-13,2026-07-13-0645,price_captured,3,236
flipkart-minutes,400004,Mumbai,2026-07-13,2026-07-13-0645,price_captured,3,236
flipkart-minutes,400005,Mumbai,2026-07-13,2026-07-13-0645,not_serviceable,0,
flipkart-minutes,400006,Mumbai,2026-07-13,2026-07-13-0645,price_captured,1,236
flipkart-minutes,400007,Mumbai,2026-07-13,2026-07-13-0645,price_captured,3,236
flipkart-minutes,400008,Mumbai,2026-07-13,2026-07-13-0645,price_captured,3,236
flipkart-minutes,400009,Mumbai,2026-07-13,2026-07-13-0645,price_captured,3,236
flipkart-minutes,400010,Mumbai,2026-07-13,2026-07-13-0645,price_captured,3,236
flipkart-minutes,400011,Mumbai,2026-07-13,2026-07-13-0645,price_captured,3,236
flipkart-minutes,400012,Mumbai,2026-07-13,2026-07-13-0645,price_captured,1,236
flipkart-minutes,400013,Mumbai,2026-07-13,2026-07-13-0645,price_captured,1,236
flipkart-minutes,400014,Mumbai,2026-07-13,2026-07-13-0645,price_captured,1,22
flipkart-minutes,400015,Mumbai,2026-07-13,2026-07-13-0645,price_captured,1,236
flipkart-minutes,400016,Mumbai,2026-07-13,2026-07-13-0645,price_captured,2,236
flipkart-minutes,400017,Mumbai,2026-07-13,2026-07-13-0645,price_captured,1,236
flipkart-minutes,400018,Mumbai,2026-07-13,2026-07-13-0645,not_serviceable,0,
flipkart-minutes,400019,Mumbai,2026-07-13,2026-07-13-0645,price_captured,1,22
flipkart-minutes,400020,Mumbai,2026-07-13,2026-07-13-0645,not_serviceable,0,
flipkart-minutes,400021,Mumbai,2026-07-13,2026-07-13-0645,not_serviceable,0,
flipkart-minutes,400022,Mumbai,2026-07-13,2026-07-13-0645,price_captured,2,236
flipkart-minutes,400024,Mumbai,2026-07-13,2026-07-13-0645,not_serviceable,0,
flipkart-minutes,400025,Mumbai,2026-07-13,2026-07-13-0645,price_captured,3,236
flipkart-minutes,400026,Mumbai,2026-07-13,2026-07-13-0645,price_captured,3,236
flipkart-minutes,400027,Mumbai,2026-07-13,2026-07-13-0645,price_captured,3,236
flipkart-minutes,400028,Mumbai,2026-07-13,2026-07-13-0645,not_serviceable,0,
flipkart-minutes,400029,Mumbai,2026-07-13,2026-07-13-0645,not_serviceable,0,
flipkart-minutes,400030,Mumbai,2026-07-13,2026-07-13-0645,not_serviceable,0,
flipkart-minutes,400031,Mumbai,2026-07-13,2026-07-13-0645,price_captured,1,22
flipkart-minutes,400032,Mumbai,2026-07-13,2026-07-13-0645,price_captured,3,236
flipkart-minutes,400033,Mumbai,2026-07-13,2026-07-13-0645,price_captured,3,236
flipkart-minutes,400034,Mumbai,2026-07-13,2026-07-13-0645,not_serviceable,0,
flipkart-minutes,400035,Mumbai,2026-07-13,2026-07-13-0645,price_captured,3,236
flipkart-minutes,400037,Mumbai,2026-07-13,2026-07-13-0645,price_captured,2,236
flipkart-minutes,400042,Mumbai,2026-07-13,2026-07-13-0645,not_serviceable,0,
flipkart-minutes,400043,Mumbai,2026-07-13,2026-07-13-0645,price_captured,3,236
flipkart-minutes,400049,Mumbai,2026-07-13,2026-07-13-0645,price_captured,3,236
flipkart-minutes,400050,Mumbai,2026-07-13,2026-07-13-0645,not_serviceable,0,
flipkart-minutes,400051,Mumbai,2026-07-13,2026-07-13-0645,not_serviceable,0,
flipkart-minutes,400052,Mumbai,2026-07-13,2026-07-13-0645,not_serviceable,0,
flipkart-minutes,400053,Mumbai,2026-07-13,2026-07-13-0645,price_captured,3,236
flipkart-minutes,400054,Mumbai,2026-07-13,2026-07-13-0645,not_serviceable,0,
flipkart-minutes,400055,Mumbai,2026-07-13,2026-07-13-0645,price_captured,1,22
flipkart-minutes,400056,Mumbai,2026-07-13,2026-07-13-0645,price_captured,3,236
flipkart-minutes,400057,Mumbai,2026-07-13,2026-07-13-0645,price_captured,3,236
flipkart-minutes,400058,Mumbai,2026-07-13,2026-07-13-0645,not_serviceable,0,
flipkart-minutes,400059,Mumbai,2026-07-13,2026-07-13-0645,not_serviceable,0,
flipkart-minutes,400060,Mumbai,2026-07-13,2026-07-13-0645,not_serviceable,0,
flipkart-minutes,400061,Mumbai,2026-07-13,2026-07-13-0645,not_serviceable,0,
flipkart-minutes,400063,Mumbai,2026-07-13,2026-07-13-0645,price_captured,1,22
flipkart-minutes,400064,Mumbai,2026-07-13,2026-07-13-0645,not_serviceable,0,
flipkart-minutes,400065,Mumbai,2026-07-13,2026-07-13-0645,not_serviceable,0,
flipkart-minutes,400066,Mumbai,2026-07-13,2026-07-13-0645,price_captured,2,22
flipkart-minutes,400067,Mumbai,2026-07-13,2026-07-13-0645,price_captured,3,250
flipkart-minutes,400068,Mumbai,2026-07-13,2026-07-13-0645,price_captured,2,236
flipkart-minutes,400069,Mumbai,2026-07-13,2026-07-13-0645,not_serviceable,0,
flipkart-minutes,400070,Mumbai,2026-07-13,2026-07-13-0645,price_captured,3,236
flipkart-minutes,400071,Mumbai,2026-07-13,2026-07-13-0645,price_captured,3,236
flipkart-minutes,400072,Mumbai,2026-07-13,2026-07-13-0645,price_captured,3,236
flipkart-minutes,400074,Mumbai,2026-07-13,2026-07-13-0645,price_captured,1,22
flipkart-minutes,400075,Mumbai,2026-07-13,2026-07-13-0645,not_serviceable,0,
flipkart-minutes,400076,Mumbai,2026-07-13,2026-07-13-0645,not_serviceable,0,
flipkart-minutes,400077,Mumbai,2026-07-13,2026-07-13-0645,not_serviceable,0,
flipkart-minutes,400078,Mumbai,2026-07-13,2026-07-13-0645,price_captured,3,236
flipkart-minutes,400079,Mumbai,2026-07-13,2026-07-13-0645,price_captured,3,236
flipkart-minutes,400080,Mumbai,2026-07-13,2026-07-13-0645,not_serviceable,0,
flipkart-minutes,400081,Mumbai,2026-07-13,2026-07-13-0645,not_serviceable,0,
flipkart-minutes,400082,Mumbai,2026-07-13,2026-07-13-0645,not_serviceable,0,
flipkart-minutes,400083,Mumbai,2026-07-13,2026-07-13-0645,not_serviceable,0,
flipkart-minutes,400084,Mumbai,2026-07-13,2026-07-13-0645,not_serviceable,0,
flipkart-minutes,400085,Mumbai,2026-07-13,2026-07-13-0645,price_captured,1,22
flipkart-minutes,400086,Mumbai,2026-07-13,2026-07-13-0645,price_captured,3,236
flipkart-minutes,400087,Mumbai,2026-07-13,2026-07-13-0645,not_serviceable,0,
flipkart-minutes,400088,Mumbai,2026-07-13,2026-07-13-0645,price_captured,3,236
flipkart-minutes,400089,Mumbai,2026-07-13,2026-07-13-0645,not_serviceable,0,
flipkart-minutes,400091,Mumbai,2026-07-13,2026-07-13-0645,price_captured,2,22
flipkart-minutes,400092,Mumbai,2026-07-13,2026-07-13-0645,price_captured,3,236
flipkart-minutes,400093,Mumbai,2026-07-13,2026-07-13-0645,price_captured,1,22
flipkart-minutes,400094,Mumbai,2026-07-13,2026-07-13-0645,price_captured,1,22
flipkart-minutes,400095,Mumbai,2026-07-13,2026-07-13-0645,not_serviceable,0,
flipkart-minutes,400096,Mumbai,2026-07-13,2026-07-13-0645,price_captured,1,22
flipkart-minutes,400097,Mumbai,2026-07-13,2026-07-13-0645,price_captured,3,250
flipkart-minutes,400098,Mumbai,2026-07-13,2026-07-13-0645,price_captured,1,22
flipkart-minutes,400099,Mumbai,2026-07-13,2026-07-13-0645,not_serviceable,0,
flipkart-minutes,400101,Mumbai,2026-07-13,2026-07-13-0645,not_serviceable,0,
flipkart-minutes,400102,Mumbai,2026-07-13,2026-07-13-0645,price_captured,3,150
flipkart-minutes,400103,Mumbai,2026-07-13,2026-07-13-0645,price_captured,2,236
flipkart-minutes,400104,Mumbai,2026-07-13,2026-07-13-0645,price_captured,1,22
flipkart-minutes,410301,Pune,2026-07-13,2026-07-13-0645,not_serviceable,0,
flipkart-minutes,410302,Pune,2026-07-13,2026-07-13-0645,not_serviceable,0,
flipkart-minutes,410401,Pune,2026-07-13,2026-07-13-0645,not_serviceable,0,
flipkart-minutes,410402,Pune,2026-07-13,2026-07-13-0645,not_serviceable,0,
flipkart-minutes,410403,Pune,2026-07-13,2026-07-13-0645,not_serviceable,0,
flipkart-minutes,410405,Pune,2026-07-13,2026-07-13-0645,not_serviceable,0,
flipkart-minutes,410406,Pune,2026-07-13,2026-07-13-0645,not_serviceable,0,
flipkart-minutes,410501,Pune,2026-07-13,2026-07-13-0645,not_serviceable,0,
flipkart-minutes,410502,Pune,2026-07-13,2026-07-13-0645,not_serviceable,0,
flipkart-minutes,410503,Pune,2026-07-13,2026-07-13-0645,not_serviceable,0,
flipkart-minutes,410504,Pune,2026-07-13,2026-07-13-0645,not_serviceable,0,
flipkart-minutes,410505,Pune,2026-07-13,2026-07-13-0645,not_serviceable,0,
flipkart-minutes,410506,Pune,2026-07-13,2026-07-13-0645,not_serviceable,0,
flipkart-minutes,410507,Pune,2026-07-13,2026-07-13-0645,not_serviceable,0,
flipkart-minutes,410508,Pune,2026-07-13,2026-07-13-0645,not_serviceable,0,
flipkart-minutes,410509,Pune,2026-07-13,2026-07-13-0645,not_serviceable,0,
flipkart-minutes,410510,Pune,2026-07-13,2026-07-13-0645,not_serviceable,0,
flipkart-minutes,410511,Pune,2026-07-13,2026-07-13-0645,not_serviceable,0,
flipkart-minutes,410512,Pune,2026-07-13,2026-07-13-0645,not_serviceable,0,
flipkart-minutes,410513,Pune,2026-07-13,2026-07-13-0645,not_serviceable,0,
flipkart-minutes,410515,Pune,2026-07-13,2026-07-13-0645,not_serviceable,0,
flipkart-minutes,410516,Pune,2026-07-13,2026-07-13-0645,not_serviceable,0,
flipkart-minutes,411001,Pune,2026-07-13,2026-07-13-0645,not_serviceable,0,
flipkart-minutes,411002,Pune,2026-07-13,2026-07-13-0645,not_serviceable,0,
flipkart-minutes,411003,Pune,2026-07-13,2026-07-13-0645,not_serviceable,0,
flipkart-minutes,411004,Pune,2026-07-13,2026-07-13-0645,not_serviceable,0,
flipkart-minutes,411005,Pune,2026-07-13,2026-07-13-0645,not_serviceable,0,
flipkart-minutes,411006,Pune,2026-07-13,2026-07-13-0645,not_serviceable,0,
flipkart-minutes,411007,Pune,2026-07-13,2026-07-13-0645,price_captured,1,22
flipkart-minutes,411008,Pune,2026-07-13,2026-07-13-0645,price_captured,1,22
flipkart-minutes,411009,Pune,2026-07-13,2026-07-13-0645,not_serviceable,0,
flipkart-minutes,411011,Pune,2026-07-13,2026-07-13-0645,not_serviceable,0,
flipkart-minutes,411012,Pune,2026-07-13,2026-07-13-0645,price_captured,1,20
flipkart-minutes,411013,Pune,2026-07-13,2026-07-13-0645,not_serviceable,0,
flipkart-minutes,411014,Pune,2026-07-13,2026-07-13-0645,price_captured,3,250
flipkart-minutes,411015,Pune,2026-07-13,2026-07-13-0645,not_serviceable,0,
flipkart-minutes,411016,Pune,2026-07-13,2026-07-13-0645,price_captured,1,22
flipkart-minutes,411017,Pune,2026-07-13,2026-07-13-0645,not_serviceable,0,
flipkart-minutes,411018,Pune,2026-07-13,2026-07-13-0645,not_serviceable,0,
flipkart-minutes,411019,Pune,2026-07-13,2026-07-13-0645,not_serviceable,0,
flipkart-minutes,411020,Pune,2026-07-13,2026-07-13-0645,price_captured,1,22
flipkart-minutes,411021,Pune,2026-07-13,2026-07-13-0645,not_serviceable,0,
flipkart-minutes,411022,Pune,2026-07-13,2026-07-13-0645,price_captured,1,22
flipkart-minutes,411023,Pune,2026-07-13,2026-07-13-0645,price_captured,1,22
flipkart-minutes,411024,Pune,2026-07-13,2026-07-13-0645,not_serviceable,0,
flipkart-minutes,411025,Pune,2026-07-13,2026-07-13-0645,not_serviceable,0,
flipkart-minutes,411026,Pune,2026-07-13,2026-07-13-0645,price_captured,2,975
flipkart-minutes,411027,Pune,2026-07-13,2026-07-13-0645,price_captured,1,20
flipkart-minutes,411028,Pune,2026-07-13,2026-07-13-0645,price_captured,1,22
flipkart-minutes,411030,Pune,2026-07-13,2026-07-13-0645,not_serviceable,0,
flipkart-minutes,411031,Pune,2026-07-13,2026-07-13-0645,not_serviceable,0,
flipkart-minutes,411032,Pune,2026-07-13,2026-07-13-0645,not_serviceable,0,
flipkart-minutes,411033,Pune,2026-07-13,2026-07-13-0645,not_serviceable,0,
flipkart-minutes,411034,Pune,2026-07-13,2026-07-13-0645,not_serviceable,0,
flipkart-minutes,411035,Pune,2026-07-13,2026-07-13-0645,not_serviceable,0,
flipkart-minutes,411036,Pune,2026-07-13,2026-07-13-0645,not_serviceable,0,
flipkart-minutes,411037,Pune,2026-07-13,2026-07-13-0645,not_serviceable,0,
flipkart-minutes,411038,Pune,2026-07-13,2026-07-13-0645,price_captured,3,250
flipkart-minutes,411039,Pune,2026-07-13,2026-07-13-0645,price_captured,2,975
flipkart-minutes,411040,Pune,2026-07-13,2026-07-13-0645,not_serviceable,0,
flipkart-minutes,411041,Pune,2026-07-13,2026-07-13-0645,not_serviceable,0,
flipkart-minutes,411042,Pune,2026-07-13,2026-07-13-0645,not_serviceable,0,
flipkart-minutes,411043,Pune,2026-07-13,2026-07-13-0645,price_captured,3,250
flipkart-minutes,411044,Pune,2026-07-13,2026-07-13-0645,not_serviceable,0,
flipkart-minutes,411045,Pune,2026-07-13,2026-07-13-0645,price_captured,1,22
flipkart-minutes,411046,Pune,2026-07-13,2026-07-13-0645,price_captured,3,250
flipkart-minutes,411047,Pune,2026-07-13,2026-07-13-0645,price_captured,3,250
flipkart-minutes,411048,Pune,2026-07-13,2026-07-13-0645,not_serviceable,0,
flipkart-minutes,411051,Pune,2026-07-13,2026-07-13-0645,not_serviceable,0,
flipkart-minutes,411052,Pune,2026-07-13,2026-07-13-0645,price_captured,3,250
flipkart-minutes,411057,Pune,2026-07-13,2026-07-13-0645,not_serviceable,0,
flipkart-minutes,411058,Pune,2026-07-13,2026-07-13-0645,price_captured,3,250
flipkart-minutes,411060,Pune,2026-07-13,2026-07-13-0645,not_serviceable,0,
flipkart-minutes,411061,Pune,2026-07-13,2026-07-13-0645,not_serviceable,0,
flipkart-minutes,411062,Pune,2026-07-13,2026-07-13-0645,not_serviceable,0,
flipkart-minutes,411067,Pune,2026-07-13,2026-07-13-0645,not_serviceable,0,
flipkart-minutes,411068,Pune,2026-07-13,2026-07-13-0645,price_captured,3,250
flipkart-minutes,411069,Pune,2026-07-13,2026-07-13-0645,price_captured,1,22
flipkart-minutes,412101,Pune,2026-07-13,2026-07-13-0645,price_captured,3,250
flipkart-minutes,412102,Pune,2026-07-13,2026-07-13-0645,not_serviceable,0,
flipkart-minutes,412103,Pune,2026-07-13,2026-07-13-0645,not_serviceable,0,
flipkart-minutes,412104,Pune,2026-07-13,2026-07-13-0645,not_serviceable,0,
flipkart-minutes,412105,Pune,2026-07-13,2026-07-13-0645,not_serviceable,0,
flipkart-minutes,412106,Pune,2026-07-13,2026-07-13-0645,not_serviceable,0,
flipkart-minutes,412107,Pune,2026-07-13,2026-07-13-0645,not_serviceable,0,
flipkart-minutes,412108,Pune,2026-07-13,2026-07-13-0645,not_serviceable,0,
flipkart-minutes,412109,Pune,2026-07-13,2026-07-13-0645,not_serviceable,0,
flipkart-minutes,412110,Pune,2026-07-13,2026-07-13-0645,not_serviceable,0,
flipkart-minutes,412112,Pune,2026-07-13,2026-07-13-0645,not_serviceable,0,
flipkart-minutes,412115,Pune,2026-07-13,2026-07-13-0645,not_serviceable,0,
flipkart-minutes,412201,Pune,2026-07-13,2026-07-13-0645,not_serviceable,0,
flipkart-minutes,412202,Pune,2026-07-13,2026-07-13-0645,not_serviceable,0,
flipkart-minutes,412203,Pune,2026-07-13,2026-07-13-0645,not_serviceable,0,
flipkart-minutes,412204,Pune,2026-07-13,2026-07-13-0645,not_serviceable,0,
flipkart-minutes,412205,Pune,2026-07-13,2026-07-13-0645,price_captured,1,22
flipkart-minutes,412206,Pune,2026-07-13,2026-07-13-0645,not_serviceable,0,
flipkart-minutes,412207,Pune,2026-07-13,2026-07-13-0645,not_serviceable,0,
flipkart-minutes,412208,Pune,2026-07-13,2026-07-13-0645,price_captured,1,22
flipkart-minutes,412209,Pune,2026-07-13,2026-07-13-0645,not_serviceable,0,
flipkart-minutes,412210,Pune,2026-07-13,2026-07-13-0645,not_serviceable,0,
flipkart-minutes,412211,Pune,2026-07-13,2026-07-13-0645,not_serviceable,0,
flipkart-minutes,412212,Pune,2026-07-13,2026-07-13-0645,not_serviceable,0,
flipkart-minutes,412213,Pune,2026-07-13,2026-07-13-0645,not_serviceable,0,
flipkart-minutes,412214,Pune,2026-07-13,2026-07-13-0645,not_serviceable,0,
flipkart-minutes,412215,Pune,2026-07-13,2026-07-13-0645,not_serviceable,0,
flipkart-minutes,412216,Pune,2026-07-13,2026-07-13-0645,not_serviceable,0,
flipkart-minutes,412218,Pune,2026-07-13,2026-07-13-0645,not_serviceable,0,
flipkart-minutes,412219,Pune,2026-07-13,2026-07-13-0645,not_serviceable,0,
flipkart-minutes,412220,Pune,2026-07-13,2026-07-13-0645,not_serviceable,0,
flipkart-minutes,412301,Pune,2026-07-13,2026-07-13-0645,not_serviceable,0,
flipkart-minutes,412303,Pune,2026-07-13,2026-07-13-0645,not_serviceable,0,
flipkart-minutes,412304,Pune,2026-07-13,2026-07-13-0645,not_serviceable,0,
flipkart-minutes,412305,Pune,2026-07-13,2026-07-13-0645,not_serviceable,0,
flipkart-minutes,412306,Pune,2026-07-13,2026-07-13-0645,not_serviceable,0,
flipkart-minutes,412307,Pune,2026-07-13,2026-07-13-0645,not_serviceable,0,
flipkart-minutes,412308,Pune,2026-07-13,2026-07-13-0645,not_serviceable,0,
flipkart-minutes,412311,Pune,2026-07-13,2026-07-13-0645,not_serviceable,0,
flipkart-minutes,412312,Pune,2026-07-13,2026-07-13-0645,not_serviceable,0,
flipkart-minutes,412401,Pune,2026-07-13,2026-07-13-0645,not_serviceable,0,
flipkart-minutes,412402,Pune,2026-07-13,2026-07-13-0645,not_serviceable,0,
flipkart-minutes,412403,Pune,2026-07-13,2026-07-13-0645,not_serviceable,0,
flipkart-minutes,412404,Pune,2026-07-13,2026-07-13-0645,not_serviceable,0,
flipkart-minutes,412405,Pune,2026-07-13,2026-07-13-0645,not_serviceable,0,
flipkart-minutes,412406,Pune,2026-07-13,2026-07-13-0645,not_serviceable,0,
flipkart-minutes,412408,Pune,2026-07-13,2026-07-13-0645,not_serviceable,0,
flipkart-minutes,412409,Pune,2026-07-13,2026-07-13-0645,not_serviceable,0,
flipkart-minutes,412410,Pune,2026-07-13,2026-07-13-0645,not_serviceable,0,
flipkart-minutes,412411,Pune,2026-07-13,2026-07-13-0645,not_serviceable,0,
flipkart-minutes,412412,Pune,2026-07-13,2026-07-13-0645,not_serviceable,0,
flipkart-minutes,413102,Pune,2026-07-13,2026-07-13-0645,not_serviceable,0,
flipkart-minutes,413103,Pune,2026-07-13,2026-07-13-0645,not_serviceable,0,
flipkart-minutes,413104,Pune,2026-07-13,2026-07-13-0645,not_serviceable,0,
flipkart-minutes,413105,Pune,2026-07-13,2026-07-13-0645,not_serviceable,0,
flipkart-minutes,413106,Pune,2026-07-13,2026-07-13-0645,not_serviceable,0,
flipkart-minutes,413110,Pune,2026-07-13,2026-07-13-0645,not_serviceable,0,
flipkart-minutes,413114,Pune,2026-07-13,2026-07-13-0645,not_serviceable,0,
flipkart-minutes,413115,Pune,2026-07-13,2026-07-13-0645,not_serviceable,0,
flipkart-minutes,413116,Pune,2026-07-13,2026-07-13-0645,not_serviceable,0,
flipkart-minutes,413120,Pune,2026-07-13,2026-07-13-0645,not_serviceable,0,
flipkart-minutes,413130,Pune,2026-07-13,2026-07-13-0645,not_serviceable,0,
flipkart-minutes,413132,Pune,2026-07-13,2026-07-13-0645,not_serviceable,0,
flipkart-minutes,413133,Pune,2026-07-13,2026-07-13-0645,not_serviceable,0,
flipkart-minutes,413211,Pune,2026-07-13,2026-07-13-0645,not_serviceable,0,
flipkart-minutes,413801,Pune,2026-07-13,2026-07-13-0645,not_serviceable,0,
flipkart-minutes,413802,Pune,2026-07-13,2026-07-13-0645,not_serviceable,0,
flipkart-minutes,422001,Nashik,2026-07-13,2026-07-13-0645,not_serviceable,0,
flipkart-minutes,422002,Nashik,2026-07-13,2026-07-13-0645,price_captured,1,22
flipkart-minutes,422003,Nashik,2026-07-13,2026-07-13-0645,not_serviceable,0,
flipkart-minutes,422004,Nashik,2026-07-13,2026-07-13-0645,not_serviceable,0,
flipkart-minutes,422005,Nashik,2026-07-13,2026-07-13-0645,price_captured,1,22
flipkart-minutes,422006,Nashik,2026-07-13,2026-07-13-0645,not_serviceable,0,
flipkart-minutes,422007,Nashik,2026-07-13,2026-07-13-0645,not_serviceable,0,
flipkart-minutes,422008,Nashik,2026-07-13,2026-07-13-0645,price_captured,1,22
flipkart-minutes,422009,Nashik,2026-07-13,2026-07-13-0645,price_captured,1,22
flipkart-minutes,422010,Nashik,2026-07-13,2026-07-13-0645,not_serviceable,0,
flipkart-minutes,422011,Nashik,2026-07-13,2026-07-13-0645,price_captured,1,22
flipkart-minutes,422012,Nashik,2026-07-13,2026-07-13-0645,price_captured,1,22
flipkart-minutes,422013,Nashik,2026-07-13,2026-07-13-0645,not_serviceable,0,
flipkart-minutes,422101,Nashik,2026-07-13,2026-07-13-0645,not_serviceable,0,
flipkart-minutes,422102,Nashik,2026-07-13,2026-07-13-0645,not_serviceable,0,
flipkart-minutes,422103,Nashik,2026-07-13,2026-07-13-0645,not_serviceable,0,
flipkart-minutes,422104,Nashik,2026-07-13,2026-07-13-0645,not_serviceable,0,
flipkart-minutes,422105,Nashik,2026-07-13,2026-07-13-0645,not_serviceable,0,
flipkart-minutes,422112,Nashik,2026-07-13,2026-07-13-0645,not_serviceable,0,
flipkart-minutes,422113,Nashik,2026-07-13,2026-07-13-0645,not_serviceable,0,
flipkart-minutes,422201,Nashik,2026-07-13,2026-07-13-0645,not_serviceable,0,
flipkart-minutes,422202,Nashik,2026-07-13,2026-07-13-0645,not_serviceable,0,
flipkart-minutes,422203,Nashik,2026-07-13,2026-07-13-0645,not_serviceable,0,
flipkart-minutes,422204,Nashik,2026-07-13,2026-07-13-0645,not_serviceable,0,
flipkart-minutes,422205,Nashik,2026-07-13,2026-07-13-0645,not_serviceable,0,
flipkart-minutes,422206,Nashik,2026-07-13,2026-07-13-0645,not_serviceable,0,
flipkart-minutes,422207,Nashik,2026-07-13,2026-07-13-0645,not_serviceable,0,
flipkart-minutes,422208,Nashik,2026-07-13,2026-07-13-0645,not_serviceable,0,
flipkart-minutes,422209,Nashik,2026-07-13,2026-07-13-0645,not_serviceable,0,
flipkart-minutes,422210,Nashik,2026-07-13,2026-07-13-0645,not_serviceable,0,
flipkart-minutes,422211,Nashik,2026-07-13,2026-07-13-0645,not_serviceable,0,
flipkart-minutes,422212,Nashik,2026-07-13,2026-07-13-0645,not_serviceable,0,
flipkart-minutes,422213,Nashik,2026-07-13,2026-07-13-0645,not_serviceable,0,
flipkart-minutes,422214,Nashik,2026-07-13,2026-07-13-0645,not_serviceable,0,
flipkart-minutes,422215,Nashik,2026-07-13,2026-07-13-0645,not_serviceable,0,
flipkart-minutes,422221,Nashik,2026-07-13,2026-07-13-0645,price_captured,1,22
flipkart-minutes,422222,Nashik,2026-07-13,2026-07-13-0645,not_serviceable,0,
flipkart-minutes,422301,Nashik,2026-07-13,2026-07-13-0645,not_serviceable,0,
flipkart-minutes,422302,Nashik,2026-07-13,2026-07-13-0645,not_serviceable,0,
flipkart-minutes,422303,Nashik,2026-07-13,2026-07-13-0645,not_serviceable,0,
flipkart-minutes,422304,Nashik,2026-07-13,2026-07-13-0645,not_serviceable,0,
flipkart-minutes,422305,Nashik,2026-07-13,2026-07-13-0645,not_serviceable,0,
flipkart-minutes,422306,Nashik,2026-07-13,2026-07-13-0645,not_serviceable,0,
flipkart-minutes,422308,Nashik,2026-07-13,2026-07-13-0645,not_serviceable,0,
flipkart-minutes,422401,Nashik,2026-07-13,2026-07-13-0645,price_captured,1,22
flipkart-minutes,422402,Nashik,2026-07-13,2026-07-13-0645,not_serviceable,0,
flipkart-minutes,422403,Nashik,2026-07-13,2026-07-13-0645,not_serviceable,0,
flipkart-minutes,422501,Nashik,2026-07-13,2026-07-13-0645,price_captured,1,22
flipkart-minutes,422502,Nashik,2026-07-13,2026-07-13-0645,not_serviceable,0,
flipkart-minutes,422606,Nashik,2026-07-13,2026-07-13-0645,not_serviceable,0,
flipkart-minutes,423101,Nashik,2026-07-13,2026-07-13-0645,not_serviceable,0,
flipkart-minutes,423102,Nashik,2026-07-13,2026-07-13-0645,not_serviceable,0,
flipkart-minutes,423104,Nashik,2026-07-13,2026-07-13-0645,not_serviceable,0,
flipkart-minutes,423105,Nashik,2026-07-13,2026-07-13-0645,not_serviceable,0,
flipkart-minutes,423106,Nashik,2026-07-13,2026-07-13-0645,not_serviceable,0,
flipkart-minutes,423108,Nashik,2026-07-13,2026-07-13-0645,not_serviceable,0,
flipkart-minutes,423110,Nashik,2026-07-13,2026-07-13-0645,not_serviceable,0,
flipkart-minutes,423111,Nashik,2026-07-13,2026-07-13-0645,not_serviceable,0,
flipkart-minutes,423117,Nashik,2026-07-13,2026-07-13-0645,not_serviceable,0,
flipkart-minutes,423201,Nashik,2026-07-13,2026-07-13-0645,not_serviceable,0,
flipkart-minutes,423202,Nashik,2026-07-13,2026-07-13-0645,not_serviceable,0,
flipkart-minutes,423203,Nashik,2026-07-13,2026-07-13-0645,not_serviceable,0,
flipkart-minutes,423204,Nashik,2026-07-13,2026-07-13-0645,not_serviceable,0,
flipkart-minutes,423205,Nashik,2026-07-13,2026-07-13-0645,not_serviceable,0,
flipkart-minutes,423206,Nashik,2026-07-13,2026-07-13-0645,not_serviceable,0,
flipkart-minutes,423208,Nashik,2026-07-13,2026-07-13-0645,not_serviceable,0,
flipkart-minutes,423212,Nashik,2026-07-13,2026-07-13-0645,not_serviceable,0,
flipkart-minutes,423213,Nashik,2026-07-13,2026-07-13-0645,not_serviceable,0,
flipkart-minutes,423301,Nashik,2026-07-13,2026-07-13-0645,not_serviceable,0,
flipkart-minutes,423302,Nashik,2026-07-13,2026-07-13-0645,not_serviceable,0,
flipkart-minutes,423303,Nashik,2026-07-13,2026-07-13-0645,not_serviceable,0,
flipkart-minutes,423401,Nashik,2026-07-13,2026-07-13-0645,not_serviceable,0,
flipkart-minutes,423402,Nashik,2026-07-13,2026-07-13-0645,not_serviceable,0,
flipkart-minutes,423403,Nashik,2026-07-13,2026-07-13-0645,not_serviceable,0,
flipkart-minutes,423501,Nashik,2026-07-13,2026-07-13-0645,not_serviceable,0,
flipkart-minutes,423502,Nashik,2026-07-13,2026-07-13-0645,not_serviceable,0,
flipkart-minutes,424109,Nashik,2026-07-13,2026-07-13-0645,not_serviceable,0,
flipkart-minutes,440001,Nagpur,2026-07-13,2026-07-13-0645,not_serviceable,0,
flipkart-minutes,440002,Nagpur,2026-07-13,2026-07-13-0645,not_serviceable,0,
flipkart-minutes,440003,Nagpur,2026-07-13,2026-07-13-0645,not_serviceable,0,
flipkart-minutes,440005,Nagpur,2026-07-13,2026-07-13-0645,not_serviceable,0,
flipkart-minutes,440006,Nagpur,2026-07-13,2026-07-13-0645,not_serviceable,0,
flipkart-minutes,440007,Nagpur,2026-07-13,2026-07-13-0645,not_serviceable,0,
flipkart-minutes,440008,Nagpur,2026-07-13,2026-07-13-0645,not_serviceable,0,
flipkart-minutes,440010,Nagpur,2026-07-13,2026-07-13-0645,not_serviceable,0,
flipkart-minutes,440012,Nagpur,2026-07-13,2026-07-13-0645,not_serviceable,0,
flipkart-minutes,440013,Nagpur,2026-07-13,2026-07-13-0645,not_serviceable,0,
flipkart-minutes,440014,Nagpur,2026-07-13,2026-07-13-0645,not_serviceable,0,
flipkart-minutes,440015,Nagpur,2026-07-13,2026-07-13-0645,not_serviceable,0,
flipkart-minutes,440016,Nagpur,2026-07-13,2026-07-13-0645,not_serviceable,0,
flipkart-minutes,440017,Nagpur,2026-07-13,2026-07-13-0645,not_serviceable,0,
flipkart-minutes,440018,Nagpur,2026-07-13,2026-07-13-0645,not_serviceable,0,
flipkart-minutes,440019,Nagpur,2026-07-13,2026-07-13-0645,not_serviceable,0,
flipkart-minutes,440020,Nagpur,2026-07-13,2026-07-13-0645,not_serviceable,0,
flipkart-minutes,440021,Nagpur,2026-07-13,2026-07-13-0645,not_serviceable,0,
flipkart-minutes,440022,Nagpur,2026-07-13,2026-07-13-0645,not_serviceable,0,
flipkart-minutes,440023,Nagpur,2026-07-13,2026-07-13-0645,not_serviceable,0,
flipkart-minutes,440024,Nagpur,2026-07-13,2026-07-13-0645,not_serviceable,0,
flipkart-minutes,440025,Nagpur,2026-07-13,2026-07-13-0645,not_serviceable,0,
flipkart-minutes,440026,Nagpur,2026-07-13,2026-07-13-0645,not_serviceable,0,
flipkart-minutes,440027,Nagpur,2026-07-13,2026-07-13-0645,not_serviceable,0,
flipkart-minutes,440030,Nagpur,2026-07-13,2026-07-13-0645,not_serviceable,0,
flipkart-minutes,440032,Nagpur,2026-07-13,2026-07-13-0645,not_serviceable,0,
flipkart-minutes,440033,Nagpur,2026-07-13,2026-07-13-0645,not_serviceable,0,
flipkart-minutes,440034,Nagpur,2026-07-13,2026-07-13-0645,not_serviceable,0,
flipkart-minutes,440035,Nagpur,2026-07-13,2026-07-13-0645,not_serviceable,0,
flipkart-minutes,440036,Nagpur,2026-07-13,2026-07-13-0645,not_serviceable,0,
flipkart-minutes,440037,Nagpur,2026-07-13,2026-07-13-0645,not_serviceable,0,
flipkart-minutes,441001,Nagpur,2026-07-13,2026-07-13-0645,not_serviceable,0,
flipkart-minutes,441101,Nagpur,2026-07-13,2026-07-13-0645,not_serviceable,0,
flipkart-minutes,441102,Nagpur,2026-07-13,2026-07-13-0645,not_serviceable,0,
flipkart-minutes,441103,Nagpur,2026-07-13,2026-07-13-0645,not_serviceable,0,
flipkart-minutes,441104,Nagpur,2026-07-13,2026-07-13-0645,not_serviceable,0,
flipkart-minutes,441105,Nagpur,2026-07-13,2026-07-13-0645,not_serviceable,0,
flipkart-minutes,441106,Nagpur,2026-07-13,2026-07-13-0645,not_serviceable,0,
flipkart-minutes,441107,Nagpur,2026-07-13,2026-07-13-0645,not_serviceable,0,
flipkart-minutes,441108,Nagpur,2026-07-13,2026-07-13-0645,not_serviceable,0,
flipkart-minutes,441109,Nagpur,2026-07-13,2026-07-13-0645,not_serviceable,0,
flipkart-minutes,441110,Nagpur,2026-07-13,2026-07-13-0645,not_serviceable,0,
flipkart-minutes,441111,Nagpur,2026-07-13,2026-07-13-0645,not_serviceable,0,
flipkart-minutes,441112,Nagpur,2026-07-13,2026-07-13-0645,not_serviceable,0,
flipkart-minutes,441113,Nagpur,2026-07-13,2026-07-13-0645,not_serviceable,0,
flipkart-minutes,441122,Nagpur,2026-07-13,2026-07-13-0645,not_serviceable,0,
flipkart-minutes,441123,Nagpur,2026-07-13,2026-07-13-0645,not_serviceable,0,
flipkart-minutes,441201,Nagpur,2026-07-13,2026-07-13-0645,not_serviceable,0,
flipkart-minutes,441202,Nagpur,2026-07-13,2026-07-13-0645,not_serviceable,0,
flipkart-minutes,441203,Nagpur,2026-07-13,2026-07-13-0645,not_serviceable,0,
flipkart-minutes,441204,Nagpur,2026-07-13,2026-07-13-0645,not_serviceable,0,
flipkart-minutes,441210,Nagpur,2026-07-13,2026-07-13-0645,not_serviceable,0,
flipkart-minutes,441214,Nagpur,2026-07-13,2026-07-13-0645,not_serviceable,0,
flipkart-minutes,441301,Nagpur,2026-07-13,2026-07-13-0645,not_serviceable,0,
flipkart-minutes,441302,Nagpur,2026-07-13,2026-07-13-0645,not_serviceable,0,
flipkart-minutes,441303,Nagpur,2026-07-13,2026-07-13-0645,not_serviceable,0,
flipkart-minutes,441304,Nagpur,2026-07-13,2026-07-13-0645,not_serviceable,0,
flipkart-minutes,441305,Nagpur,2026-07-13,2026-07-13-0645,not_serviceable,0,
flipkart-minutes,441306,Nagpur,2026-07-13,2026-07-13-0645,not_serviceable,0,
flipkart-minutes,441401,Nagpur,2026-07-13,2026-07-13-0645,not_serviceable,0,
flipkart-minutes,441404,Nagpur,2026-07-13,2026-07-13-0645,not_serviceable,0,
flipkart-minutes,441501,Nagpur,2026-07-13,2026-07-13-0645,not_serviceable,0,
flipkart-minutes,441502,Nagpur,2026-07-13,2026-07-13-0645,not_serviceable,0,
flipkart-minutes,452001,Indore,2026-06-29,2026-06-29-1605,not_serviceable,0,
flipkart-minutes,452002,Indore,2026-06-29,2026-06-29-1605,not_serviceable,0,
flipkart-minutes,452003,Indore,2026-06-29,2026-06-29-1605,not_serviceable,0,
flipkart-minutes,452005,Indore,2026-06-29,2026-06-29-1605,not_serviceable,0,
flipkart-minutes,452006,Indore,2026-06-29,2026-06-29-1605,not_serviceable,0,
flipkart-minutes,452007,Indore,2026-06-29,2026-06-29-1605,not_serviceable,0,
flipkart-minutes,452009,Indore,2026-06-29,2026-06-29-1605,not_serviceable,0,
flipkart-minutes,452010,Indore,2026-06-29,2026-06-29-1605,not_serviceable,0,
flipkart-minutes,452011,Indore,2026-06-29,2026-06-29-1605,not_serviceable,0,
flipkart-minutes,452012,Indore,2026-06-29,2026-06-29-1605,not_serviceable,0,
flipkart-minutes,452013,Indore,2026-06-29,2026-06-29-1605,not_serviceable,0,
flipkart-minutes,452014,Indore,2026-07-13,2026-07-13-0645,not_serviceable,0,
flipkart-minutes,452015,Indore,2026-06-29,2026-06-29-1605,not_serviceable,0,
flipkart-minutes,452016,Indore,2026-06-29,2026-06-29-1605,not_serviceable,0,
flipkart-minutes,452018,Indore,2026-06-29,2026-06-29-1605,not_serviceable,0,
flipkart-minutes,452020,Indore,2026-06-29,2026-06-29-1605,not_serviceable,0,
flipkart-minutes,453001,Indore,2026-06-29,2026-06-29-1605,not_serviceable,0,
flipkart-minutes,453111,Indore,2026-06-29,2026-06-29-1605,not_serviceable,0,
flipkart-minutes,453112,Indore,2026-06-29,2026-06-29-1605,not_serviceable,0,
flipkart-minutes,453115,Indore,2026-06-29,2026-06-29-1605,not_serviceable,0,
flipkart-minutes,453220,Indore,2026-06-29,2026-06-29-1605,not_serviceable,0,
flipkart-minutes,453331,Indore,2026-06-29,2026-06-29-1605,not_serviceable,0,
flipkart-minutes,453441,Indore,2026-06-29,2026-06-29-1605,not_serviceable,0,
flipkart-minutes,453446,Indore,2026-06-29,2026-06-29-1605,not_serviceable,0,
flipkart-minutes,453551,Indore,2026-06-29,2026-06-29-1605,not_serviceable,0,
flipkart-minutes,453552,Indore,2026-06-29,2026-06-29-1605,not_serviceable,0,
flipkart-minutes,453555,Indore,2026-06-29,2026-06-29-1605,not_serviceable,0,
flipkart-minutes,453556,Indore,2026-06-29,2026-06-29-1605,not_serviceable,0,
flipkart-minutes,453661,Indore,2026-06-29,2026-06-29-1605,not_serviceable,0,
flipkart-minutes,453771,Indore,2026-06-29,2026-06-29-1605,not_serviceable,0,
flipkart-minutes,500001,Hyderabad,2026-07-13,2026-07-13-0645,price_captured,2,250
flipkart-minutes,500002,Hyderabad,2026-07-13,2026-07-13-0645,not_serviceable,0,
flipkart-minutes,500003,Hyderabad,2026-07-13,2026-07-13-0645,not_serviceable,0,
flipkart-minutes,500004,Hyderabad,2026-07-13,2026-07-13-0645,price_captured,2,250
flipkart-minutes,500005,Hyderabad,2026-07-13,2026-07-13-0645,price_captured,1,745
flipkart-minutes,500006,Hyderabad,2026-07-13,2026-07-13-0645,not_serviceable,0,
flipkart-minutes,500007,Hyderabad,2026-07-13,2026-07-13-0645,not_serviceable,0,
flipkart-minutes,500008,Hyderabad,2026-07-13,2026-07-13-0645,price_captured,3,250
flipkart-minutes,500009,Hyderabad,2026-07-13,2026-07-13-0645,not_serviceable,0,
flipkart-minutes,500010,Hyderabad,2026-07-13,2026-07-13-0645,price_captured,2,250
flipkart-minutes,500011,Hyderabad,2026-07-13,2026-07-13-0645,price_captured,2,250
flipkart-minutes,500012,Hyderabad,2026-07-13,2026-07-13-0645,not_serviceable,0,
flipkart-minutes,500013,Hyderabad,2026-07-13,2026-07-13-0645,price_captured,2,250
flipkart-minutes,500014,Hyderabad,2026-07-13,2026-07-13-0645,not_serviceable,0,
flipkart-minutes,500015,Hyderabad,2026-07-13,2026-07-13-0645,not_serviceable,0,
flipkart-minutes,500016,Hyderabad,2026-07-13,2026-07-13-0645,not_serviceable,0,
flipkart-minutes,500017,Hyderabad,2026-07-13,2026-07-13-0645,price_captured,2,250
flipkart-minutes,500018,Hyderabad,2026-07-13,2026-07-13-0645,not_serviceable,0,
flipkart-minutes,500020,Hyderabad,2026-07-13,2026-07-13-0645,not_serviceable,0,
flipkart-minutes,500022,Hyderabad,2026-07-13,2026-07-13-0645,not_serviceable,0,
flipkart-minutes,500023,Hyderabad,2026-07-13,2026-07-13-0645,price_captured,1,270
flipkart-minutes,500024,Hyderabad,2026-07-13,2026-07-13-0645,not_serviceable,0,
flipkart-minutes,500025,Hyderabad,2026-07-13,2026-07-13-0645,not_serviceable,0,
flipkart-minutes,500026,Hyderabad,2026-07-13,2026-07-13-0645,price_captured,2,250
flipkart-minutes,500027,Hyderabad,2026-07-13,2026-07-13-0645,price_captured,2,250
flipkart-minutes,500028,Hyderabad,2026-07-13,2026-07-13-0645,not_serviceable,0,
flipkart-minutes,500029,Hyderabad,2026-07-13,2026-07-13-0645,price_captured,2,250
flipkart-minutes,500031,Hyderabad,2026-07-13,2026-07-13-0645,not_serviceable,0,
flipkart-minutes,500032,Hyderabad,2026-07-13,2026-07-13-0645,not_serviceable,0,
flipkart-minutes,500033,Hyderabad,2026-07-13,2026-07-13-0645,not_serviceable,0,
flipkart-minutes,500034,Hyderabad,2026-07-13,2026-07-13-0645,price_captured,2,250
flipkart-minutes,500036,Hyderabad,2026-07-13,2026-07-13-0645,not_serviceable,0,
flipkart-minutes,500038,Hyderabad,2026-07-13,2026-07-13-0645,price_captured,2,250
flipkart-minutes,500040,Hyderabad,2026-07-13,2026-07-13-0645,not_serviceable,0,
flipkart-minutes,500041,Hyderabad,2026-07-13,2026-07-13-0645,price_captured,2,250
flipkart-minutes,500044,Hyderabad,2026-07-13,2026-07-13-0645,not_serviceable,0,
flipkart-minutes,500045,Hyderabad,2026-07-13,2026-07-13-0645,not_serviceable,0,
flipkart-minutes,500047,Hyderabad,2026-07-13,2026-07-13-0645,not_serviceable,0,
flipkart-minutes,500053,Hyderabad,2026-07-13,2026-07-13-0645,price_captured,1,745
flipkart-minutes,500056,Hyderabad,2026-07-13,2026-07-13-0645,not_serviceable,0,
flipkart-minutes,500057,Hyderabad,2026-07-13,2026-07-13-0645,price_captured,2,250
flipkart-minutes,500058,Hyderabad,2026-07-13,2026-07-13-0645,not_serviceable,0,
flipkart-minutes,500059,Hyderabad,2026-07-13,2026-07-13-0645,price_captured,2,250
flipkart-minutes,500061,Hyderabad,2026-07-13,2026-07-13-0645,not_serviceable,0,
flipkart-minutes,500063,Hyderabad,2026-07-13,2026-07-13-0645,price_captured,2,250
flipkart-minutes,500064,Hyderabad,2026-07-13,2026-07-13-0645,not_serviceable,0,
flipkart-minutes,500065,Hyderabad,2026-07-13,2026-07-13-0645,price_captured,1,745
flipkart-minutes,500066,Hyderabad,2026-07-13,2026-07-13-0645,price_captured,2,250
flipkart-minutes,500073,Hyderabad,2026-07-13,2026-07-13-0645,not_serviceable,0,
flipkart-minutes,500080,Hyderabad,2026-07-13,2026-07-13-0645,price_captured,2,250
flipkart-minutes,500081,Hyderabad,2026-07-13,2026-07-13-0645,price_captured,2,250
flipkart-minutes,500082,Hyderabad,2026-07-13,2026-07-13-0645,not_serviceable,0,
flipkart-minutes,500084,Hyderabad,2026-07-13,2026-07-13-0645,not_serviceable,0,
flipkart-minutes,500094,Hyderabad,2026-07-13,2026-07-13-0645,not_serviceable,0,
flipkart-minutes,500095,Hyderabad,2026-07-13,2026-07-13-0645,not_serviceable,0,
flipkart-minutes,500096,Hyderabad,2026-07-13,2026-07-13-0645,not_serviceable,0,
flipkart-minutes,500107,Hyderabad,2026-07-13,2026-07-13-0645,not_serviceable,0,
flipkart-minutes,500109,Hyderabad,2026-07-13,2026-07-13-0645,price_captured,2,250
flipkart-minutes,500110,Hyderabad,2026-07-13,2026-07-13-0645,price_captured,2,250
flipkart-minutes,500112,Hyderabad,2026-07-13,2026-07-13-0645,price_captured,1,745
flipkart-minutes,509132,Vijayawada,2026-06-29,2026-06-29-1605,not_serviceable,0,
flipkart-minutes,520001,Vijayawada,2026-06-29,2026-06-29-1605,not_serviceable,0,
flipkart-minutes,520002,Vijayawada,2026-06-29,2026-06-29-1605,not_serviceable,0,
flipkart-minutes,520003,Vijayawada,2026-06-29,2026-06-29-1605,not_serviceable,0,
flipkart-minutes,520004,Vijayawada,2026-06-29,2026-06-29-1605,not_serviceable,0,
flipkart-minutes,520007,Vijayawada,2026-06-29,2026-06-29-1605,not_serviceable,0,
flipkart-minutes,520008,Vijayawada,2026-07-13,2026-07-13-0645,price_captured,1,250
flipkart-minutes,520010,Vijayawada,2026-06-29,2026-06-29-1605,not_serviceable,0,
flipkart-minutes,520011,Vijayawada,2026-06-29,2026-06-29-1605,not_serviceable,0,
flipkart-minutes,520012,Vijayawada,2026-06-29,2026-06-29-1605,not_serviceable,0,
flipkart-minutes,520013,Vijayawada,2026-06-29,2026-06-29-1605,not_serviceable,0,
flipkart-minutes,520015,Vijayawada,2026-06-29,2026-06-29-1605,not_serviceable,0,
flipkart-minutes,521101,Vijayawada,2026-06-29,2026-06-29-1605,not_serviceable,0,
flipkart-minutes,521102,Vijayawada,2026-06-29,2026-06-29-1605,not_serviceable,0,
flipkart-minutes,521104,Vijayawada,2026-06-29,2026-06-29-1605,not_serviceable,0,
flipkart-minutes,521107,Vijayawada,2026-06-29,2026-06-29-1605,not_serviceable,0,
flipkart-minutes,521108,Vijayawada,2026-07-13,2026-07-13-0645,price_captured,1,250
flipkart-minutes,521109,Vijayawada,2026-06-29,2026-06-29-1605,not_serviceable,0,
flipkart-minutes,521110,Vijayawada,2026-06-29,2026-06-29-1605,not_serviceable,0,
flipkart-minutes,521134,Vijayawada,2026-06-29,2026-06-29-1605,not_serviceable,0,
flipkart-minutes,521137,Vijayawada,2026-07-13,2026-07-13-0645,price_captured,1,250
flipkart-minutes,521139,Vijayawada,2026-06-29,2026-06-29-1605,not_serviceable,0,
flipkart-minutes,521151,Vijayawada,2026-06-29,2026-06-29-1605,not_serviceable,0,
flipkart-minutes,521153,Vijayawada,2026-06-29,2026-06-29-1605,not_serviceable,0,
flipkart-minutes,521163,Vijayawada,2026-06-29,2026-06-29-1605,not_serviceable,0,
flipkart-minutes,521164,Vijayawada,2026-06-29,2026-06-29-1605,not_serviceable,0,
flipkart-minutes,521165,Vijayawada,2026-06-29,2026-06-29-1605,not_serviceable,0,
flipkart-minutes,521170,Vijayawada,2026-06-29,2026-06-29-1605,not_serviceable,0,
flipkart-minutes,521175,Vijayawada,2026-06-29,2026-06-29-1605,not_serviceable,0,
flipkart-minutes,521178,Vijayawada,2026-06-29,2026-06-29-1605,not_serviceable,0,
flipkart-minutes,521180,Vijayawada,2026-06-29,2026-06-29-1605,not_serviceable,0,
flipkart-minutes,521181,Vijayawada,2026-06-29,2026-06-29-1605,not_serviceable,0,
flipkart-minutes,521182,Vijayawada,2026-06-29,2026-06-29-1605,not_serviceable,0,
flipkart-minutes,521183,Vijayawada,2026-06-29,2026-06-29-1605,not_serviceable,0,
flipkart-minutes,521184,Vijayawada,2026-06-29,2026-06-29-1605,not_serviceable,0,
flipkart-minutes,521185,Vijayawada,2026-06-29,2026-06-29-1605,not_serviceable,0,
flipkart-minutes,521190,Vijayawada,2026-06-29,2026-06-29-1605,not_serviceable,0,
flipkart-minutes,521211,Vijayawada,2026-06-29,2026-06-29-1605,not_serviceable,0,
flipkart-minutes,521212,Vijayawada,2026-06-29,2026-06-29-1605,not_serviceable,0,
flipkart-minutes,521225,Vijayawada,2026-06-29,2026-06-29-1605,not_serviceable,0,
flipkart-minutes,521226,Vijayawada,2026-06-29,2026-06-29-1605,not_serviceable,0,
flipkart-minutes,521227,Vijayawada,2026-06-29,2026-06-29-1605,not_serviceable,0,
flipkart-minutes,521228,Vijayawada,2026-06-29,2026-06-29-1605,not_serviceable,0,
flipkart-minutes,521229,Vijayawada,2026-06-29,2026-06-29-1605,not_serviceable,0,
flipkart-minutes,521230,Vijayawada,2026-06-29,2026-06-29-1605,not_serviceable,0,
flipkart-minutes,521231,Vijayawada,2026-06-29,2026-06-29-1605,not_serviceable,0,
flipkart-minutes,521235,Vijayawada,2026-06-29,2026-06-29-1605,not_serviceable,0,
flipkart-minutes,521241,Vijayawada,2026-06-29,2026-06-29-1605,not_serviceable,0,
flipkart-minutes,521245,Vijayawada,2026-06-29,2026-06-29-1605,not_serviceable,0,
flipkart-minutes,521246,Vijayawada,2026-06-29,2026-06-29-1605,not_serviceable,0,
flipkart-minutes,521247,Vijayawada,2026-06-29,2026-06-29-1605,not_serviceable,0,
flipkart-minutes,521250,Vijayawada,2026-06-29,2026-06-29-1605,not_serviceable,0,
flipkart-minutes,521256,Vijayawada,2026-06-29,2026-06-29-1605,not_serviceable,0,
flipkart-minutes,521286,Vijayawada,2026-06-29,2026-06-29-1605,not_serviceable,0,
flipkart-minutes,521401,Vijayawada,2026-06-29,2026-06-29-1605,not_serviceable,0,
flipkart-minutes,521402,Vijayawada,2026-06-29,2026-06-29-1605,not_serviceable,0,
flipkart-minutes,521403,Vijayawada,2026-06-29,2026-06-29-1605,not_serviceable,0,
flipkart-minutes,521456,Vijayawada,2026-06-29,2026-06-29-1605,not_serviceable,0,
flipkart-minutes,521457,Vijayawada,2026-06-29,2026-06-29-1605,not_serviceable,0,
flipkart-minutes,530001,Visakhapatnam,2026-06-29,2026-06-29-1605,not_serviceable,0,
flipkart-minutes,530002,Visakhapatnam,2026-06-29,2026-06-29-1605,not_serviceable,0,
flipkart-minutes,530003,Visakhapatnam,2026-06-29,2026-06-29-1605,not_serviceable,0,
flipkart-minutes,530004,Visakhapatnam,2026-06-29,2026-06-29-1605,not_serviceable,0,
flipkart-minutes,530005,Visakhapatnam,2026-06-29,2026-06-29-1605,not_serviceable,0,
flipkart-minutes,530007,Visakhapatnam,2026-06-29,2026-06-29-1605,not_serviceable,0,
flipkart-minutes,530008,Visakhapatnam,2026-06-29,2026-06-29-1605,not_serviceable,0,
flipkart-minutes,530009,Visakhapatnam,2026-06-29,2026-06-29-1605,not_serviceable,0,
flipkart-minutes,530011,Visakhapatnam,2026-06-29,2026-06-29-1605,not_serviceable,0,
flipkart-minutes,530012,Visakhapatnam,2026-06-29,2026-06-29-1605,not_serviceable,0,
flipkart-minutes,530013,Visakhapatnam,2026-06-29,2026-06-29-1605,not_serviceable,0,
flipkart-minutes,530014,Visakhapatnam,2026-06-29,2026-06-29-1605,not_serviceable,0,
flipkart-minutes,530015,Visakhapatnam,2026-06-29,2026-06-29-1605,not_serviceable,0,
flipkart-minutes,530016,Visakhapatnam,2026-06-29,2026-06-29-1605,not_serviceable,0,
flipkart-minutes,530017,Visakhapatnam,2026-07-13,2026-07-13-0645,not_serviceable,0,
flipkart-minutes,530018,Visakhapatnam,2026-06-29,2026-06-29-1605,not_serviceable,0,
flipkart-minutes,530020,Visakhapatnam,2026-06-29,2026-06-29-1605,not_serviceable,0,
flipkart-minutes,530022,Visakhapatnam,2026-07-13,2026-07-13-0645,price_captured,1,236
flipkart-minutes,530024,Visakhapatnam,2026-07-13,2026-07-13-0645,price_captured,1,236
flipkart-minutes,530026,Visakhapatnam,2026-06-29,2026-06-29-1605,not_serviceable,0,
flipkart-minutes,530027,Visakhapatnam,2026-06-29,2026-06-29-1605,not_serviceable,0,
flipkart-minutes,530028,Visakhapatnam,2026-06-29,2026-06-29-1605,not_serviceable,0,
flipkart-minutes,530029,Visakhapatnam,2026-06-29,2026-06-29-1605,not_serviceable,0,
flipkart-minutes,530031,Visakhapatnam,2026-06-29,2026-06-29-1605,not_serviceable,0,
flipkart-minutes,530032,Visakhapatnam,2026-06-29,2026-06-29-1605,not_serviceable,0,
flipkart-minutes,530040,Visakhapatnam,2026-06-29,2026-06-29-1605,not_serviceable,0,
flipkart-minutes,530041,Visakhapatnam,2026-06-29,2026-06-29-1605,not_serviceable,0,
flipkart-minutes,530043,Visakhapatnam,2026-06-29,2026-06-29-1605,not_serviceable,0,
flipkart-minutes,530044,Visakhapatnam,2026-06-29,2026-06-29-1605,not_serviceable,0,
flipkart-minutes,530045,Visakhapatnam,2026-07-13,2026-07-13-0645,price_captured,1,236
flipkart-minutes,530046,Visakhapatnam,2026-06-29,2026-06-29-1605,not_serviceable,0,
flipkart-minutes,530047,Visakhapatnam,2026-06-29,2026-06-29-1605,not_serviceable,0,
flipkart-minutes,530048,Visakhapatnam,2026-06-29,2026-06-29-1605,not_serviceable,0,
flipkart-minutes,530049,Visakhapatnam,2026-06-29,2026-06-29-1605,not_serviceable,0,
flipkart-minutes,530051,Visakhapatnam,2026-06-29,2026-06-29-1605,not_serviceable,0,
flipkart-minutes,530052,Visakhapatnam,2026-06-29,2026-06-29-1605,not_serviceable,0,
flipkart-minutes,530053,Visakhapatnam,2026-06-29,2026-06-29-1605,not_serviceable,0,
flipkart-minutes,531162,Visakhapatnam,2026-06-29,2026-06-29-1605,not_serviceable,0,
flipkart-minutes,531163,Visakhapatnam,2026-06-29,2026-06-29-1605,not_serviceable,0,
flipkart-minutes,531173,Visakhapatnam,2026-06-29,2026-06-29-1605,not_serviceable,0,
flipkart-minutes,531219,Visakhapatnam,2026-06-29,2026-06-29-1605,not_serviceable,0,
flipkart-minutes,560001,Bengaluru,2026-07-13,2026-07-13-0645,not_serviceable,0,
flipkart-minutes,560002,Bengaluru,2026-07-13,2026-07-13-0645,not_serviceable,0,
flipkart-minutes,560003,Bengaluru,2026-07-13,2026-07-13-0645,price_captured,1,236
flipkart-minutes,560004,Bengaluru,2026-07-13,2026-07-13-0645,not_serviceable,0,
flipkart-minutes,560005,Bengaluru,2026-07-13,2026-07-13-0645,price_captured,1,236
flipkart-minutes,560006,Bengaluru,2026-07-13,2026-07-13-0645,not_serviceable,0,
flipkart-minutes,560007,Bengaluru,2026-07-13,2026-07-13-0645,price_captured,1,236
flipkart-minutes,560008,Bengaluru,2026-07-13,2026-07-13-0645,price_captured,1,236
flipkart-minutes,560009,Bengaluru,2026-07-13,2026-07-13-0645,not_serviceable,0,
flipkart-minutes,560010,Bengaluru,2026-07-13,2026-07-13-0645,price_captured,1,236
flipkart-minutes,560011,Bengaluru,2026-07-13,2026-07-13-0645,price_captured,1,236
flipkart-minutes,560012,Bengaluru,2026-07-13,2026-07-13-0645,not_serviceable,0,
flipkart-minutes,560013,Bengaluru,2026-07-13,2026-07-13-0645,price_captured,1,236
flipkart-minutes,560015,Bengaluru,2026-07-13,2026-07-13-0645,price_captured,3,236
flipkart-minutes,560016,Bengaluru,2026-07-13,2026-07-13-0645,price_captured,2,236
flipkart-minutes,560017,Bengaluru,2026-07-13,2026-07-13-0645,price_captured,1,236
flipkart-minutes,560018,Bengaluru,2026-07-13,2026-07-13-0645,not_serviceable,0,
flipkart-minutes,560020,Bengaluru,2026-07-13,2026-07-13-0645,price_captured,1,236
flipkart-minutes,560021,Bengaluru,2026-07-13,2026-07-13-0645,price_captured,1,236
flipkart-minutes,560022,Bengaluru,2026-07-13,2026-07-13-0645,price_captured,1,250
flipkart-minutes,560023,Bengaluru,2026-07-13,2026-07-13-0645,price_captured,2,250
flipkart-minutes,560024,Bengaluru,2026-07-13,2026-07-13-0645,not_serviceable,0,
flipkart-minutes,560025,Bengaluru,2026-07-13,2026-07-13-0645,not_serviceable,0,
flipkart-minutes,560026,Bengaluru,2026-07-13,2026-07-13-0645,price_captured,1,236
flipkart-minutes,560027,Bengaluru,2026-07-13,2026-07-13-0645,not_serviceable,0,
flipkart-minutes,560029,Bengaluru,2026-07-13,2026-07-13-0645,price_captured,1,236
flipkart-minutes,560030,Bengaluru,2026-07-13,2026-07-13-0645,price_captured,1,236
flipkart-minutes,560032,Bengaluru,2026-07-13,2026-07-13-0645,not_serviceable,0,
flipkart-minutes,560033,Bengaluru,2026-07-13,2026-07-13-0645,not_serviceable,0,
flipkart-minutes,560034,Bengaluru,2026-07-13,2026-07-13-0645,price_captured,1,745
flipkart-minutes,560035,Bengaluru,2026-07-13,2026-07-13-0645,price_captured,2,236
flipkart-minutes,560036,Bengaluru,2026-07-13,2026-07-13-0645,price_captured,1,419
flipkart-minutes,560037,Bengaluru,2026-07-13,2026-07-13-0645,price_captured,1,375
flipkart-minutes,560038,Bengaluru,2026-07-13,2026-07-13-0645,price_captured,1,236
flipkart-minutes,560040,Bengaluru,2026-07-13,2026-07-13-0645,price_captured,2,250
flipkart-minutes,560041,Bengaluru,2026-07-13,2026-07-13-0645,price_captured,1,236
flipkart-minutes,560042,Bengaluru,2026-07-13,2026-07-13-0645,not_serviceable,0,
flipkart-minutes,560043,Bengaluru,2026-07-13,2026-07-13-0645,price_captured,1,236
flipkart-minutes,560045,Bengaluru,2026-07-13,2026-07-13-0645,price_captured,1,236
flipkart-minutes,560046,Bengaluru,2026-07-13,2026-07-13-0645,not_serviceable,0,
flipkart-minutes,560047,Bengaluru,2026-07-13,2026-07-13-0645,price_captured,1,236
flipkart-minutes,560048,Bengaluru,2026-07-13,2026-07-13-0645,price_captured,2,236
flipkart-minutes,560049,Bengaluru,2026-07-13,2026-07-13-0645,price_captured,2,250
flipkart-minutes,560050,Bengaluru,2026-07-13,2026-07-13-0645,price_captured,1,236
flipkart-minutes,560051,Bengaluru,2026-07-13,2026-07-13-0645,not_serviceable,0,
flipkart-minutes,560053,Bengaluru,2026-07-13,2026-07-13-0645,not_serviceable,0,
flipkart-minutes,560054,Bengaluru,2026-07-13,2026-07-13-0645,price_captured,1,250
flipkart-minutes,560055,Bengaluru,2026-07-13,2026-07-13-0645,price_captured,1,236
flipkart-minutes,560056,Bengaluru,2026-07-13,2026-07-13-0645,price_captured,2,236
flipkart-minutes,560057,Bengaluru,2026-07-13,2026-07-13-0645,price_captured,1,236
flipkart-minutes,560058,Bengaluru,2026-07-13,2026-07-13-0645,price_captured,3,236
flipkart-minutes,560059,Bengaluru,2026-07-13,2026-07-13-0645,price_captured,1,250
flipkart-minutes,560060,Bengaluru,2026-07-13,2026-07-13-0645,price_captured,1,250
flipkart-minutes,560061,Bengaluru,2026-07-13,2026-07-13-0645,price_captured,1,236
flipkart-minutes,560062,Bengaluru,2026-07-13,2026-07-13-0645,price_captured,1,236
flipkart-minutes,560063,Bengaluru,2026-07-13,2026-07-13-0645,not_serviceable,0,
flipkart-minutes,560064,Bengaluru,2026-07-13,2026-07-13-0645,price_captured,1,236
flipkart-minutes,560065,Bengaluru,2026-07-13,2026-07-13-0645,price_captured,1,236
flipkart-minutes,560066,Bengaluru,2026-07-13,2026-07-13-0645,price_captured,1,236
flipkart-minutes,560067,Bengaluru,2026-07-13,2026-07-13-0645,not_serviceable,0,
flipkart-minutes,560068,Bengaluru,2026-07-13,2026-07-13-0645,price_captured,2,236
flipkart-minutes,560070,Bengaluru,2026-07-13,2026-07-13-0645,price_captured,1,236
flipkart-minutes,560071,Bengaluru,2026-07-13,2026-07-13-0645,not_serviceable,0,
flipkart-minutes,560072,Bengaluru,2026-07-13,2026-07-13-0645,price_captured,1,250
flipkart-minutes,560073,Bengaluru,2026-07-13,2026-07-13-0645,price_captured,1,236
flipkart-minutes,560074,Bengaluru,2026-07-13,2026-07-13-0645,not_serviceable,0,
flipkart-minutes,560075,Bengaluru,2026-07-13,2026-07-13-0645,price_captured,1,236
flipkart-minutes,560076,Bengaluru,2026-07-13,2026-07-13-0645,price_captured,2,250
flipkart-minutes,560077,Bengaluru,2026-07-13,2026-07-13-0645,price_captured,1,236
flipkart-minutes,560078,Bengaluru,2026-07-13,2026-07-13-0645,price_captured,2,236
flipkart-minutes,560079,Bengaluru,2026-07-13,2026-07-13-0645,price_captured,2,250
flipkart-minutes,560080,Bengaluru,2026-07-13,2026-07-13-0645,not_serviceable,0,
flipkart-minutes,560081,Bengaluru,2026-07-13,2026-07-13-0645,price_captured,2,250
flipkart-minutes,560082,Bengaluru,2026-07-13,2026-07-13-0645,not_serviceable,0,
flipkart-minutes,560083,Bengaluru,2026-07-13,2026-07-13-0645,price_captured,2,236
flipkart-minutes,560084,Bengaluru,2026-07-13,2026-07-13-0645,price_captured,1,236
flipkart-minutes,560085,Bengaluru,2026-07-13,2026-07-13-0645,not_serviceable,0,
flipkart-minutes,560086,Bengaluru,2026-07-13,2026-07-13-0645,price_captured,1,236
flipkart-minutes,560087,Bengaluru,2026-07-13,2026-07-13-0645,price_captured,2,250
flipkart-minutes,560088,Bengaluru,2026-07-13,2026-07-13-0645,not_serviceable,0,
flipkart-minutes,560089,Bengaluru,2026-07-13,2026-07-13-0645,not_serviceable,0,
flipkart-minutes,560090,Bengaluru,2026-07-13,2026-07-13-0645,price_captured,1,236
flipkart-minutes,560091,Bengaluru,2026-07-13,2026-07-13-0645,price_captured,1,250
flipkart-minutes,560092,Bengaluru,2026-07-13,2026-07-13-0645,price_captured,1,236
flipkart-minutes,560093,Bengaluru,2026-07-13,2026-07-13-0645,not_serviceable,0,
flipkart-minutes,560094,Bengaluru,2026-07-13,2026-07-13-0645,not_serviceable,0,
flipkart-minutes,560095,Bengaluru,2026-07-13,2026-07-13-0645,price_captured,1,745
flipkart-minutes,560096,Bengaluru,2026-07-13,2026-07-13-0645,price_captured,3,236
flipkart-minutes,560097,Bengaluru,2026-07-13,2026-07-13-0645,price_captured,1,236
flipkart-minutes,560098,Bengaluru,2026-07-13,2026-07-13-0645,price_captured,1,236
flipkart-minutes,560099,Bengaluru,2026-07-13,2026-07-13-0645,not_serviceable,0,
flipkart-minutes,560100,Bengaluru,2026-07-13,2026-07-13-0645,price_captured,1,250
flipkart-minutes,560102,Bengaluru,2026-07-13,2026-07-13-0645,price_captured,1,250
flipkart-minutes,560103,Bengaluru,2026-07-13,2026-07-13-0645,price_captured,2,236
flipkart-minutes,560104,Bengaluru,2026-07-13,2026-07-13-0645,price_captured,2,250
flipkart-minutes,560105,Bengaluru,2026-07-13,2026-07-13-0645,not_serviceable,0,
flipkart-minutes,560107,Bengaluru,2026-07-13,2026-07-13-0645,not_serviceable,0,
flipkart-minutes,560108,Bengaluru,2026-07-13,2026-07-13-0645,price_captured,2,236
flipkart-minutes,560109,Bengaluru,2026-07-13,2026-07-13-0645,price_captured,1,236
flipkart-minutes,560110,Bengaluru,2026-07-13,2026-07-13-0645,price_captured,2,236
flipkart-minutes,560111,Bengaluru,2026-07-13,2026-07-13-0645,price_captured,1,250
flipkart-minutes,560112,Bengaluru,2026-07-13,2026-07-13-0645,not_serviceable,0,
flipkart-minutes,560113,Bengaluru,2026-07-13,2026-07-13-0645,price_captured,2,250
flipkart-minutes,560114,Bengaluru,2026-07-13,2026-07-13-0645,not_serviceable,0,
flipkart-minutes,560115,Bengaluru,2026-07-13,2026-07-13-0645,price_captured,1,250
flipkart-minutes,560116,Bengaluru,2026-07-13,2026-07-13-0645,not_serviceable,0,
flipkart-minutes,560300,Bengaluru,2026-07-13,2026-07-13-0645,not_serviceable,0,
flipkart-minutes,560500,Bengaluru,2026-07-13,2026-07-13-0645,not_serviceable,0,
flipkart-minutes,562106,Bengaluru,2026-07-13,2026-07-13-0645,not_serviceable,0,
flipkart-minutes,562107,Bengaluru,2026-07-13,2026-07-13-0645,not_serviceable,0,
flipkart-minutes,562120,Bengaluru,2026-07-13,2026-07-13-0645,not_serviceable,0,
flipkart-minutes,562125,Bengaluru,2026-07-13,2026-07-13-0645,price_captured,1,236
flipkart-minutes,562130,Bengaluru,2026-07-13,2026-07-13-0645,price_captured,1,236
flipkart-minutes,562149,Bengaluru,2026-07-13,2026-07-13-0645,price_captured,1,236
flipkart-minutes,562157,Bengaluru,2026-07-13,2026-07-13-0645,price_captured,2,236
flipkart-minutes,562162,Bengaluru,2026-07-13,2026-07-13-0645,not_serviceable,0,
flipkart-minutes,562163,Bengaluru,2026-07-13,2026-07-13-0645,not_serviceable,0,
flipkart-minutes,570001,Mysuru,2026-07-13,2026-07-13-0645,price_captured,1,250
flipkart-minutes,570002,Mysuru,2026-07-13,2026-07-13-0645,price_captured,1,250
flipkart-minutes,570003,Mysuru,2026-07-13,2026-07-13-0645,not_serviceable,0,
flipkart-minutes,570004,Mysuru,2026-07-13,2026-07-13-0645,price_captured,1,250
flipkart-minutes,570005,Mysuru,2026-07-13,2026-07-13-0645,price_captured,1,250
flipkart-minutes,570006,Mysuru,2026-07-13,2026-07-13-0645,not_serviceable,0,
flipkart-minutes,570007,Mysuru,2026-07-13,2026-07-13-0645,price_captured,1,250
flipkart-minutes,570008,Mysuru,2026-07-13,2026-07-13-0645,price_captured,1,250
flipkart-minutes,570009,Mysuru,2026-07-13,2026-07-13-0645,price_captured,1,250
flipkart-minutes,570010,Mysuru,2026-07-13,2026-07-13-0645,not_serviceable,0,
flipkart-minutes,570011,Mysuru,2026-07-13,2026-07-13-0645,not_serviceable,0,
flipkart-minutes,570012,Mysuru,2026-07-13,2026-07-13-0645,price_captured,1,250
flipkart-minutes,570014,Mysuru,2026-07-13,2026-07-13-0645,price_captured,1,250
flipkart-minutes,570015,Mysuru,2026-07-13,2026-07-13-0645,price_captured,1,250
flipkart-minutes,570016,Mysuru,2026-07-13,2026-07-13-0645,price_captured,1,250
flipkart-minutes,570017,Mysuru,2026-07-13,2026-07-13-0645,price_captured,1,250
flipkart-minutes,570018,Mysuru,2026-07-13,2026-07-13-0645,not_serviceable,0,
flipkart-minutes,570019,Mysuru,2026-07-13,2026-07-13-0645,price_captured,1,250
flipkart-minutes,570020,Mysuru,2026-07-13,2026-07-13-0645,not_serviceable,0,
flipkart-minutes,570022,Mysuru,2026-07-13,2026-07-13-0645,price_captured,1,250
flipkart-minutes,570023,Mysuru,2026-07-13,2026-07-13-0645,price_captured,1,250
flipkart-minutes,570025,Mysuru,2026-07-13,2026-07-13-0645,not_serviceable,0,
flipkart-minutes,570026,Mysuru,2026-07-13,2026-07-13-0645,not_serviceable,0,
flipkart-minutes,570027,Mysuru,2026-07-13,2026-07-13-0645,not_serviceable,0,
flipkart-minutes,570028,Mysuru,2026-07-13,2026-07-13-0645,not_serviceable,0,
flipkart-minutes,570029,Mysuru,2026-07-13,2026-07-13-0645,price_captured,1,250
flipkart-minutes,570030,Mysuru,2026-07-13,2026-07-13-0645,price_captured,1,250
flipkart-minutes,570031,Mysuru,2026-07-13,2026-07-13-0645,price_captured,1,250
flipkart-minutes,570032,Mysuru,2026-07-13,2026-07-13-0645,not_serviceable,0,
flipkart-minutes,570033,Mysuru,2026-07-13,2026-07-13-0645,not_serviceable,0,
flipkart-minutes,570034,Mysuru,2026-07-13,2026-07-13-0645,price_captured,1,250
flipkart-minutes,571101,Mysuru,2026-07-13,2026-07-13-0645,not_serviceable,0,
flipkart-minutes,571102,Mysuru,2026-07-13,2026-07-13-0645,not_serviceable,0,
flipkart-minutes,571103,Mysuru,2026-07-13,2026-07-13-0645,not_serviceable,0,
flipkart-minutes,571104,Mysuru,2026-07-13,2026-07-13-0645,not_serviceable,0,
flipkart-minutes,571105,Mysuru,2026-07-13,2026-07-13-0645,not_serviceable,0,
flipkart-minutes,571106,Mysuru,2026-07-13,2026-07-13-0645,price_captured,1,250
flipkart-minutes,571107,Mysuru,2026-07-13,2026-07-13-0645,not_serviceable,0,
flipkart-minutes,571108,Mysuru,2026-07-13,2026-07-13-0645,not_serviceable,0,
flipkart-minutes,571110,Mysuru,2026-07-13,2026-07-13-0645,not_serviceable,0,
flipkart-minutes,571114,Mysuru,2026-07-13,2026-07-13-0645,price_captured,1,250
flipkart-minutes,571116,Mysuru,2026-07-13,2026-07-13-0645,not_serviceable,0,
flipkart-minutes,571118,Mysuru,2026-07-13,2026-07-13-0645,not_serviceable,0,
flipkart-minutes,571119,Mysuru,2026-07-13,2026-07-13-0645,not_serviceable,0,
flipkart-minutes,571120,Mysuru,2026-07-13,2026-07-13-0645,not_serviceable,0,
flipkart-minutes,571121,Mysuru,2026-07-13,2026-07-13-0645,not_serviceable,0,
flipkart-minutes,571122,Mysuru,2026-07-13,2026-07-13-0645,not_serviceable,0,
flipkart-minutes,571124,Mysuru,2026-07-13,2026-07-13-0645,not_serviceable,0,
flipkart-minutes,571125,Mysuru,2026-07-13,2026-07-13-0645,not_serviceable,0,
flipkart-minutes,571129,Mysuru,2026-07-13,2026-07-13-0645,not_serviceable,0,
flipkart-minutes,571130,Mysuru,2026-07-13,2026-07-13-0645,not_serviceable,0,
flipkart-minutes,571134,Mysuru,2026-07-13,2026-07-13-0645,not_serviceable,0,
flipkart-minutes,571187,Mysuru,2026-07-13,2026-07-13-0645,not_serviceable,0,
flipkart-minutes,571189,Mysuru,2026-07-13,2026-07-13-0645,not_serviceable,0,
flipkart-minutes,571301,Mysuru,2026-07-13,2026-07-13-0645,not_serviceable,0,
flipkart-minutes,571302,Mysuru,2026-07-13,2026-07-13-0645,not_serviceable,0,
flipkart-minutes,571311,Mysuru,2026-07-13,2026-07-13-0645,not_serviceable,0,
flipkart-minutes,571312,Mysuru,2026-07-13,2026-07-13-0645,not_serviceable,0,
flipkart-minutes,571314,Mysuru,2026-07-13,2026-07-13-0645,not_serviceable,0,
flipkart-minutes,571315,Mysuru,2026-07-13,2026-07-13-0645,price_captured,1,250
flipkart-minutes,571316,Mysuru,2026-07-13,2026-07-13-0645,not_serviceable,0,
flipkart-minutes,571442,Mysuru,2026-07-13,2026-07-13-0645,not_serviceable,0,
flipkart-minutes,571601,Mysuru,2026-07-13,2026-07-13-0645,not_serviceable,0,
flipkart-minutes,571602,Mysuru,2026-07-13,2026-07-13-0645,not_serviceable,0,
flipkart-minutes,571603,Mysuru,2026-07-13,2026-07-13-0645,not_serviceable,0,
flipkart-minutes,571604,Mysuru,2026-07-13,2026-07-13-0645,price_captured,1,250
flipkart-minutes,571610,Mysuru,2026-07-13,2026-07-13-0645,not_serviceable,0,
flipkart-minutes,571617,Mysuru,2026-07-13,2026-07-13-0645,not_serviceable,0,
flipkart-minutes,574107,Mangalore,2026-07-13,2026-07-13-0645,not_serviceable,0,
flipkart-minutes,574109,Mangalore,2026-07-13,2026-07-13-0645,not_serviceable,0,
flipkart-minutes,574141,Mangalore,2026-07-13,2026-07-13-0645,not_serviceable,0,
flipkart-minutes,574142,Mangalore,2026-07-13,2026-07-13-0645,not_serviceable,0,
flipkart-minutes,574143,Mangalore,2026-07-13,2026-07-13-0645,not_serviceable,0,
flipkart-minutes,574144,Mangalore,2026-07-13,2026-07-13-0645,not_serviceable,0,
flipkart-minutes,574145,Mangalore,2026-07-13,2026-07-13-0645,not_serviceable,0,
flipkart-minutes,574146,Mangalore,2026-07-13,2026-07-13-0645,not_serviceable,0,
flipkart-minutes,574148,Mangalore,2026-07-13,2026-07-13-0645,not_serviceable,0,
flipkart-minutes,574150,Mangalore,2026-07-13,2026-07-13-0645,not_serviceable,0,
flipkart-minutes,574151,Mangalore,2026-07-13,2026-07-13-0645,not_serviceable,0,
flipkart-minutes,574153,Mangalore,2026-07-13,2026-07-13-0645,not_serviceable,0,
flipkart-minutes,574154,Mangalore,2026-07-13,2026-07-13-0645,not_serviceable,0,
flipkart-minutes,574197,Mangalore,2026-07-13,2026-07-13-0645,not_serviceable,0,
flipkart-minutes,574198,Mangalore,2026-07-13,2026-07-13-0645,not_serviceable,0,
flipkart-minutes,574199,Mangalore,2026-07-13,2026-07-13-0645,not_serviceable,0,
flipkart-minutes,574201,Mangalore,2026-07-13,2026-07-13-0645,not_serviceable,0,
flipkart-minutes,574202,Mangalore,2026-07-13,2026-07-13-0645,not_serviceable,0,
flipkart-minutes,574203,Mangalore,2026-07-13,2026-07-13-0645,not_serviceable,0,
flipkart-minutes,574210,Mangalore,2026-07-13,2026-07-13-0645,not_serviceable,0,
flipkart-minutes,574211,Mangalore,2026-07-13,2026-07-13-0645,not_serviceable,0,
flipkart-minutes,574212,Mangalore,2026-07-13,2026-07-13-0645,not_serviceable,0,
flipkart-minutes,574213,Mangalore,2026-07-13,2026-07-13-0645,not_serviceable,0,
flipkart-minutes,574214,Mangalore,2026-07-13,2026-07-13-0645,not_serviceable,0,
flipkart-minutes,574216,Mangalore,2026-07-13,2026-07-13-0645,not_serviceable,0,
flipkart-minutes,574217,Mangalore,2026-07-13,2026-07-13-0645,not_serviceable,0,
flipkart-minutes,574218,Mangalore,2026-07-13,2026-07-13-0645,not_serviceable,0,
flipkart-minutes,574219,Mangalore,2026-07-13,2026-07-13-0645,not_serviceable,0,
flipkart-minutes,574220,Mangalore,2026-07-13,2026-07-13-0645,not_serviceable,0,
flipkart-minutes,574221,Mangalore,2026-07-13,2026-07-13-0645,not_serviceable,0,
flipkart-minutes,574222,Mangalore,2026-07-13,2026-07-13-0645,not_serviceable,0,
flipkart-minutes,574223,Mangalore,2026-07-13,2026-07-13-0645,not_serviceable,0,
flipkart-minutes,574224,Mangalore,2026-07-13,2026-07-13-0645,not_serviceable,0,
flipkart-minutes,574225,Mangalore,2026-07-13,2026-07-13-0645,not_serviceable,0,
flipkart-minutes,574226,Mangalore,2026-07-13,2026-07-13-0645,not_serviceable,0,
flipkart-minutes,574227,Mangalore,2026-07-13,2026-07-13-0645,not_serviceable,0,
flipkart-minutes,574228,Mangalore,2026-07-13,2026-07-13-0645,not_serviceable,0,
flipkart-minutes,574229,Mangalore,2026-07-13,2026-07-13-0645,not_serviceable,0,
flipkart-minutes,574230,Mangalore,2026-07-13,2026-07-13-0645,not_serviceable,0,
flipkart-minutes,574231,Mangalore,2026-07-13,2026-07-13-0645,not_serviceable,0,
flipkart-minutes,574232,Mangalore,2026-07-13,2026-07-13-0645,not_serviceable,0,
flipkart-minutes,574233,Mangalore,2026-07-13,2026-07-13-0645,not_serviceable,0,
flipkart-minutes,574234,Mangalore,2026-07-13,2026-07-13-0645,not_serviceable,0,
flipkart-minutes,574235,Mangalore,2026-07-13,2026-07-13-0645,not_serviceable,0,
flipkart-minutes,574236,Mangalore,2026-07-13,2026-07-13-0645,not_serviceable,0,
flipkart-minutes,574237,Mangalore,2026-07-13,2026-07-13-0645,not_serviceable,0,
flipkart-minutes,574238,Mangalore,2026-07-13,2026-07-13-0645,not_serviceable,0,
flipkart-minutes,574239,Mangalore,2026-07-13,2026-07-13-0645,not_serviceable,0,
flipkart-minutes,574240,Mangalore,2026-07-13,2026-07-13-0645,not_serviceable,0,
flipkart-minutes,574241,Mangalore,2026-07-13,2026-07-13-0645,not_serviceable,0,
flipkart-minutes,574242,Mangalore,2026-07-13,2026-07-13-0645,not_serviceable,0,
flipkart-minutes,574243,Mangalore,2026-07-13,2026-07-13-0645,not_serviceable,0,
flipkart-minutes,574248,Mangalore,2026-07-13,2026-07-13-0645,not_serviceable,0,
flipkart-minutes,574253,Mangalore,2026-07-13,2026-07-13-0645,not_serviceable,0,
flipkart-minutes,574259,Mangalore,2026-07-13,2026-07-13-0645,not_serviceable,0,
flipkart-minutes,574260,Mangalore,2026-07-13,2026-07-13-0645,not_serviceable,0,
flipkart-minutes,574265,Mangalore,2026-07-13,2026-07-13-0645,not_serviceable,0,
flipkart-minutes,574267,Mangalore,2026-07-13,2026-07-13-0645,not_serviceable,0,
flipkart-minutes,574274,Mangalore,2026-07-13,2026-07-13-0645,not_serviceable,0,
flipkart-minutes,574279,Mangalore,2026-07-13,2026-07-13-0645,not_serviceable,0,
flipkart-minutes,574285,Mangalore,2026-07-13,2026-07-13-0645,not_serviceable,0,
flipkart-minutes,574313,Mangalore,2026-07-13,2026-07-13-0645,not_serviceable,0,
flipkart-minutes,574314,Mangalore,2026-07-13,2026-07-13-0645,not_serviceable,0,
flipkart-minutes,574323,Mangalore,2026-07-13,2026-07-13-0645,not_serviceable,0,
flipkart-minutes,574324,Mangalore,2026-07-13,2026-07-13-0645,not_serviceable,0,
flipkart-minutes,574325,Mangalore,2026-07-13,2026-07-13-0645,not_serviceable,0,
flipkart-minutes,574326,Mangalore,2026-07-13,2026-07-13-0645,not_serviceable,0,
flipkart-minutes,574327,Mangalore,2026-07-13,2026-07-13-0645,not_serviceable,0,
flipkart-minutes,574328,Mangalore,2026-07-13,2026-07-13-0645,not_serviceable,0,
flipkart-minutes,574509,Mangalore,2026-07-13,2026-07-13-0645,not_serviceable,0,
flipkart-minutes,575001,Mangalore,2026-07-13,2026-07-13-0645,not_serviceable,0,
flipkart-minutes,575002,Mangalore,2026-07-13,2026-07-13-0645,not_serviceable,0,
flipkart-minutes,575003,Mangalore,2026-07-13,2026-07-13-0645,not_serviceable,0,
flipkart-minutes,575004,Mangalore,2026-07-13,2026-07-13-0645,not_serviceable,0,
flipkart-minutes,575005,Mangalore,2026-07-13,2026-07-13-0645,not_serviceable,0,
flipkart-minutes,575006,Mangalore,2026-07-13,2026-07-13-0645,not_serviceable,0,
flipkart-minutes,575007,Mangalore,2026-07-13,2026-07-13-0645,not_serviceable,0,
flipkart-minutes,575008,Mangalore,2026-07-13,2026-07-13-0645,not_serviceable,0,
flipkart-minutes,575009,Mangalore,2026-07-13,2026-07-13-0645,not_serviceable,0,
flipkart-minutes,575010,Mangalore,2026-07-13,2026-07-13-0645,not_serviceable,0,
flipkart-minutes,575011,Mangalore,2026-07-13,2026-07-13-0645,not_serviceable,0,
flipkart-minutes,575013,Mangalore,2026-07-13,2026-07-13-0645,not_serviceable,0,
flipkart-minutes,575014,Mangalore,2026-07-13,2026-07-13-0645,not_serviceable,0,
flipkart-minutes,575015,Mangalore,2026-07-13,2026-07-13-0645,not_serviceable,0,
flipkart-minutes,575016,Mangalore,2026-07-13,2026-07-13-0645,not_serviceable,0,
flipkart-minutes,575017,Mangalore,2026-07-13,2026-07-13-0645,not_serviceable,0,
flipkart-minutes,575018,Mangalore,2026-07-13,2026-07-13-0645,not_serviceable,0,
flipkart-minutes,575019,Mangalore,2026-07-13,2026-07-13-0645,not_serviceable,0,
flipkart-minutes,575020,Mangalore,2026-07-13,2026-07-13-0645,not_serviceable,0,
flipkart-minutes,575022,Mangalore,2026-07-13,2026-07-13-0645,not_serviceable,0,
flipkart-minutes,575023,Mangalore,2026-07-13,2026-07-13-0645,not_serviceable,0,
flipkart-minutes,575025,Mangalore,2026-07-13,2026-07-13-0645,not_serviceable,0,
flipkart-minutes,575028,Mangalore,2026-07-13,2026-07-13-0645,not_serviceable,0,
flipkart-minutes,575029,Mangalore,2026-07-13,2026-07-13-0645,not_serviceable,0,
flipkart-minutes,575030,Mangalore,2026-07-13,2026-07-13-0645,not_serviceable,0,
flipkart-minutes,600001,Chennai,2026-07-13,2026-07-13-0645,price_captured,1,250
flipkart-minutes,600002,Chennai,2026-07-13,2026-07-13-0645,not_serviceable,0,
flipkart-minutes,600003,Chennai,2026-07-13,2026-07-13-0645,not_serviceable,0,
flipkart-minutes,600004,Chennai,2026-07-13,2026-07-13-0645,not_serviceable,0,
flipkart-minutes,600005,Chennai,2026-07-13,2026-07-13-0645,price_captured,1,250
flipkart-minutes,600006,Chennai,2026-07-13,2026-07-13-0645,price_captured,1,250
flipkart-minutes,600007,Chennai,2026-07-13,2026-07-13-0645,not_serviceable,0,
flipkart-minutes,600008,Chennai,2026-07-13,2026-07-13-0645,price_captured,1,250
flipkart-minutes,600009,Chennai,2026-07-13,2026-07-13-0645,not_serviceable,0,
flipkart-minutes,600010,Chennai,2026-07-13,2026-07-13-0645,price_captured,1,250
flipkart-minutes,600011,Chennai,2026-07-13,2026-07-13-0645,price_captured,1,250
flipkart-minutes,600012,Chennai,2026-07-13,2026-07-13-0645,not_serviceable,0,
flipkart-minutes,600013,Chennai,2026-07-13,2026-07-13-0645,price_captured,1,250
flipkart-minutes,600014,Chennai,2026-07-13,2026-07-13-0645,price_captured,1,250
flipkart-minutes,600015,Chennai,2026-07-13,2026-07-13-0645,price_captured,1,250
flipkart-minutes,600016,Chennai,2026-07-13,2026-07-13-0645,not_serviceable,0,
flipkart-minutes,600017,Chennai,2026-07-13,2026-07-13-0645,price_captured,1,250
flipkart-minutes,600018,Chennai,2026-07-13,2026-07-13-0645,not_serviceable,0,
flipkart-minutes,600019,Chennai,2026-07-13,2026-07-13-0645,price_captured,1,250
flipkart-minutes,600020,Chennai,2026-07-13,2026-07-13-0645,price_captured,1,250
flipkart-minutes,600021,Chennai,2026-07-13,2026-07-13-0645,price_captured,1,250
flipkart-minutes,600022,Chennai,2026-07-13,2026-07-13-0645,price_captured,1,250
flipkart-minutes,600023,Chennai,2026-07-13,2026-07-13-0645,price_captured,1,250
flipkart-minutes,600024,Chennai,2026-07-13,2026-07-13-0645,price_captured,1,250
flipkart-minutes,600025,Chennai,2026-07-13,2026-07-13-0645,price_captured,1,250
flipkart-minutes,600026,Chennai,2026-07-13,2026-07-13-0645,not_serviceable,0,
flipkart-minutes,600028,Chennai,2026-07-13,2026-07-13-0645,price_captured,1,250
flipkart-minutes,600030,Chennai,2026-07-13,2026-07-13-0645,price_captured,1,250
flipkart-minutes,600031,Chennai,2026-07-13,2026-07-13-0645,price_captured,1,250
flipkart-minutes,600032,Chennai,2026-07-13,2026-07-13-0645,price_captured,1,250
flipkart-minutes,600033,Chennai,2026-07-13,2026-07-13-0645,price_captured,1,250
flipkart-minutes,600034,Chennai,2026-07-13,2026-07-13-0645,not_serviceable,0,
flipkart-minutes,600035,Chennai,2026-07-13,2026-07-13-0645,not_serviceable,0,
flipkart-minutes,600036,Chennai,2026-07-13,2026-07-13-0645,not_serviceable,0,
flipkart-minutes,600037,Chennai,2026-07-13,2026-07-13-0645,price_captured,1,250
flipkart-minutes,600038,Chennai,2026-07-13,2026-07-13-0645,price_captured,1,250
flipkart-minutes,600039,Chennai,2026-07-13,2026-07-13-0645,not_serviceable,0,
flipkart-minutes,600040,Chennai,2026-07-13,2026-07-13-0645,price_captured,1,250
flipkart-minutes,600041,Chennai,2026-07-13,2026-07-13-0645,not_serviceable,0,
flipkart-minutes,600042,Chennai,2026-07-13,2026-07-13-0645,price_captured,1,250
flipkart-minutes,600049,Chennai,2026-07-13,2026-07-13-0645,price_captured,1,250
flipkart-minutes,600050,Chennai,2026-07-13,2026-07-13-0645,price_captured,1,250
flipkart-minutes,600051,Chennai,2026-07-13,2026-07-13-0645,not_serviceable,0,
flipkart-minutes,600053,Chennai,2026-07-13,2026-07-13-0645,price_captured,1,250
flipkart-minutes,600057,Chennai,2026-07-13,2026-07-13-0645,not_serviceable,0,
flipkart-minutes,600058,Chennai,2026-07-13,2026-07-13-0645,price_captured,1,250
flipkart-minutes,600060,Chennai,2026-07-13,2026-07-13-0645,not_serviceable,0,
flipkart-minutes,600061,Chennai,2026-07-13,2026-07-13-0645,not_serviceable,0,
flipkart-minutes,600066,Chennai,2026-07-13,2026-07-13-0645,not_serviceable,0,
flipkart-minutes,600068,Chennai,2026-07-13,2026-07-13-0645,price_captured,1,250
flipkart-minutes,600076,Chennai,2026-07-13,2026-07-13-0645,price_captured,1,250
flipkart-minutes,600077,Chennai,2026-07-13,2026-07-13-0645,not_serviceable,0,
flipkart-minutes,600078,Chennai,2026-07-13,2026-07-13-0645,price_captured,1,250
flipkart-minutes,600081,Chennai,2026-07-13,2026-07-13-0645,price_captured,1,250
flipkart-minutes,600082,Chennai,2026-07-13,2026-07-13-0645,price_captured,1,250
flipkart-minutes,600083,Chennai,2026-07-13,2026-07-13-0645,price_captured,1,250
flipkart-minutes,600084,Chennai,2026-07-13,2026-07-13-0645,not_serviceable,0,
flipkart-minutes,600085,Chennai,2026-07-13,2026-07-13-0645,not_serviceable,0,
flipkart-minutes,600086,Chennai,2026-07-13,2026-07-13-0645,price_captured,1,250
flipkart-minutes,600087,Chennai,2026-07-13,2026-07-13-0645,price_captured,1,250
flipkart-minutes,600088,Chennai,2026-07-13,2026-07-13-0645,price_captured,1,250
flipkart-minutes,600089,Chennai,2026-07-13,2026-07-13-0645,price_captured,1,250
flipkart-minutes,600090,Chennai,2026-07-13,2026-07-13-0645,price_captured,1,250
flipkart-minutes,600091,Chennai,2026-07-13,2026-07-13-0645,not_serviceable,0,
flipkart-minutes,600092,Chennai,2026-07-13,2026-07-13-0645,price_captured,1,250
flipkart-minutes,600093,Chennai,2026-07-13,2026-07-13-0645,price_captured,1,250
flipkart-minutes,600094,Chennai,2026-07-13,2026-07-13-0645,not_serviceable,0,
flipkart-minutes,600095,Chennai,2026-07-13,2026-07-13-0645,price_captured,1,250
flipkart-minutes,600096,Chennai,2026-07-13,2026-07-13-0645,price_captured,1,250
flipkart-minutes,600097,Chennai,2026-07-13,2026-07-13-0645,price_captured,1,250
flipkart-minutes,600099,Chennai,2026-07-13,2026-07-13-0645,price_captured,1,250
flipkart-minutes,600101,Chennai,2026-07-13,2026-07-13-0645,not_serviceable,0,
flipkart-minutes,600102,Chennai,2026-07-13,2026-07-13-0645,not_serviceable,0,
flipkart-minutes,600103,Chennai,2026-07-13,2026-07-13-0645,not_serviceable,0,
flipkart-minutes,600104,Chennai,2026-07-13,2026-07-13-0645,price_captured,1,250
flipkart-minutes,600106,Chennai,2026-07-13,2026-07-13-0645,not_serviceable,0,
flipkart-minutes,600107,Chennai,2026-07-13,2026-07-13-0645,price_captured,1,250
flipkart-minutes,600113,Chennai,2026-07-13,2026-07-13-0645,not_serviceable,0,
flipkart-minutes,600115,Chennai,2026-07-13,2026-07-13-0645,not_serviceable,0,
flipkart-minutes,600116,Chennai,2026-07-13,2026-07-13-0645,price_captured,1,250
flipkart-minutes,600118,Chennai,2026-07-13,2026-07-13-0645,price_captured,1,250
flipkart-minutes,600119,Chennai,2026-07-13,2026-07-13-0645,price_captured,1,250
flipkart-minutes,600125,Chennai,2026-07-13,2026-07-13-0645,not_serviceable,0,
flipkart-minutes,625001,Madurai,2026-07-13,2026-07-13-0645,not_serviceable,0,
flipkart-minutes,625002,Madurai,2026-07-13,2026-07-13-0645,not_serviceable,0,
flipkart-minutes,625003,Madurai,2026-07-13,2026-07-13-0645,not_serviceable,0,
flipkart-minutes,625004,Madurai,2026-07-13,2026-07-13-0645,not_serviceable,0,
flipkart-minutes,625005,Madurai,2026-07-13,2026-07-13-0645,not_serviceable,0,
flipkart-minutes,625006,Madurai,2026-07-13,2026-07-13-0645,not_serviceable,0,
flipkart-minutes,625007,Madurai,2026-07-13,2026-07-13-0645,not_serviceable,0,
flipkart-minutes,625008,Madurai,2026-07-13,2026-07-13-0645,not_serviceable,0,
flipkart-minutes,625009,Madurai,2026-07-13,2026-07-13-0645,not_serviceable,0,
flipkart-minutes,625011,Madurai,2026-07-13,2026-07-13-0645,not_serviceable,0,
flipkart-minutes,625012,Madurai,2026-07-13,2026-07-13-0645,not_serviceable,0,
flipkart-minutes,625014,Madurai,2026-07-13,2026-07-13-0645,not_serviceable,0,
flipkart-minutes,625015,Madurai,2026-07-13,2026-07-13-0645,not_serviceable,0,
flipkart-minutes,625016,Madurai,2026-07-13,2026-07-13-0645,not_serviceable,0,
flipkart-minutes,625017,Madurai,2026-07-13,2026-07-13-0645,not_serviceable,0,
flipkart-minutes,625018,Madurai,2026-07-13,2026-07-13-0645,not_serviceable,0,
flipkart-minutes,625019,Madurai,2026-07-13,2026-07-13-0645,not_serviceable,0,
flipkart-minutes,625020,Madurai,2026-07-13,2026-07-13-0645,not_serviceable,0,
flipkart-minutes,625021,Madurai,2026-07-13,2026-07-13-0645,not_serviceable,0,
flipkart-minutes,625022,Madurai,2026-07-13,2026-07-13-0645,not_serviceable,0,
flipkart-minutes,625023,Madurai,2026-07-13,2026-07-13-0645,not_serviceable,0,
flipkart-minutes,625101,Madurai,2026-07-13,2026-07-13-0645,not_serviceable,0,
flipkart-minutes,625102,Madurai,2026-07-13,2026-07-13-0645,not_serviceable,0,
flipkart-minutes,625103,Madurai,2026-07-13,2026-07-13-0645,not_serviceable,0,
flipkart-minutes,625104,Madurai,2026-07-13,2026-07-13-0645,not_serviceable,0,
flipkart-minutes,625105,Madurai,2026-07-13,2026-07-13-0645,not_serviceable,0,
flipkart-minutes,625106,Madurai,2026-07-13,2026-07-13-0645,not_serviceable,0,
flipkart-minutes,625107,Madurai,2026-07-13,2026-07-13-0645,not_serviceable,0,
flipkart-minutes,625108,Madurai,2026-07-13,2026-07-13-0645,not_serviceable,0,
flipkart-minutes,625109,Madurai,2026-07-13,2026-07-13-0645,not_serviceable,0,
flipkart-minutes,625110,Madurai,2026-07-13,2026-07-13-0645,not_serviceable,0,
flipkart-minutes,625122,Madurai,2026-07-13,2026-07-13-0645,not_serviceable,0,
flipkart-minutes,625201,Madurai,2026-07-13,2026-07-13-0645,not_serviceable,0,
flipkart-minutes,625205,Madurai,2026-07-13,2026-07-13-0645,not_serviceable,0,
flipkart-minutes,625207,Madurai,2026-07-13,2026-07-13-0645,not_serviceable,0,
flipkart-minutes,625214,Madurai,2026-07-13,2026-07-13-0645,not_serviceable,0,
flipkart-minutes,625218,Madurai,2026-07-13,2026-07-13-0645,not_serviceable,0,
flipkart-minutes,625221,Madurai,2026-07-13,2026-07-13-0645,not_serviceable,0,
flipkart-minutes,625234,Madurai,2026-07-13,2026-07-13-0645,not_serviceable,0,
flipkart-minutes,625301,Madurai,2026-07-13,2026-07-13-0645,not_serviceable,0,
flipkart-minutes,625402,Madurai,2026-07-13,2026-07-13-0645,not_serviceable,0,
flipkart-minutes,625501,Madurai,2026-07-13,2026-07-13-0645,not_serviceable,0,
flipkart-minutes,625503,Madurai,2026-07-13,2026-07-13-0645,not_serviceable,0,
flipkart-minutes,625514,Madurai,2026-07-13,2026-07-13-0645,not_serviceable,0,
flipkart-minutes,625527,Madurai,2026-07-13,2026-07-13-0645,not_serviceable,0,
flipkart-minutes,625529,Madurai,2026-07-13,2026-07-13-0645,not_serviceable,0,
flipkart-minutes,625532,Madurai,2026-07-13,2026-07-13-0645,not_serviceable,0,
flipkart-minutes,625535,Madurai,2026-07-13,2026-07-13-0645,not_serviceable,0,
flipkart-minutes,625537,Madurai,2026-07-13,2026-07-13-0645,not_serviceable,0,
flipkart-minutes,625701,Madurai,2026-07-13,2026-07-13-0645,not_serviceable,0,
flipkart-minutes,625702,Madurai,2026-07-13,2026-07-13-0645,not_serviceable,0,
flipkart-minutes,625703,Madurai,2026-07-13,2026-07-13-0645,not_serviceable,0,
flipkart-minutes,625704,Madurai,2026-07-13,2026-07-13-0645,not_serviceable,0,
flipkart-minutes,625705,Madurai,2026-07-13,2026-07-13-0645,not_serviceable,0,
flipkart-minutes,625706,Madurai,2026-07-13,2026-07-13-0645,not_serviceable,0,
flipkart-minutes,625707,Madurai,2026-07-13,2026-07-13-0645,not_serviceable,0,
flipkart-minutes,625708,Madurai,2026-07-13,2026-07-13-0645,not_serviceable,0,
flipkart-minutes,638459,Coimbatore,2026-07-13,2026-07-13-0645,not_serviceable,0,
flipkart-minutes,641001,Coimbatore,2026-07-13,2026-07-13-0645,price_captured,1,236
flipkart-minutes,641002,Coimbatore,2026-07-13,2026-07-13-0645,price_captured,1,236
flipkart-minutes,641003,Coimbatore,2026-07-13,2026-07-13-0645,price_captured,1,236
flipkart-minutes,641004,Coimbatore,2026-07-13,2026-07-13-0645,price_captured,1,236
flipkart-minutes,641005,Coimbatore,2026-07-13,2026-07-13-0645,price_captured,1,236
flipkart-minutes,641006,Coimbatore,2026-07-13,2026-07-13-0645,price_captured,1,236
flipkart-minutes,641007,Coimbatore,2026-07-13,2026-07-13-0645,price_captured,1,236
flipkart-minutes,641008,Coimbatore,2026-07-13,2026-07-13-0645,price_captured,1,236
flipkart-minutes,641009,Coimbatore,2026-07-13,2026-07-13-0645,price_captured,1,236
flipkart-minutes,641010,Coimbatore,2026-07-13,2026-07-13-0645,not_serviceable,0,
flipkart-minutes,641011,Coimbatore,2026-07-13,2026-07-13-0645,price_captured,1,236
flipkart-minutes,641012,Coimbatore,2026-07-13,2026-07-13-0645,price_captured,1,236
flipkart-minutes,641013,Coimbatore,2026-07-13,2026-07-13-0645,price_captured,1,236
flipkart-minutes,641014,Coimbatore,2026-07-13,2026-07-13-0645,price_captured,1,236
flipkart-minutes,641015,Coimbatore,2026-07-13,2026-07-13-0645,price_captured,1,236
flipkart-minutes,641016,Coimbatore,2026-07-13,2026-07-13-0645,price_captured,1,236
flipkart-minutes,641017,Coimbatore,2026-07-13,2026-07-13-0645,not_serviceable,0,
flipkart-minutes,641018,Coimbatore,2026-07-13,2026-07-13-0645,price_captured,1,236
flipkart-minutes,641019,Coimbatore,2026-07-13,2026-07-13-0645,not_serviceable,0,
flipkart-minutes,641020,Coimbatore,2026-07-13,2026-07-13-0645,not_serviceable,0,
flipkart-minutes,641021,Coimbatore,2026-07-13,2026-07-13-0645,not_serviceable,0,
flipkart-minutes,641022,Coimbatore,2026-07-13,2026-07-13-0645,not_serviceable,0,
flipkart-minutes,641023,Coimbatore,2026-07-13,2026-07-13-0645,not_serviceable,0,
flipkart-minutes,641024,Coimbatore,2026-07-13,2026-07-13-0645,not_serviceable,0,
flipkart-minutes,641025,Coimbatore,2026-07-13,2026-07-13-0645,price_captured,1,236
flipkart-minutes,641026,Coimbatore,2026-07-13,2026-07-13-0645,not_serviceable,0,
flipkart-minutes,641027,Coimbatore,2026-07-13,2026-07-13-0645,price_captured,1,236
flipkart-minutes,641028,Coimbatore,2026-07-13,2026-07-13-0645,price_captured,1,236
flipkart-minutes,641029,Coimbatore,2026-07-13,2026-07-13-0645,not_serviceable,0,
flipkart-minutes,641030,Coimbatore,2026-07-13,2026-07-13-0645,price_captured,1,236
flipkart-minutes,641031,Coimbatore,2026-07-13,2026-07-13-0645,not_serviceable,0,
flipkart-minutes,641032,Coimbatore,2026-07-13,2026-07-13-0645,not_serviceable,0,
flipkart-minutes,641033,Coimbatore,2026-07-13,2026-07-13-0645,price_captured,1,236
flipkart-minutes,641034,Coimbatore,2026-07-13,2026-07-13-0645,not_serviceable,0,
flipkart-minutes,641035,Coimbatore,2026-07-13,2026-07-13-0645,not_serviceable,0,
flipkart-minutes,641036,Coimbatore,2026-07-13,2026-07-13-0645,not_serviceable,0,
flipkart-minutes,641037,Coimbatore,2026-07-13,2026-07-13-0645,price_captured,1,236
flipkart-minutes,641038,Coimbatore,2026-07-13,2026-07-13-0645,price_captured,1,236
flipkart-minutes,641039,Coimbatore,2026-07-13,2026-07-13-0645,not_serviceable,0,
flipkart-minutes,641040,Coimbatore,2026-07-13,2026-07-13-0645,price_captured,1,236
flipkart-minutes,641041,Coimbatore,2026-07-13,2026-07-13-0645,price_captured,1,236
flipkart-minutes,641042,Coimbatore,2026-07-13,2026-07-13-0645,not_serviceable,0,
flipkart-minutes,641043,Coimbatore,2026-07-13,2026-07-13-0645,price_captured,1,236
flipkart-minutes,641044,Coimbatore,2026-07-13,2026-07-13-0645,price_captured,1,236
flipkart-minutes,641045,Coimbatore,2026-07-13,2026-07-13-0645,price_captured,1,236
flipkart-minutes,641046,Coimbatore,2026-07-13,2026-07-13-0645,not_serviceable,0,
flipkart-minutes,641047,Coimbatore,2026-07-13,2026-07-13-0645,not_serviceable,0,
flipkart-minutes,641048,Coimbatore,2026-07-13,2026-07-13-0645,not_serviceable,0,
flipkart-minutes,641049,Coimbatore,2026-07-13,2026-07-13-0645,price_captured,1,236
flipkart-minutes,641050,Coimbatore,2026-07-13,2026-07-13-0645,not_serviceable,0,
flipkart-minutes,641062,Coimbatore,2026-07-13,2026-07-13-0645,not_serviceable,0,
flipkart-minutes,641101,Coimbatore,2026-07-13,2026-07-13-0645,not_serviceable,0,
flipkart-minutes,641103,Coimbatore,2026-07-13,2026-07-13-0645,not_serviceable,0,
flipkart-minutes,641104,Coimbatore,2026-07-13,2026-07-13-0645,not_serviceable,0,
flipkart-minutes,641105,Coimbatore,2026-07-13,2026-07-13-0645,not_serviceable,0,
flipkart-minutes,641107,Coimbatore,2026-07-13,2026-07-13-0645,not_serviceable,0,
flipkart-minutes,641108,Coimbatore,2026-07-13,2026-07-13-0645,price_captured,1,236
flipkart-minutes,641109,Coimbatore,2026-07-13,2026-07-13-0645,not_serviceable,0,
flipkart-minutes,641110,Coimbatore,2026-07-13,2026-07-13-0645,not_serviceable,0,
flipkart-minutes,641111,Coimbatore,2026-07-13,2026-07-13-0645,price_captured,1,236
flipkart-minutes,641112,Coimbatore,2026-07-13,2026-07-13-0645,not_serviceable,0,
flipkart-minutes,641113,Coimbatore,2026-07-13,2026-07-13-0645,not_serviceable,0,
flipkart-minutes,641114,Coimbatore,2026-07-13,2026-07-13-0645,not_serviceable,0,
flipkart-minutes,641201,Coimbatore,2026-07-13,2026-07-13-0645,not_serviceable,0,
flipkart-minutes,641202,Coimbatore,2026-07-13,2026-07-13-0645,price_captured,1,236
flipkart-minutes,641301,Coimbatore,2026-07-13,2026-07-13-0645,not_serviceable,0,
flipkart-minutes,641302,Coimbatore,2026-07-13,2026-07-13-0645,not_serviceable,0,
flipkart-minutes,641305,Coimbatore,2026-07-13,2026-07-13-0645,not_serviceable,0,
flipkart-minutes,641401,Coimbatore,2026-07-13,2026-07-13-0645,not_serviceable,0,
flipkart-minutes,641402,Coimbatore,2026-07-13,2026-07-13-0645,not_serviceable,0,
flipkart-minutes,641407,Coimbatore,2026-07-13,2026-07-13-0645,not_serviceable,0,
flipkart-minutes,641653,Coimbatore,2026-07-13,2026-07-13-0645,not_serviceable,0,
flipkart-minutes,641658,Coimbatore,2026-07-13,2026-07-13-0645,price_captured,1,236
flipkart-minutes,641659,Coimbatore,2026-07-13,2026-07-13-0645,not_serviceable,0,
flipkart-minutes,641668,Coimbatore,2026-07-13,2026-07-13-0645,not_serviceable,0,
flipkart-minutes,641669,Coimbatore,2026-07-13,2026-07-13-0645,not_serviceable,0,
flipkart-minutes,641671,Coimbatore,2026-07-13,2026-07-13-0645,not_serviceable,0,
flipkart-minutes,641697,Coimbatore,2026-07-13,2026-07-13-0645,not_serviceable,0,
flipkart-minutes,642001,Coimbatore,2026-07-13,2026-07-13-0645,not_serviceable,0,
flipkart-minutes,642002,Coimbatore,2026-07-13,2026-07-13-0645,not_serviceable,0,
flipkart-minutes,642003,Coimbatore,2026-07-13,2026-07-13-0645,not_serviceable,0,
flipkart-minutes,642004,Coimbatore,2026-07-13,2026-07-13-0645,price_captured,1,236
flipkart-minutes,642005,Coimbatore,2026-07-13,2026-07-13-0645,not_serviceable,0,
flipkart-minutes,642006,Coimbatore,2026-07-13,2026-07-13-0645,price_captured,1,236
flipkart-minutes,642007,Coimbatore,2026-07-13,2026-07-13-0645,price_captured,1,236
flipkart-minutes,642101,Coimbatore,2026-07-13,2026-07-13-0645,price_captured,1,236
flipkart-minutes,642103,Coimbatore,2026-07-13,2026-07-13-0645,not_serviceable,0,
flipkart-minutes,642104,Coimbatore,2026-07-13,2026-07-13-0645,not_serviceable,0,
flipkart-minutes,642105,Coimbatore,2026-07-13,2026-07-13-0645,not_serviceable,0,
flipkart-minutes,642106,Coimbatore,2026-07-13,2026-07-13-0645,price_captured,1,236
flipkart-minutes,642107,Coimbatore,2026-07-13,2026-07-13-0645,price_captured,1,236
flipkart-minutes,642108,Coimbatore,2026-07-13,2026-07-13-0645,not_serviceable,0,
flipkart-minutes,642109,Coimbatore,2026-07-13,2026-07-13-0645,not_serviceable,0,
flipkart-minutes,642110,Coimbatore,2026-07-13,2026-07-13-0645,not_serviceable,0,
flipkart-minutes,642114,Coimbatore,2026-07-13,2026-07-13-0645,not_serviceable,0,
flipkart-minutes,642117,Coimbatore,2026-07-13,2026-07-13-0645,not_serviceable,0,
flipkart-minutes,642120,Coimbatore,2026-07-13,2026-07-13-0645,not_serviceable,0,
flipkart-minutes,642123,Coimbatore,2026-07-13,2026-07-13-0645,price_captured,1,236
flipkart-minutes,642125,Coimbatore,2026-07-13,2026-07-13-0645,not_serviceable,0,
flipkart-minutes,642127,Coimbatore,2026-07-13,2026-07-13-0645,not_serviceable,0,
flipkart-minutes,642129,Coimbatore,2026-07-13,2026-07-13-0645,not_serviceable,0,
flipkart-minutes,642130,Coimbatore,2026-07-13,2026-07-13-0645,not_serviceable,0,
flipkart-minutes,642133,Coimbatore,2026-07-13,2026-07-13-0645,price_captured,1,236
flipkart-minutes,642134,Coimbatore,2026-07-13,2026-07-13-0645,price_captured,1,236
flipkart-minutes,642202,Coimbatore,2026-07-13,2026-07-13-0645,price_captured,1,236
flipkart-minutes,642205,Coimbatore,2026-07-13,2026-07-13-0645,not_serviceable,0,
flipkart-minutes,680667,Kochi,2026-06-29,2026-06-29-1605,not_serviceable,0,
flipkart-minutes,682001,Kochi,2026-06-29,2026-06-29-1605,not_serviceable,0,
flipkart-minutes,682002,Kochi,2026-06-29,2026-06-29-1605,not_serviceable,0,
flipkart-minutes,682003,Kochi,2026-06-29,2026-06-29-1605,not_serviceable,0,
flipkart-minutes,682004,Kochi,2026-06-29,2026-06-29-1605,not_serviceable,0,
flipkart-minutes,682005,Kochi,2026-06-29,2026-06-29-1605,not_serviceable,0,
flipkart-minutes,682006,Kochi,2026-06-29,2026-06-29-1605,not_serviceable,0,
flipkart-minutes,682007,Kochi,2026-06-29,2026-06-29-1605,not_serviceable,0,
flipkart-minutes,682008,Kochi,2026-06-29,2026-06-29-1605,not_serviceable,0,
flipkart-minutes,682009,Kochi,2026-06-29,2026-06-29-1605,not_serviceable,0,
flipkart-minutes,682010,Kochi,2026-06-29,2026-06-29-1605,not_serviceable,0,
flipkart-minutes,682011,Kochi,2026-06-29,2026-06-29-1605,not_serviceable,0,
flipkart-minutes,682012,Kochi,2026-06-29,2026-06-29-1605,not_serviceable,0,
flipkart-minutes,682013,Kochi,2026-06-29,2026-06-29-1605,not_serviceable,0,
flipkart-minutes,682015,Kochi,2026-06-29,2026-06-29-1605,not_serviceable,0,
flipkart-minutes,682016,Kochi,2026-06-29,2026-06-29-1605,not_serviceable,0,
flipkart-minutes,682017,Kochi,2026-06-29,2026-06-29-1605,not_serviceable,0,
flipkart-minutes,682018,Kochi,2026-06-29,2026-06-29-1605,not_serviceable,0,
flipkart-minutes,682019,Kochi,2026-06-29,2026-06-29-1605,not_serviceable,0,
flipkart-minutes,682020,Kochi,2026-06-29,2026-06-29-1605,not_serviceable,0,
flipkart-minutes,682021,Kochi,2026-06-29,2026-06-29-1605,not_serviceable,0,
flipkart-minutes,682022,Kochi,2026-06-29,2026-06-29-1605,not_serviceable,0,
flipkart-minutes,682023,Kochi,2026-06-29,2026-06-29-1605,not_serviceable,0,
flipkart-minutes,682024,Kochi,2026-06-29,2026-06-29-1605,not_serviceable,0,
flipkart-minutes,682025,Kochi,2026-06-29,2026-06-29-1605,not_serviceable,0,
flipkart-minutes,682026,Kochi,2026-06-29,2026-06-29-1605,not_serviceable,0,
flipkart-minutes,682027,Kochi,2026-06-29,2026-06-29-1605,not_serviceable,0,
flipkart-minutes,682028,Kochi,2026-06-29,2026-06-29-1605,not_serviceable,0,
flipkart-minutes,682029,Kochi,2026-06-29,2026-06-29-1605,not_serviceable,0,
flipkart-minutes,682030,Kochi,2026-06-29,2026-06-29-1605,not_serviceable,0,
flipkart-minutes,682031,Kochi,2026-06-29,2026-06-29-1605,not_serviceable,0,
flipkart-minutes,682032,Kochi,2026-06-29,2026-06-29-1605,not_serviceable,0,
flipkart-minutes,682033,Kochi,2026-06-29,2026-06-29-1605,not_serviceable,0,
flipkart-minutes,682034,Kochi,2026-06-29,2026-06-29-1605,not_serviceable,0,
flipkart-minutes,682035,Kochi,2026-06-29,2026-06-29-1605,not_serviceable,0,
flipkart-minutes,682036,Kochi,2026-06-29,2026-06-29-1605,not_serviceable,0,
flipkart-minutes,682037,Kochi,2026-06-29,2026-06-29-1605,not_serviceable,0,
flipkart-minutes,682038,Kochi,2026-06-29,2026-06-29-1605,not_serviceable,0,
flipkart-minutes,682039,Kochi,2026-06-29,2026-06-29-1605,not_serviceable,0,
flipkart-minutes,682040,Kochi,2026-06-29,2026-06-29-1605,not_serviceable,0,
flipkart-minutes,682041,Kochi,2026-06-29,2026-06-29-1605,not_serviceable,0,
flipkart-minutes,682042,Kochi,2026-06-29,2026-06-29-1605,not_serviceable,0,
flipkart-minutes,682050,Kochi,2026-06-29,2026-06-29-1605,not_serviceable,0,
flipkart-minutes,682051,Kochi,2026-06-29,2026-06-29-1605,not_serviceable,0,
flipkart-minutes,682052,Kochi,2026-06-29,2026-06-29-1605,not_serviceable,0,
flipkart-minutes,682301,Kochi,2026-06-29,2026-06-29-1605,not_serviceable,0,
flipkart-minutes,682302,Kochi,2026-06-29,2026-06-29-1605,not_serviceable,0,
flipkart-minutes,682303,Kochi,2026-06-29,2026-06-29-1605,not_serviceable,0,
flipkart-minutes,682304,Kochi,2026-06-29,2026-06-29-1605,not_serviceable,0,
flipkart-minutes,682305,Kochi,2026-06-29,2026-06-29-1605,not_serviceable,0,
flipkart-minutes,682306,Kochi,2026-06-29,2026-06-29-1605,not_serviceable,0,
flipkart-minutes,682307,Kochi,2026-06-29,2026-06-29-1605,not_serviceable,0,
flipkart-minutes,682308,Kochi,2026-06-29,2026-06-29-1605,not_serviceable,0,
flipkart-minutes,682309,Kochi,2026-06-29,2026-06-29-1605,not_serviceable,0,
flipkart-minutes,682310,Kochi,2026-06-29,2026-06-29-1605,not_serviceable,0,
flipkart-minutes,682311,Kochi,2026-06-29,2026-06-29-1605,not_serviceable,0,
flipkart-minutes,682312,Kochi,2026-06-29,2026-06-29-1605,not_serviceable,0,
flipkart-minutes,682313,Kochi,2026-06-29,2026-06-29-1605,not_serviceable,0,
flipkart-minutes,682314,Kochi,2026-06-29,2026-06-29-1605,not_serviceable,0,
flipkart-minutes,682315,Kochi,2026-06-29,2026-06-29-1605,not_serviceable,0,
flipkart-minutes,682316,Kochi,2026-06-29,2026-06-29-1605,not_serviceable,0,
flipkart-minutes,682317,Kochi,2026-06-29,2026-06-29-1605,not_serviceable,0,
flipkart-minutes,682501,Kochi,2026-06-29,2026-06-29-1605,not_serviceable,0,
flipkart-minutes,682502,Kochi,2026-06-29,2026-06-29-1605,not_serviceable,0,
flipkart-minutes,682503,Kochi,2026-06-29,2026-06-29-1605,not_serviceable,0,
flipkart-minutes,682504,Kochi,2026-06-29,2026-06-29-1605,not_serviceable,0,
flipkart-minutes,682505,Kochi,2026-06-29,2026-06-29-1605,not_serviceable,0,
flipkart-minutes,682506,Kochi,2026-06-29,2026-06-29-1605,not_serviceable,0,
flipkart-minutes,682507,Kochi,2026-06-29,2026-06-29-1605,not_serviceable,0,
flipkart-minutes,682508,Kochi,2026-06-29,2026-06-29-1605,not_serviceable,0,
flipkart-minutes,682509,Kochi,2026-06-29,2026-06-29-1605,not_serviceable,0,
flipkart-minutes,682511,Kochi,2026-06-29,2026-06-29-1605,not_serviceable,0,
flipkart-minutes,683101,Kochi,2026-06-29,2026-06-29-1605,not_serviceable,0,
flipkart-minutes,683102,Kochi,2026-06-29,2026-06-29-1605,not_serviceable,0,
flipkart-minutes,683104,Kochi,2026-06-29,2026-06-29-1605,not_serviceable,0,
flipkart-minutes,683105,Kochi,2026-06-29,2026-06-29-1605,not_serviceable,0,
flipkart-minutes,683106,Kochi,2026-06-29,2026-06-29-1605,not_serviceable,0,
flipkart-minutes,683108,Kochi,2026-06-29,2026-06-29-1605,not_serviceable,0,
flipkart-minutes,683110,Kochi,2026-06-29,2026-06-29-1605,not_serviceable,0,
flipkart-minutes,683111,Kochi,2026-06-29,2026-06-29-1605,not_serviceable,0,
flipkart-minutes,683112,Kochi,2026-06-29,2026-06-29-1605,not_serviceable,0,
flipkart-minutes,683501,Kochi,2026-06-29,2026-06-29-1605,not_serviceable,0,
flipkart-minutes,683502,Kochi,2026-06-29,2026-06-29-1605,not_serviceable,0,
flipkart-minutes,683503,Kochi,2026-06-29,2026-06-29-1605,not_serviceable,0,
flipkart-minutes,683511,Kochi,2026-06-29,2026-06-29-1605,not_serviceable,0,
flipkart-minutes,683512,Kochi,2026-06-29,2026-06-29-1605,not_serviceable,0,
flipkart-minutes,683513,Kochi,2026-06-29,2026-06-29-1605,not_serviceable,0,
flipkart-minutes,683514,Kochi,2026-06-29,2026-06-29-1605,not_serviceable,0,
flipkart-minutes,683515,Kochi,2026-06-29,2026-06-29-1605,not_serviceable,0,
flipkart-minutes,683516,Kochi,2026-06-29,2026-06-29-1605,not_serviceable,0,
flipkart-minutes,683517,Kochi,2026-06-29,2026-06-29-1605,not_serviceable,0,
flipkart-minutes,683518,Kochi,2026-06-29,2026-06-29-1605,not_serviceable,0,
flipkart-minutes,683519,Kochi,2026-06-29,2026-06-29-1605,not_serviceable,0,
flipkart-minutes,683520,Kochi,2026-06-29,2026-06-29-1605,not_serviceable,0,
flipkart-minutes,683521,Kochi,2026-06-29,2026-06-29-1605,not_serviceable,0,
flipkart-minutes,683522,Kochi,2026-06-29,2026-06-29-1605,not_serviceable,0,
flipkart-minutes,683541,Kochi,2026-06-29,2026-06-29-1605,not_serviceable,0,
flipkart-minutes,683542,Kochi,2026-06-29,2026-06-29-1605,not_serviceable,0,
flipkart-minutes,683543,Kochi,2026-06-29,2026-06-29-1605,not_serviceable,0,
flipkart-minutes,683544,Kochi,2026-06-29,2026-06-29-1605,not_serviceable,0,
flipkart-minutes,683545,Kochi,2026-06-29,2026-06-29-1605,not_serviceable,0,
flipkart-minutes,683546,Kochi,2026-06-29,2026-06-29-1605,not_serviceable,0,
flipkart-minutes,683547,Kochi,2026-06-29,2026-06-29-1605,not_serviceable,0,
flipkart-minutes,683548,Kochi,2026-06-29,2026-06-29-1605,not_serviceable,0,
flipkart-minutes,683549,Kochi,2026-06-29,2026-06-29-1605,not_serviceable,0,
flipkart-minutes,683550,Kochi,2026-06-29,2026-06-29-1605,not_serviceable,0,
flipkart-minutes,683556,Kochi,2026-06-29,2026-06-29-1605,not_serviceable,0,
flipkart-minutes,683561,Kochi,2026-06-29,2026-06-29-1605,not_serviceable,0,
flipkart-minutes,683562,Kochi,2026-06-29,2026-06-29-1605,not_serviceable,0,
flipkart-minutes,683563,Kochi,2026-06-29,2026-06-29-1605,not_serviceable,0,
flipkart-minutes,683565,Kochi,2026-06-29,2026-06-29-1605,not_serviceable,0,
flipkart-minutes,683571,Kochi,2026-06-29,2026-06-29-1605,not_serviceable,0,
flipkart-minutes,683572,Kochi,2026-06-29,2026-06-29-1605,not_serviceable,0,
flipkart-minutes,683573,Kochi,2026-06-29,2026-06-29-1605,not_serviceable,0,
flipkart-minutes,683574,Kochi,2026-06-29,2026-06-29-1605,not_serviceable,0,
flipkart-minutes,683575,Kochi,2026-06-29,2026-06-29-1605,not_serviceable,0,
flipkart-minutes,683576,Kochi,2026-06-29,2026-06-29-1605,not_serviceable,0,
flipkart-minutes,683577,Kochi,2026-06-29,2026-06-29-1605,not_serviceable,0,
flipkart-minutes,683578,Kochi,2026-06-29,2026-06-29-1605,not_serviceable,0,
flipkart-minutes,683579,Kochi,2026-06-29,2026-06-29-1605,not_serviceable,0,
flipkart-minutes,683580,Kochi,2026-06-29,2026-06-29-1605,not_serviceable,0,
flipkart-minutes,683581,Kochi,2026-06-29,2026-06-29-1605,not_serviceable,0,
flipkart-minutes,683585,Kochi,2026-06-29,2026-06-29-1605,not_serviceable,0,
flipkart-minutes,683587,Kochi,2026-06-29,2026-06-29-1605,not_serviceable,0,
flipkart-minutes,683589,Kochi,2026-06-29,2026-06-29-1605,not_serviceable,0,
flipkart-minutes,683594,Kochi,2026-06-29,2026-06-29-1605,not_serviceable,0,
flipkart-minutes,686661,Kochi,2026-06-29,2026-06-29-1605,not_serviceable,0,
flipkart-minutes,686662,Kochi,2026-06-29,2026-06-29-1605,not_serviceable,0,
flipkart-minutes,686663,Kochi,2026-06-29,2026-06-29-1605,not_serviceable,0,
flipkart-minutes,686664,Kochi,2026-06-29,2026-06-29-1605,not_serviceable,0,
flipkart-minutes,686665,Kochi,2026-06-29,2026-06-29-1605,not_serviceable,0,
flipkart-minutes,686666,Kochi,2026-06-29,2026-06-29-1605,not_serviceable,0,
flipkart-minutes,686667,Kochi,2026-06-29,2026-06-29-1605,not_serviceable,0,
flipkart-minutes,686668,Kochi,2026-06-29,2026-06-29-1605,not_serviceable,0,
flipkart-minutes,686669,Kochi,2026-06-29,2026-06-29-1605,not_serviceable,0,
flipkart-minutes,686670,Kochi,2026-06-29,2026-06-29-1605,not_serviceable,0,
flipkart-minutes,686671,Kochi,2026-06-29,2026-06-29-1605,not_serviceable,0,
flipkart-minutes,686672,Kochi,2026-06-29,2026-06-29-1605,not_serviceable,0,
flipkart-minutes,686673,Kochi,2026-06-29,2026-06-29-1605,not_serviceable,0,
flipkart-minutes,686681,Kochi,2026-06-29,2026-06-29-1605,not_serviceable,0,
flipkart-minutes,686691,Kochi,2026-06-29,2026-06-29-1605,not_serviceable,0,
flipkart-minutes,686692,Kochi,2026-06-29,2026-06-29-1605,not_serviceable,0,
flipkart-minutes,686693,Kochi,2026-06-29,2026-06-29-1605,not_serviceable,0,
flipkart-minutes,695001,Thiruvananthapuram,2026-06-29,2026-06-29-1605,not_serviceable,0,
flipkart-minutes,695002,Thiruvananthapuram,2026-06-29,2026-06-29-1605,not_serviceable,0,
flipkart-minutes,695003,Thiruvananthapuram,2026-06-29,2026-06-29-1605,not_serviceable,0,
flipkart-minutes,695004,Thiruvananthapuram,2026-06-29,2026-06-29-1605,not_serviceable,0,
flipkart-minutes,695005,Thiruvananthapuram,2026-06-29,2026-06-29-1605,not_serviceable,0,
flipkart-minutes,695006,Thiruvananthapuram,2026-06-29,2026-06-29-1605,not_serviceable,0,
flipkart-minutes,695007,Thiruvananthapuram,2026-06-29,2026-06-29-1605,not_serviceable,0,
flipkart-minutes,695008,Thiruvananthapuram,2026-06-29,2026-06-29-1605,not_serviceable,0,
flipkart-minutes,695009,Thiruvananthapuram,2026-06-29,2026-06-29-1605,not_serviceable,0,
flipkart-minutes,695010,Thiruvananthapuram,2026-06-29,2026-06-29-1605,not_serviceable,0,
flipkart-minutes,695011,Thiruvananthapuram,2026-06-29,2026-06-29-1605,not_serviceable,0,
flipkart-minutes,695012,Thiruvananthapuram,2026-06-29,2026-06-29-1605,not_serviceable,0,
flipkart-minutes,695013,Thiruvananthapuram,2026-06-29,2026-06-29-1605,not_serviceable,0,
flipkart-minutes,695014,Thiruvananthapuram,2026-06-29,2026-06-29-1605,not_serviceable,0,
flipkart-minutes,695015,Thiruvananthapuram,2026-06-29,2026-06-29-1605,not_serviceable,0,
flipkart-minutes,695016,Thiruvananthapuram,2026-06-29,2026-06-29-1605,not_serviceable,0,
flipkart-minutes,695017,Thiruvananthapuram,2026-06-29,2026-06-29-1605,not_serviceable,0,
flipkart-minutes,695018,Thiruvananthapuram,2026-06-29,2026-06-29-1605,not_serviceable,0,
flipkart-minutes,695019,Thiruvananthapuram,2026-06-29,2026-06-29-1605,not_serviceable,0,
flipkart-minutes,695020,Thiruvananthapuram,2026-06-29,2026-06-29-1605,not_serviceable,0,
flipkart-minutes,695021,Thiruvananthapuram,2026-06-29,2026-06-29-1605,not_serviceable,0,
flipkart-minutes,695022,Thiruvananthapuram,2026-06-29,2026-06-29-1605,not_serviceable,0,
flipkart-minutes,695023,Thiruvananthapuram,2026-06-29,2026-06-29-1605,not_serviceable,0,
flipkart-minutes,695024,Thiruvananthapuram,2026-06-29,2026-06-29-1605,not_serviceable,0,
flipkart-minutes,695025,Thiruvananthapuram,2026-06-29,2026-06-29-1605,not_serviceable,0,
flipkart-minutes,695026,Thiruvananthapuram,2026-06-29,2026-06-29-1605,not_serviceable,0,
flipkart-minutes,695027,Thiruvananthapuram,2026-06-29,2026-06-29-1605,not_serviceable,0,
flipkart-minutes,695028,Thiruvananthapuram,2026-06-29,2026-06-29-1605,not_serviceable,0,
flipkart-minutes,695029,Thiruvananthapuram,2026-06-29,2026-06-29-1605,not_serviceable,0,
flipkart-minutes,695030,Thiruvananthapuram,2026-06-29,2026-06-29-1605,not_serviceable,0,
flipkart-minutes,695032,Thiruvananthapuram,2026-06-29,2026-06-29-1605,not_serviceable,0,
flipkart-minutes,695033,Thiruvananthapuram,2026-06-29,2026-06-29-1605,not_serviceable,0,
flipkart-minutes,695034,Thiruvananthapuram,2026-06-29,2026-06-29-1605,not_serviceable,0,
flipkart-minutes,695035,Thiruvananthapuram,2026-06-29,2026-06-29-1605,not_serviceable,0,
flipkart-minutes,695036,Thiruvananthapuram,2026-06-29,2026-06-29-1605,not_serviceable,0,
flipkart-minutes,695038,Thiruvananthapuram,2026-06-29,2026-06-29-1605,not_serviceable,0,
flipkart-minutes,695040,Thiruvananthapuram,2026-06-29,2026-06-29-1605,not_serviceable,0,
flipkart-minutes,695042,Thiruvananthapuram,2026-06-29,2026-06-29-1605,not_serviceable,0,
flipkart-minutes,695043,Thiruvananthapuram,2026-06-29,2026-06-29-1605,not_serviceable,0,
flipkart-minutes,695051,Thiruvananthapuram,2026-06-29,2026-06-29-1605,not_serviceable,0,
flipkart-minutes,695099,Thiruvananthapuram,2026-06-29,2026-06-29-1605,not_serviceable,0,
flipkart-minutes,695101,Thiruvananthapuram,2026-06-29,2026-06-29-1605,not_serviceable,0,
flipkart-minutes,695102,Thiruvananthapuram,2026-06-29,2026-06-29-1605,not_serviceable,0,
flipkart-minutes,695103,Thiruvananthapuram,2026-06-29,2026-06-29-1605,not_serviceable,0,
flipkart-minutes,695104,Thiruvananthapuram,2026-06-29,2026-06-29-1605,not_serviceable,0,
flipkart-minutes,695121,Thiruvananthapuram,2026-06-29,2026-06-29-1605,not_serviceable,0,
flipkart-minutes,695122,Thiruvananthapuram,2026-06-29,2026-06-29-1605,not_serviceable,0,
flipkart-minutes,695123,Thiruvananthapuram,2026-06-29,2026-06-29-1605,not_serviceable,0,
flipkart-minutes,695124,Thiruvananthapuram,2026-06-29,2026-06-29-1605,not_serviceable,0,
flipkart-minutes,695125,Thiruvananthapuram,2026-06-29,2026-06-29-1605,not_serviceable,0,
flipkart-minutes,695126,Thiruvananthapuram,2026-06-29,2026-06-29-1605,not_serviceable,0,
flipkart-minutes,695132,Thiruvananthapuram,2026-06-29,2026-06-29-1605,not_serviceable,0,
flipkart-minutes,695133,Thiruvananthapuram,2026-06-29,2026-06-29-1605,not_serviceable,0,
flipkart-minutes,695134,Thiruvananthapuram,2026-06-29,2026-06-29-1605,not_serviceable,0,
flipkart-minutes,695141,Thiruvananthapuram,2026-06-29,2026-06-29-1605,not_serviceable,0,
flipkart-minutes,695142,Thiruvananthapuram,2026-06-29,2026-06-29-1605,not_serviceable,0,
flipkart-minutes,695143,Thiruvananthapuram,2026-06-29,2026-06-29-1605,not_serviceable,0,
flipkart-minutes,695144,Thiruvananthapuram,2026-06-29,2026-06-29-1605,not_serviceable,0,
flipkart-minutes,695145,Thiruvananthapuram,2026-06-29,2026-06-29-1605,not_serviceable,0,
flipkart-minutes,695146,Thiruvananthapuram,2026-06-29,2026-06-29-1605,not_serviceable,0,
flipkart-minutes,695301,Thiruvananthapuram,2026-06-29,2026-06-29-1605,not_serviceable,0,
flipkart-minutes,695302,Thiruvananthapuram,2026-06-29,2026-06-29-1605,not_serviceable,0,
flipkart-minutes,695303,Thiruvananthapuram,2026-06-29,2026-06-29-1605,not_serviceable,0,
flipkart-minutes,695304,Thiruvananthapuram,2026-06-29,2026-06-29-1605,not_serviceable,0,
flipkart-minutes,695305,Thiruvananthapuram,2026-06-29,2026-06-29-1605,not_serviceable,0,
flipkart-minutes,695306,Thiruvananthapuram,2026-06-29,2026-06-29-1605,not_serviceable,0,
flipkart-minutes,695307,Thiruvananthapuram,2026-06-29,2026-06-29-1605,not_serviceable,0,
flipkart-minutes,695308,Thiruvananthapuram,2026-06-29,2026-06-29-1605,not_serviceable,0,
flipkart-minutes,695309,Thiruvananthapuram,2026-06-29,2026-06-29-1605,not_serviceable,0,
flipkart-minutes,695310,Thiruvananthapuram,2026-06-29,2026-06-29-1605,not_serviceable,0,
flipkart-minutes,695311,Thiruvananthapuram,2026-06-29,2026-06-29-1605,not_serviceable,0,
flipkart-minutes,695312,Thiruvananthapuram,2026-06-29,2026-06-29-1605,not_serviceable,0,
flipkart-minutes,695313,Thiruvananthapuram,2026-06-29,2026-06-29-1605,not_serviceable,0,
flipkart-minutes,695316,Thiruvananthapuram,2026-06-29,2026-06-29-1605,not_serviceable,0,
flipkart-minutes,695317,Thiruvananthapuram,2026-06-29,2026-06-29-1605,not_serviceable,0,
flipkart-minutes,695318,Thiruvananthapuram,2026-06-29,2026-06-29-1605,not_serviceable,0,
flipkart-minutes,695501,Thiruvananthapuram,2026-06-29,2026-06-29-1605,not_serviceable,0,
flipkart-minutes,695502,Thiruvananthapuram,2026-06-29,2026-06-29-1605,not_serviceable,0,
flipkart-minutes,695503,Thiruvananthapuram,2026-06-29,2026-06-29-1605,not_serviceable,0,
flipkart-minutes,695504,Thiruvananthapuram,2026-06-29,2026-06-29-1605,not_serviceable,0,
flipkart-minutes,695505,Thiruvananthapuram,2026-06-29,2026-06-29-1605,not_serviceable,0,
flipkart-minutes,695506,Thiruvananthapuram,2026-06-29,2026-06-29-1605,not_serviceable,0,
flipkart-minutes,695507,Thiruvananthapuram,2026-06-29,2026-06-29-1605,not_serviceable,0,
flipkart-minutes,695508,Thiruvananthapuram,2026-06-29,2026-06-29-1605,not_serviceable,0,
flipkart-minutes,695512,Thiruvananthapuram,2026-06-29,2026-06-29-1605,not_serviceable,0,
flipkart-minutes,695513,Thiruvananthapuram,2026-06-29,2026-06-29-1605,not_serviceable,0,
flipkart-minutes,695521,Thiruvananthapuram,2026-06-29,2026-06-29-1605,not_serviceable,0,
flipkart-minutes,695522,Thiruvananthapuram,2026-06-29,2026-06-29-1605,not_serviceable,0,
flipkart-minutes,695523,Thiruvananthapuram,2026-06-29,2026-06-29-1605,not_serviceable,0,
flipkart-minutes,695524,Thiruvananthapuram,2026-06-29,2026-06-29-1605,not_serviceable,0,
flipkart-minutes,695525,Thiruvananthapuram,2026-06-29,2026-06-29-1605,not_serviceable,0,
flipkart-minutes,695526,Thiruvananthapuram,2026-06-29,2026-06-29-1605,not_serviceable,0,
flipkart-minutes,695527,Thiruvananthapuram,2026-06-29,2026-06-29-1605,not_serviceable,0,
flipkart-minutes,695528,Thiruvananthapuram,2026-06-29,2026-06-29-1605,not_serviceable,0,
flipkart-minutes,695541,Thiruvananthapuram,2026-06-29,2026-06-29-1605,not_serviceable,0,
flipkart-minutes,695542,Thiruvananthapuram,2026-06-29,2026-06-29-1605,not_serviceable,0,
flipkart-minutes,695543,Thiruvananthapuram,2026-06-29,2026-06-29-1605,not_serviceable,0,
flipkart-minutes,695547,Thiruvananthapuram,2026-06-29,2026-06-29-1605,not_serviceable,0,
flipkart-minutes,695551,Thiruvananthapuram,2026-06-29,2026-06-29-1605,not_serviceable,0,
flipkart-minutes,695561,Thiruvananthapuram,2026-06-29,2026-06-29-1605,not_serviceable,0,
flipkart-minutes,695562,Thiruvananthapuram,2026-06-29,2026-06-29-1605,not_serviceable,0,
flipkart-minutes,695563,Thiruvananthapuram,2026-06-29,2026-06-29-1605,not_serviceable,0,
flipkart-minutes,695564,Thiruvananthapuram,2026-06-29,2026-06-29-1605,not_serviceable,0,
flipkart-minutes,695568,Thiruvananthapuram,2026-06-29,2026-06-29-1605,not_serviceable,0,
flipkart-minutes,695570,Thiruvananthapuram,2026-06-29,2026-06-29-1605,not_serviceable,0,
flipkart-minutes,695571,Thiruvananthapuram,2026-06-29,2026-06-29-1605,not_serviceable,0,
flipkart-minutes,695572,Thiruvananthapuram,2026-06-29,2026-06-29-1605,not_serviceable,0,
flipkart-minutes,695573,Thiruvananthapuram,2026-06-29,2026-06-29-1605,not_serviceable,0,
flipkart-minutes,695574,Thiruvananthapuram,2026-06-29,2026-06-29-1605,not_serviceable,0,
flipkart-minutes,695575,Thiruvananthapuram,2026-06-29,2026-06-29-1605,not_serviceable,0,
flipkart-minutes,695581,Thiruvananthapuram,2026-06-29,2026-06-29-1605,not_serviceable,0,
flipkart-minutes,695582,Thiruvananthapuram,2026-06-29,2026-06-29-1605,not_serviceable,0,
flipkart-minutes,695583,Thiruvananthapuram,2026-06-29,2026-06-29-1605,not_serviceable,0,
flipkart-minutes,695584,Thiruvananthapuram,2026-06-29,2026-06-29-1605,not_serviceable,0,
flipkart-minutes,695585,Thiruvananthapuram,2026-06-29,2026-06-29-1605,not_serviceable,0,
flipkart-minutes,695586,Thiruvananthapuram,2026-06-29,2026-06-29-1605,not_serviceable,0,
flipkart-minutes,695587,Thiruvananthapuram,2026-06-29,2026-06-29-1605,not_serviceable,0,
flipkart-minutes,695588,Thiruvananthapuram,2026-06-29,2026-06-29-1605,not_serviceable,0,
flipkart-minutes,695589,Thiruvananthapuram,2026-06-29,2026-06-29-1605,not_serviceable,0,
flipkart-minutes,695601,Thiruvananthapuram,2026-06-29,2026-06-29-1605,not_serviceable,0,
flipkart-minutes,695602,Thiruvananthapuram,2026-06-29,2026-06-29-1605,not_serviceable,0,
flipkart-minutes,695603,Thiruvananthapuram,2026-06-29,2026-06-29-1605,not_serviceable,0,
flipkart-minutes,695604,Thiruvananthapuram,2026-06-29,2026-06-29-1605,not_serviceable,0,
flipkart-minutes,695605,Thiruvananthapuram,2026-06-29,2026-06-29-1605,not_serviceable,0,
flipkart-minutes,695606,Thiruvananthapuram,2026-06-29,2026-06-29-1605,not_serviceable,0,
flipkart-minutes,695607,Thiruvananthapuram,2026-06-29,2026-06-29-1605,not_serviceable,0,
flipkart-minutes,695608,Thiruvananthapuram,2026-06-29,2026-06-29-1605,not_serviceable,0,
flipkart-minutes,695609,Thiruvananthapuram,2026-06-29,2026-06-29-1605,not_serviceable,0,
flipkart-minutes,695610,Thiruvananthapuram,2026-06-29,2026-06-29-1605,not_serviceable,0,
flipkart-minutes,695611,Thiruvananthapuram,2026-06-29,2026-06-29-1605,not_serviceable,0,
flipkart-minutes,695612,Thiruvananthapuram,2026-06-29,2026-06-29-1605,not_serviceable,0,
flipkart-minutes,695614,Thiruvananthapuram,2026-06-29,2026-06-29-1605,not_serviceable,0,
flipkart-minutes,695615,Thiruvananthapuram,2026-06-29,2026-06-29-1605,not_serviceable,0,
flipkart-minutes,700001,Kolkata,2026-07-13,2026-07-13-0645,not_serviceable,0,
flipkart-minutes,700002,Kolkata,2026-07-13,2026-07-13-0645,not_serviceable,0,
flipkart-minutes,700003,Kolkata,2026-07-13,2026-07-13-0645,price_captured,4,270
flipkart-minutes,700004,Kolkata,2026-07-13,2026-07-13-0645,not_serviceable,0,
flipkart-minutes,700005,Kolkata,2026-07-13,2026-07-13-0645,price_captured,4,270
flipkart-minutes,700006,Kolkata,2026-07-13,2026-07-13-0645,price_captured,3,270
flipkart-minutes,700007,Kolkata,2026-07-13,2026-07-13-0645,not_serviceable,0,
flipkart-minutes,700008,Kolkata,2026-07-13,2026-07-13-0645,price_captured,3,270
flipkart-minutes,700009,Kolkata,2026-07-13,2026-07-13-0645,not_serviceable,0,
flipkart-minutes,700010,Kolkata,2026-07-13,2026-07-13-0645,not_serviceable,0,
flipkart-minutes,700011,Kolkata,2026-07-13,2026-07-13-0645,not_serviceable,0,
flipkart-minutes,700012,Kolkata,2026-07-13,2026-07-13-0645,not_serviceable,0,
flipkart-minutes,700013,Kolkata,2026-07-13,2026-07-13-0645,not_serviceable,0,
flipkart-minutes,700014,Kolkata,2026-07-13,2026-07-13-0645,price_captured,2,270
flipkart-minutes,700015,Kolkata,2026-07-13,2026-07-13-0645,not_serviceable,0,
flipkart-minutes,700016,Kolkata,2026-07-13,2026-07-13-0645,price_captured,2,270
flipkart-minutes,700017,Kolkata,2026-07-13,2026-07-13-0645,price_captured,2,270
flipkart-minutes,700018,Kolkata,2026-07-13,2026-07-13-0645,not_serviceable,0,
flipkart-minutes,700019,Kolkata,2026-07-13,2026-07-13-0645,not_serviceable,0,
flipkart-minutes,700020,Kolkata,2026-07-13,2026-07-13-0645,not_serviceable,0,
flipkart-minutes,700021,Kolkata,2026-07-13,2026-07-13-0645,not_serviceable,0,
flipkart-minutes,700022,Kolkata,2026-07-13,2026-07-13-0645,not_serviceable,0,
flipkart-minutes,700023,Kolkata,2026-07-13,2026-07-13-0645,not_serviceable,0,
flipkart-minutes,700024,Kolkata,2026-07-13,2026-07-13-0645,not_serviceable,0,
flipkart-minutes,700025,Kolkata,2026-07-13,2026-07-13-0645,not_serviceable,0,
flipkart-minutes,700026,Kolkata,2026-07-13,2026-07-13-0645,not_serviceable,0,
flipkart-minutes,700027,Kolkata,2026-07-13,2026-07-13-0645,price_captured,4,270
flipkart-minutes,700029,Kolkata,2026-07-13,2026-07-13-0645,not_serviceable,0,
flipkart-minutes,700030,Kolkata,2026-07-13,2026-07-13-0645,price_captured,3,270
flipkart-minutes,700031,Kolkata,2026-07-13,2026-07-13-0645,not_serviceable,0,
flipkart-minutes,700032,Kolkata,2026-07-13,2026-07-13-0645,price_captured,4,270
flipkart-minutes,700033,Kolkata,2026-07-13,2026-07-13-0645,not_serviceable,0,
flipkart-minutes,700034,Kolkata,2026-07-13,2026-07-13-0645,price_captured,4,270
flipkart-minutes,700037,Kolkata,2026-07-13,2026-07-13-0645,price_captured,4,270
flipkart-minutes,700038,Kolkata,2026-07-13,2026-07-13-0645,price_captured,4,270
flipkart-minutes,700039,Kolkata,2026-07-13,2026-07-13-0645,price_captured,4,270
flipkart-minutes,700040,Kolkata,2026-07-13,2026-07-13-0645,price_captured,4,270
flipkart-minutes,700041,Kolkata,2026-07-13,2026-07-13-0645,price_captured,4,270
flipkart-minutes,700042,Kolkata,2026-07-13,2026-07-13-0645,price_captured,4,270
flipkart-minutes,700043,Kolkata,2026-07-13,2026-07-13-0645,price_captured,4,270
flipkart-minutes,700044,Kolkata,2026-07-13,2026-07-13-0645,not_serviceable,0,
flipkart-minutes,700045,Kolkata,2026-07-13,2026-07-13-0645,not_serviceable,0,
flipkart-minutes,700046,Kolkata,2026-07-13,2026-07-13-0645,not_serviceable,0,
flipkart-minutes,700047,Kolkata,2026-07-13,2026-07-13-0645,price_captured,4,270
flipkart-minutes,700050,Kolkata,2026-07-13,2026-07-13-0645,price_captured,3,270
flipkart-minutes,700053,Kolkata,2026-07-13,2026-07-13-0645,price_captured,4,270
flipkart-minutes,700054,Kolkata,2026-07-13,2026-07-13-0645,not_serviceable,0,
flipkart-minutes,700060,Kolkata,2026-07-13,2026-07-13-0645,price_captured,4,270
flipkart-minutes,700061,Kolkata,2026-07-13,2026-07-13-0645,price_captured,3,270
flipkart-minutes,700062,Kolkata,2026-07-13,2026-07-13-0645,not_serviceable,0,
flipkart-minutes,700063,Kolkata,2026-07-13,2026-07-13-0645,price_captured,1,419
flipkart-minutes,700066,Kolkata,2026-07-13,2026-07-13-0645,not_serviceable,0,
flipkart-minutes,700067,Kolkata,2026-07-13,2026-07-13-0645,price_captured,3,270
flipkart-minutes,700068,Kolkata,2026-07-13,2026-07-13-0645,not_serviceable,0,
flipkart-minutes,700069,Kolkata,2026-07-13,2026-07-13-0645,not_serviceable,0,
flipkart-minutes,700070,Kolkata,2026-07-13,2026-07-13-0645,price_captured,3,270
flipkart-minutes,700071,Kolkata,2026-07-13,2026-07-13-0645,price_captured,2,270
flipkart-minutes,700072,Kolkata,2026-07-13,2026-07-13-0645,price_captured,2,270
flipkart-minutes,700073,Kolkata,2026-07-13,2026-07-13-0645,not_serviceable,0,
flipkart-minutes,700075,Kolkata,2026-07-13,2026-07-13-0645,not_serviceable,0,
flipkart-minutes,700078,Kolkata,2026-07-13,2026-07-13-0645,not_serviceable,0,
flipkart-minutes,700082,Kolkata,2026-07-13,2026-07-13-0645,not_serviceable,0,
flipkart-minutes,700085,Kolkata,2026-07-13,2026-07-13-0645,not_serviceable,0,
flipkart-minutes,700086,Kolkata,2026-07-13,2026-07-13-0645,not_serviceable,0,
flipkart-minutes,700087,Kolkata,2026-07-13,2026-07-13-0645,price_captured,2,270
flipkart-minutes,700088,Kolkata,2026-07-13,2026-07-13-0645,price_captured,4,270
flipkart-minutes,700092,Kolkata,2026-07-13,2026-07-13-0645,price_captured,4,270
flipkart-minutes,700094,Kolkata,2026-07-13,2026-07-13-0645,price_captured,4,270
flipkart-minutes,700095,Kolkata,2026-07-13,2026-07-13-0645,price_captured,4,270
flipkart-minutes,700099,Kolkata,2026-07-13,2026-07-13-0645,price_captured,4,270
flipkart-minutes,700100,Kolkata,2026-07-13,2026-07-13-0645,not_serviceable,0,
flipkart-minutes,700105,Kolkata,2026-07-13,2026-07-13-0645,not_serviceable,0,
flipkart-minutes,700107,Kolkata,2026-07-13,2026-07-13-0645,price_captured,4,270
flipkart-minutes,711101,Howrah,2026-07-13,2026-07-13-0645,price_captured,3,270
flipkart-minutes,711102,Howrah,2026-07-13,2026-07-13-0645,price_captured,3,270
flipkart-minutes,711103,Howrah,2026-07-13,2026-07-13-0645,not_serviceable,0,
flipkart-minutes,711104,Howrah,2026-07-13,2026-07-13-0645,price_captured,3,270
flipkart-minutes,711105,Howrah,2026-07-13,2026-07-13-0645,price_captured,4,270
flipkart-minutes,711106,Howrah,2026-07-13,2026-07-13-0645,not_serviceable,0,
flipkart-minutes,711107,Howrah,2026-07-13,2026-07-13-0645,price_captured,4,270
flipkart-minutes,711108,Howrah,2026-07-13,2026-07-13-0645,not_serviceable,0,
flipkart-minutes,711109,Howrah,2026-07-13,2026-07-13-0645,price_captured,1,270
flipkart-minutes,711110,Howrah,2026-07-13,2026-07-13-0645,price_captured,1,270
flipkart-minutes,711111,Howrah,2026-07-13,2026-07-13-0645,not_serviceable,0,
flipkart-minutes,711112,Howrah,2026-07-13,2026-07-13-0645,not_serviceable,0,
flipkart-minutes,711113,Howrah,2026-07-13,2026-07-13-0645,price_captured,4,270
flipkart-minutes,711114,Howrah,2026-07-13,2026-07-13-0645,not_serviceable,0,
flipkart-minutes,711115,Howrah,2026-07-13,2026-07-13-0645,not_serviceable,0,
flipkart-minutes,711201,Howrah,2026-07-13,2026-07-13-0645,not_serviceable,0,
flipkart-minutes,711202,Howrah,2026-07-13,2026-07-13-0645,price_captured,4,270
flipkart-minutes,711203,Howrah,2026-07-13,2026-07-13-0645,price_captured,4,270
flipkart-minutes,711204,Howrah,2026-07-13,2026-07-13-0645,not_serviceable,0,
flipkart-minutes,711205,Howrah,2026-07-13,2026-07-13-0645,not_serviceable,0,
flipkart-minutes,711206,Howrah,2026-07-13,2026-07-13-0645,not_serviceable,0,
flipkart-minutes,711225,Howrah,2026-07-13,2026-07-13-0645,not_serviceable,0,
flipkart-minutes,711226,Howrah,2026-07-13,2026-07-13-0645,not_serviceable,0,
flipkart-minutes,711227,Howrah,2026-07-13,2026-07-13-0645,not_serviceable,0,
flipkart-minutes,711301,Howrah,2026-07-13,2026-07-13-0645,price_captured,3,270
flipkart-minutes,711302,Howrah,2026-07-13,2026-07-13-0645,not_serviceable,0,
flipkart-minutes,711303,Howrah,2026-07-13,2026-07-13-0645,not_serviceable,0,
flipkart-minutes,711304,Howrah,2026-07-13,2026-07-13-0645,not_serviceable,0,
flipkart-minutes,711305,Howrah,2026-07-13,2026-07-13-0645,not_serviceable,0,
flipkart-minutes,711306,Howrah,2026-07-13,2026-07-13-0645,not_serviceable,0,
flipkart-minutes,711307,Howrah,2026-07-13,2026-07-13-0645,not_serviceable,0,
flipkart-minutes,711308,Howrah,2026-07-13,2026-07-13-0645,not_serviceable,0,
flipkart-minutes,711309,Howrah,2026-07-13,2026-07-13-0645,not_serviceable,0,
flipkart-minutes,711310,Howrah,2026-07-13,2026-07-13-0645,not_serviceable,0,
flipkart-minutes,711312,Howrah,2026-07-13,2026-07-13-0645,not_serviceable,0,
flipkart-minutes,711313,Howrah,2026-07-13,2026-07-13-0645,not_serviceable,0,
flipkart-minutes,711314,Howrah,2026-07-13,2026-07-13-0645,not_serviceable,0,
flipkart-minutes,711315,Howrah,2026-07-13,2026-07-13-0645,not_serviceable,0,
flipkart-minutes,711316,Howrah,2026-07-13,2026-07-13-0645,not_serviceable,0,
flipkart-minutes,711317,Howrah,2026-07-13,2026-07-13-0645,not_serviceable,0,
flipkart-minutes,711322,Howrah,2026-07-13,2026-07-13-0645,not_serviceable,0,
flipkart-minutes,711331,Howrah,2026-07-13,2026-07-13-0645,not_serviceable,0,
flipkart-minutes,711401,Howrah,2026-07-13,2026-07-13-0645,not_serviceable,0,
flipkart-minutes,711403,Howrah,2026-07-13,2026-07-13-0645,not_serviceable,0,
flipkart-minutes,711404,Howrah,2026-07-13,2026-07-13-0645,not_serviceable,0,
flipkart-minutes,711405,Howrah,2026-07-13,2026-07-13-0645,not_serviceable,0,
flipkart-minutes,711408,Howrah,2026-07-13,2026-07-13-0645,not_serviceable,0,
flipkart-minutes,711409,Howrah,2026-07-13,2026-07-13-0645,not_serviceable,0,
flipkart-minutes,711410,Howrah,2026-07-13,2026-07-13-0645,not_serviceable,0,
flipkart-minutes,711411,Howrah,2026-07-13,2026-07-13-0645,not_serviceable,0,
flipkart-minutes,711412,Howrah,2026-07-13,2026-07-13-0645,not_serviceable,0,
flipkart-minutes,711413,Howrah,2026-07-13,2026-07-13-0645,not_serviceable,0,
flipkart-minutes,711414,Howrah,2026-07-13,2026-07-13-0645,not_serviceable,0,
flipkart-minutes,712401,Howrah,2026-07-13,2026-07-13-0645,not_serviceable,0,
flipkart-minutes,712408,Howrah,2026-07-13,2026-07-13-0645,not_serviceable,0,
flipkart-minutes,751001,Bhubaneswar,2026-06-29,2026-06-29-1605,not_serviceable,0,
flipkart-minutes,751002,Bhubaneswar,2026-06-29,2026-06-29-1605,not_serviceable,0,
flipkart-minutes,751003,Bhubaneswar,2026-06-29,2026-06-29-1605,not_serviceable,0,
flipkart-minutes,751004,Bhubaneswar,2026-06-29,2026-06-29-1605,not_serviceable,0,
flipkart-minutes,751005,Bhubaneswar,2026-06-29,2026-06-29-1605,not_serviceable,0,
flipkart-minutes,751006,Bhubaneswar,2026-06-29,2026-06-29-1605,not_serviceable,0,
flipkart-minutes,751007,Bhubaneswar,2026-06-29,2026-06-29-1605,not_serviceable,0,
flipkart-minutes,751008,Bhubaneswar,2026-06-29,2026-06-29-1605,not_serviceable,0,
flipkart-minutes,751009,Bhubaneswar,2026-06-29,2026-06-29-1605,not_serviceable,0,
flipkart-minutes,751010,Bhubaneswar,2026-06-29,2026-06-29-1605,not_serviceable,0,
flipkart-minutes,751011,Bhubaneswar,2026-06-29,2026-06-29-1605,not_serviceable,0,
flipkart-minutes,751012,Bhubaneswar,2026-06-29,2026-06-29-1605,not_serviceable,0,
flipkart-minutes,751013,Bhubaneswar,2026-06-29,2026-06-29-1605,not_serviceable,0,
flipkart-minutes,751014,Bhubaneswar,2026-06-29,2026-06-29-1605,not_serviceable,0,
flipkart-minutes,751015,Bhubaneswar,2026-06-29,2026-06-29-1605,not_serviceable,0,
flipkart-minutes,751016,Bhubaneswar,2026-06-29,2026-06-29-1605,not_serviceable,0,
flipkart-minutes,751017,Bhubaneswar,2026-06-29,2026-06-29-1605,not_serviceable,0,
flipkart-minutes,751018,Bhubaneswar,2026-06-29,2026-06-29-1605,not_serviceable,0,
flipkart-minutes,751019,Bhubaneswar,2026-06-29,2026-06-29-1605,not_serviceable,0,
flipkart-minutes,751020,Bhubaneswar,2026-06-29,2026-06-29-1605,not_serviceable,0,
flipkart-minutes,751021,Bhubaneswar,2026-06-29,2026-06-29-1605,not_serviceable,0,
flipkart-minutes,751022,Bhubaneswar,2026-06-29,2026-06-29-1605,not_serviceable,0,
flipkart-minutes,751023,Bhubaneswar,2026-06-29,2026-06-29-1605,not_serviceable,0,
flipkart-minutes,751024,Bhubaneswar,2026-06-29,2026-06-29-1605,not_serviceable,0,
flipkart-minutes,751025,Bhubaneswar,2026-06-29,2026-06-29-1605,not_serviceable,0,
flipkart-minutes,751026,Bhubaneswar,2026-06-29,2026-06-29-1605,not_serviceable,0,
flipkart-minutes,751027,Bhubaneswar,2026-06-29,2026-06-29-1605,not_serviceable,0,
flipkart-minutes,751028,Bhubaneswar,2026-06-29,2026-06-29-1605,not_serviceable,0,
flipkart-minutes,751029,Bhubaneswar,2026-06-29,2026-06-29-1605,not_serviceable,0,
flipkart-minutes,751030,Bhubaneswar,2026-06-29,2026-06-29-1605,not_serviceable,0,
flipkart-minutes,751031,Bhubaneswar,2026-06-29,2026-06-29-1605,not_serviceable,0,
flipkart-minutes,751032,Bhubaneswar,2026-06-29,2026-06-29-1605,not_serviceable,0,
flipkart-minutes,751033,Bhubaneswar,2026-06-29,2026-06-29-1605,not_serviceable,0,
flipkart-minutes,751034,Bhubaneswar,2026-06-29,2026-06-29-1605,not_serviceable,0,
flipkart-minutes,752018,Bhubaneswar,2026-06-29,2026-06-29-1605,not_serviceable,0,
flipkart-minutes,752019,Bhubaneswar,2026-06-29,2026-06-29-1605,not_serviceable,0,
flipkart-minutes,752020,Bhubaneswar,2026-06-29,2026-06-29-1605,not_serviceable,0,
flipkart-minutes,752021,Bhubaneswar,2026-06-29,2026-06-29-1605,not_serviceable,0,
flipkart-minutes,752022,Bhubaneswar,2026-06-29,2026-06-29-1605,not_serviceable,0,
flipkart-minutes,752023,Bhubaneswar,2026-06-29,2026-06-29-1605,not_serviceable,0,
flipkart-minutes,752027,Bhubaneswar,2026-06-29,2026-06-29-1605,not_serviceable,0,
flipkart-minutes,752030,Bhubaneswar,2026-06-29,2026-06-29-1605,not_serviceable,0,
flipkart-minutes,752031,Bhubaneswar,2026-06-29,2026-06-29-1605,not_serviceable,0,
flipkart-minutes,752034,Bhubaneswar,2026-06-29,2026-06-29-1605,not_serviceable,0,
flipkart-minutes,752035,Bhubaneswar,2026-06-29,2026-06-29-1605,not_serviceable,0,
flipkart-minutes,752037,Bhubaneswar,2026-06-29,2026-06-29-1605,not_serviceable,0,
flipkart-minutes,752038,Bhubaneswar,2026-06-29,2026-06-29-1605,not_serviceable,0,
flipkart-minutes,752050,Bhubaneswar,2026-06-29,2026-06-29-1605,not_serviceable,0,
flipkart-minutes,752054,Bhubaneswar,2026-06-29,2026-06-29-1605,not_serviceable,0,
flipkart-minutes,752055,Bhubaneswar,2026-06-29,2026-06-29-1605,not_serviceable,0,
flipkart-minutes,752056,Bhubaneswar,2026-06-29,2026-06-29-1605,not_serviceable,0,
flipkart-minutes,752057,Bhubaneswar,2026-06-29,2026-06-29-1605,not_serviceable,0,
flipkart-minutes,752060,Bhubaneswar,2026-06-29,2026-06-29-1605,not_serviceable,0,
flipkart-minutes,752061,Bhubaneswar,2026-06-29,2026-06-29-1605,not_serviceable,0,
flipkart-minutes,752062,Bhubaneswar,2026-06-29,2026-06-29-1605,not_serviceable,0,
flipkart-minutes,752064,Bhubaneswar,2026-06-29,2026-06-29-1605,not_serviceable,0,
flipkart-minutes,752066,Bhubaneswar,2026-06-29,2026-06-29-1605,not_serviceable,0,
flipkart-minutes,752100,Bhubaneswar,2026-06-29,2026-06-29-1605,not_serviceable,0,
flipkart-minutes,752101,Bhubaneswar,2026-06-29,2026-06-29-1605,not_serviceable,0,
flipkart-minutes,752102,Bhubaneswar,2026-06-29,2026-06-29-1605,not_serviceable,0,
flipkart-minutes,752103,Bhubaneswar,2026-06-29,2026-06-29-1605,not_serviceable,0,
flipkart-minutes,752104,Bhubaneswar,2026-06-29,2026-06-29-1605,not_serviceable,0,
flipkart-minutes,752106,Bhubaneswar,2026-06-29,2026-06-29-1605,not_serviceable,0,
flipkart-minutes,752114,Bhubaneswar,2026-06-29,2026-06-29-1605,not_serviceable,0,
flipkart-minutes,752115,Bhubaneswar,2026-06-29,2026-06-29-1605,not_serviceable,0,
flipkart-minutes,754001,Bhubaneswar,2026-06-29,2026-06-29-1605,not_serviceable,0,
flipkart-minutes,754004,Bhubaneswar,2026-06-29,2026-06-29-1605,not_serviceable,0,
flipkart-minutes,754005,Bhubaneswar,2026-06-29,2026-06-29-1605,not_serviceable,0,
flipkart-minutes,754012,Bhubaneswar,2026-06-29,2026-06-29-1605,not_serviceable,0,
flipkart-minutes,900099,Kolkata,2026-07-13,2026-07-13-0645,not_serviceable,0,
zepto,110001,Delhi,2026-07-13,2026-07-13-0944,not_serviceable,0,
zepto,110002,Delhi,2026-07-13,2026-07-13-0944,not_serviceable,0,
zepto,110003,Delhi,2026-07-13,2026-07-13-0944,price_captured,24,1417
zepto,110004,Delhi,2026-07-13,2026-07-13-0944,not_serviceable,0,
zepto,110005,Delhi,2026-07-13,2026-07-13-0944,price_captured,23,1210
zepto,110006,Delhi,2026-07-13,2026-07-13-0944,price_captured,23,1417
zepto,110007,Delhi,2026-07-13,2026-07-13-0944,not_serviceable,0,
zepto,110008,Delhi,2026-07-13,2026-07-13-0944,price_captured,23,1210
zepto,110009,Delhi,2026-07-13,2026-07-13-0944,price_captured,24,1210
zepto,110010,Delhi,2026-07-13,2026-07-13-0944,not_serviceable,0,
zepto,110011,Delhi,2026-07-13,2026-07-13-0944,not_serviceable,0,
zepto,110012,Delhi,2026-07-13,2026-07-13-0944,price_captured,23,1210
zepto,110013,Delhi,2026-07-13,2026-07-13-0944,price_captured,24,1417
zepto,110014,Delhi,2026-07-13,2026-07-13-0944,price_captured,24,1210
zepto,110015,Delhi,2026-07-13,2026-07-13-0944,not_serviceable,0,
zepto,110016,Delhi,2026-07-13,2026-07-13-0944,price_captured,24,1210
zepto,110017,Delhi,2026-07-13,2026-07-13-0944,price_captured,24,1210
zepto,110018,Delhi,2026-07-13,2026-07-13-0944,price_captured,24,1210
zepto,110019,Delhi,2026-07-13,2026-07-13-0944,price_captured,24,1210
zepto,110020,Delhi,2026-07-13,2026-07-13-0944,price_captured,23,1210
zepto,110021,Delhi,2026-07-13,2026-07-13-0944,not_serviceable,0,
zepto,110022,Delhi,2026-07-13,2026-07-13-0944,price_captured,24,1210
zepto,110023,Delhi,2026-07-13,2026-07-13-0944,price_captured,24,1210
zepto,110024,Delhi,2026-07-13,2026-07-13-0944,price_captured,24,1210
zepto,110025,Delhi,2026-07-13,2026-07-13-0944,price_captured,24,1210
zepto,110026,Delhi,2026-07-13,2026-07-13-0944,price_captured,23,1210
zepto,110027,Delhi,2026-07-13,2026-07-13-0944,price_captured,24,1210
zepto,110028,Delhi,2026-07-13,2026-07-13-0944,price_captured,24,1210
zepto,110029,Delhi,2026-07-13,2026-07-13-0944,price_captured,24,1210
zepto,110030,Delhi,2026-07-13,2026-07-13-0944,not_serviceable,0,
zepto,110031,Delhi,2026-07-13,2026-07-13-0944,not_serviceable,0,
zepto,110032,Delhi,2026-07-13,2026-07-13-0944,price_captured,23,1210
zepto,110033,Delhi,2026-07-13,2026-07-13-0944,price_captured,24,1210
zepto,110034,Delhi,2026-07-13,2026-07-13-0944,price_captured,24,1209
zepto,110035,Delhi,2026-07-13,2026-07-13-0944,price_captured,24,1210
zepto,110036,Delhi,2026-07-13,2026-07-13-0944,not_serviceable,0,
zepto,110037,Delhi,2026-07-13,2026-07-13-0944,not_serviceable,0,
zepto,110038,Delhi,2026-07-13,2026-07-13-0944,price_captured,23,1210
zepto,110039,Delhi,2026-07-13,2026-07-13-0944,not_serviceable,0,
zepto,110040,Delhi,2026-07-13,2026-07-13-0944,not_serviceable,0,
zepto,110041,Delhi,2026-07-13,2026-07-13-0944,price_captured,23,1209
zepto,110042,Delhi,2026-07-13,2026-07-13-0944,price_captured,24,1210
zepto,110043,Delhi,2026-07-13,2026-07-13-0944,price_captured,23,1210
zepto,110044,Delhi,2026-07-13,2026-07-13-0944,price_captured,23,1210
zepto,110045,Delhi,2026-07-13,2026-07-13-0944,price_captured,23,1210
zepto,110046,Delhi,2026-07-13,2026-07-13-0944,price_captured,23,1210
zepto,110047,Delhi,2026-07-13,2026-07-13-0944,not_serviceable,0,
zepto,110048,Delhi,2026-07-13,2026-07-13-0944,price_captured,23,1210
zepto,110049,Delhi,2026-07-13,2026-07-13-0944,price_captured,24,1210
zepto,110051,Delhi,2026-07-13,2026-07-13-0944,price_captured,24,1210
zepto,110052,Delhi,2026-07-13,2026-07-13-0944,price_captured,24,1417
zepto,110053,Delhi,2026-07-13,2026-07-13-0944,price_captured,24,1417
zepto,110054,Delhi,2026-07-13,2026-07-13-0944,price_captured,24,1210
zepto,110055,Delhi,2026-07-13,2026-07-13-0944,price_captured,24,1210
zepto,110056,Delhi,2026-07-13,2026-07-13-0944,not_serviceable,0,
zepto,110057,Delhi,2026-07-13,2026-07-13-0944,price_captured,24,1417
zepto,110058,Delhi,2026-07-13,2026-07-13-0944,price_captured,24,1210
zepto,110059,Delhi,2026-07-13,2026-07-13-0944,price_captured,24,1210
zepto,110060,Delhi,2026-07-13,2026-07-13-0944,price_captured,23,1210
zepto,110061,Delhi,2026-07-13,2026-07-13-0944,price_captured,23,1210
zepto,110062,Delhi,2026-07-13,2026-07-13-0944,not_serviceable,0,
zepto,110063,Delhi,2026-07-13,2026-07-13-0944,price_captured,23,1210
zepto,110064,Delhi,2026-07-13,2026-07-13-0944,price_captured,24,1210
zepto,110065,Delhi,2026-07-13,2026-07-13-0944,price_captured,24,1210
zepto,110066,Delhi,2026-07-13,2026-07-13-0944,price_captured,24,1210
zepto,110067,Delhi,2026-07-13,2026-07-13-0944,price_captured,24,1210
zepto,110068,Delhi,2026-07-13,2026-07-13-0944,price_captured,24,1210
zepto,110069,Delhi,2026-07-13,2026-07-13-0944,not_serviceable,0,
zepto,110070,Delhi,2026-07-13,2026-07-13-0944,price_captured,24,1210
zepto,110071,Delhi,2026-07-13,2026-07-13-0944,price_captured,24,1210
zepto,110072,Delhi,2026-07-13,2026-07-13-0944,not_serviceable,0,
zepto,110073,Delhi,2026-07-13,2026-07-13-0944,not_serviceable,0,
zepto,110074,Delhi,2026-07-13,2026-07-13-0944,price_captured,24,1210
zepto,110075,Delhi,2026-07-13,2026-07-13-0944,price_captured,23,1210
zepto,110076,Delhi,2026-07-13,2026-07-13-0944,price_captured,24,1210
zepto,110077,Delhi,2026-07-13,2026-07-13-0944,price_captured,23,1210
zepto,110078,Delhi,2026-07-13,2026-07-13-0944,price_captured,24,1210
zepto,110080,Delhi,2026-07-13,2026-07-13-0944,price_captured,23,1210
zepto,110081,Delhi,2026-07-13,2026-07-13-0944,not_serviceable,0,
zepto,110082,Delhi,2026-07-13,2026-07-13-0944,not_serviceable,0,
zepto,110083,Delhi,2026-07-13,2026-07-13-0944,price_captured,24,1209
zepto,110084,Delhi,2026-07-13,2026-07-13-0944,price_captured,24,1210
zepto,110085,Delhi,2026-07-13,2026-07-13-0944,price_captured,24,1210
zepto,110086,Delhi,2026-07-13,2026-07-13-0944,price_captured,23,1210
zepto,110087,Delhi,2026-07-13,2026-07-13-0944,price_captured,24,1210
zepto,110088,Delhi,2026-07-13,2026-07-13-0944,price_captured,24,1210
zepto,110089,Delhi,2026-07-13,2026-07-13-0944,price_captured,24,1206
zepto,110090,Delhi,2026-07-13,2026-07-13-0944,not_serviceable,0,
zepto,110091,Delhi,2026-07-13,2026-07-13-0944,price_captured,24,1210
zepto,110092,Delhi,2026-07-13,2026-07-13-0944,not_serviceable,0,
zepto,110093,Delhi,2026-07-13,2026-07-13-0944,price_captured,23,1210
zepto,110094,Delhi,2026-07-13,2026-07-13-0944,price_captured,23,1210
zepto,110095,Delhi,2026-07-13,2026-07-13-0944,price_captured,24,1210
zepto,110096,Delhi,2026-07-13,2026-07-13-0944,price_captured,23,1210
zepto,110097,Delhi,2026-07-13,2026-07-13-0944,not_serviceable,0,
zepto,110099,Delhi,2026-07-13,2026-07-13-0944,price_captured,24,1210
zepto,110110,Delhi,2026-07-13,2026-07-13-0944,price_captured,24,1209
zepto,121001,Faridabad,2026-07-13,2026-07-13-0944,price_captured,23,1210
zepto,121002,Faridabad,2026-07-13,2026-07-13-0944,price_captured,23,1210
zepto,121003,Faridabad,2026-07-13,2026-07-13-0944,price_captured,23,1210
zepto,121004,Faridabad,2026-07-13,2026-07-13-0944,price_captured,23,1417
zepto,121005,Faridabad,2026-07-13,2026-07-13-0944,price_captured,23,1210
zepto,121006,Faridabad,2026-07-13,2026-07-13-0944,price_captured,23,1210
zepto,121007,Faridabad,2026-07-13,2026-07-13-0944,price_captured,23,1210
zepto,121008,Faridabad,2026-07-13,2026-07-13-0944,price_captured,23,1210
zepto,121009,Faridabad,2026-07-13,2026-07-13-0944,price_captured,23,1417
zepto,121010,Faridabad,2026-07-13,2026-07-13-0944,price_captured,23,1210
zepto,121012,Faridabad,2026-07-13,2026-07-13-0944,price_captured,23,1210
zepto,121013,Faridabad,2026-07-13,2026-07-13-0944,price_captured,23,1210
zepto,121014,Faridabad,2026-07-13,2026-07-13-0944,not_serviceable,0,
zepto,121015,Faridabad,2026-07-13,2026-07-13-0944,price_captured,23,1417
zepto,121101,Faridabad,2026-07-13,2026-07-13-0944,not_serviceable,0,
zepto,122001,Gurugram,2026-07-13,2026-07-13-0944,price_captured,23,1149
zepto,122002,Gurugram,2026-07-13,2026-07-13-0944,price_captured,23,1210
zepto,122003,Gurugram,2026-07-13,2026-07-13-0944,price_captured,23,1210
zepto,122004,Gurugram,2026-07-13,2026-07-13-0944,not_serviceable,0,
zepto,122005,Gurugram,2026-07-13,2026-07-13-0944,price_captured,23,1210
zepto,122006,Gurugram,2026-07-13,2026-07-13-0944,price_captured,23,1210
zepto,122007,Gurugram,2026-07-13,2026-07-13-0944,price_captured,23,1210
zepto,122008,Gurugram,2026-07-13,2026-07-13-0944,price_captured,23,1210
zepto,122009,Gurugram,2026-07-13,2026-07-13-0944,not_serviceable,0,
zepto,122010,Gurugram,2026-07-13,2026-07-13-0944,price_captured,23,1210
zepto,122011,Gurugram,2026-07-13,2026-07-13-0944,price_captured,23,1210
zepto,122012,Gurugram,2026-07-13,2026-07-13-0944,not_serviceable,0,
zepto,122015,Gurugram,2026-07-13,2026-07-13-0944,price_captured,23,1210
zepto,122016,Gurugram,2026-07-13,2026-07-13-0944,price_captured,23,1210
zepto,122017,Gurugram,2026-07-13,2026-07-13-0944,price_captured,23,1210
zepto,122018,Gurugram,2026-07-13,2026-07-13-0944,price_captured,23,1210
zepto,122051,Gurugram,2026-07-13,2026-07-13-0944,not_serviceable,0,
zepto,122052,Gurugram,2026-07-13,2026-07-13-0944,not_serviceable,0,
zepto,122098,Gurugram,2026-07-13,2026-07-13-0944,price_captured,23,1210
zepto,122101,Gurugram,2026-07-13,2026-07-13-0944,price_captured,23,1210
zepto,122102,Gurugram,2026-07-13,2026-07-13-0944,not_serviceable,0,
zepto,122103,Gurugram,2026-07-13,2026-07-13-0944,price_captured,23,1210
zepto,122413,Gurugram,2026-07-13,2026-07-13-0944,not_serviceable,0,
zepto,122414,Gurugram,2026-07-13,2026-07-13-0944,not_serviceable,0,
zepto,122502,Gurugram,2026-07-13,2026-07-13-0944,not_serviceable,0,
zepto,122503,Gurugram,2026-07-13,2026-07-13-0944,not_serviceable,0,
zepto,122504,Gurugram,2026-07-13,2026-07-13-0944,price_captured,23,1210
zepto,122505,Gurugram,2026-07-13,2026-07-13-0944,price_captured,23,1210
zepto,122506,Gurugram,2026-07-13,2026-07-13-0944,not_serviceable,0,
zepto,140103,Mohali,2026-07-13,2026-07-13-0944,not_serviceable,0,
zepto,140109,Mohali,2026-07-13,2026-07-13-0944,not_serviceable,0,
zepto,140110,Mohali,2026-07-13,2026-07-13-0944,price_captured,23,1210
zepto,140201,Mohali,2026-07-13,2026-07-13-0944,price_captured,23,1210
zepto,140301,Mohali,2026-07-13,2026-07-13-0944,not_serviceable,0,
zepto,140306,Mohali,2026-07-13,2026-07-13-0944,price_captured,23,1210
zepto,140307,Mohali,2026-07-13,2026-07-13-0944,not_serviceable,0,
zepto,140308,Mohali,2026-07-13,2026-07-13-0944,price_captured,23,1210
zepto,140413,Mohali,2026-07-13,2026-07-13-0944,not_serviceable,0,
zepto,140501,Mohali,2026-07-13,2026-07-13-0944,price_captured,23,1210
zepto,140506,Mohali,2026-07-13,2026-07-13-0944,price_captured,23,1210
zepto,140507,Mohali,2026-07-13,2026-07-13-0944,price_captured,23,1210
zepto,140601,Mohali,2026-07-13,2026-07-13-0944,not_serviceable,0,
zepto,140603,Mohali,2026-07-13,2026-07-13-0944,price_captured,23,1210
zepto,140604,Mohali,2026-07-13,2026-07-13-0944,price_captured,23,1210
zepto,140901,Mohali,2026-07-13,2026-07-13-0944,price_captured,23,1210
zepto,141001,Ludhiana,2026-07-13,2026-07-13-0944,price_captured,23,1362
zepto,141002,Ludhiana,2026-07-13,2026-07-13-0944,price_captured,23,1362
zepto,141003,Ludhiana,2026-07-13,2026-07-13-0944,not_serviceable,0,
zepto,141004,Ludhiana,2026-07-13,2026-07-13-0944,price_captured,23,1362
zepto,141006,Ludhiana,2026-07-13,2026-07-13-0944,price_captured,23,1417
zepto,141007,Ludhiana,2026-07-13,2026-07-13-0944,not_serviceable,0,
zepto,141008,Ludhiana,2026-07-13,2026-07-13-0944,price_captured,23,1417
zepto,141010,Ludhiana,2026-07-13,2026-07-13-0944,price_captured,23,1417
zepto,141011,Ludhiana,2026-07-13,2026-07-13-0944,price_captured,23,1417
zepto,141012,Ludhiana,2026-07-13,2026-07-13-0944,price_captured,23,1417
zepto,141013,Ludhiana,2026-07-13,2026-07-13-0944,price_captured,23,1417
zepto,141014,Ludhiana,2026-07-13,2026-07-13-0944,not_serviceable,0,
zepto,141015,Ludhiana,2026-07-13,2026-07-13-0944,price_captured,23,1417
zepto,141016,Ludhiana,2026-07-13,2026-07-13-0944,not_serviceable,0,
zepto,141017,Ludhiana,2026-07-13,2026-07-13-0944,not_serviceable,0,
zepto,141101,Ludhiana,2026-07-13,2026-07-13-0944,not_serviceable,0,
zepto,141102,Ludhiana,2026-07-13,2026-07-13-0944,not_serviceable,0,
zepto,141103,Ludhiana,2026-07-13,2026-07-13-0944,not_serviceable,0,
zepto,141104,Ludhiana,2026-07-13,2026-07-13-0944,not_serviceable,0,
zepto,141105,Ludhiana,2026-07-13,2026-07-13-0944,not_serviceable,0,
zepto,141106,Ludhiana,2026-07-13,2026-07-13-0944,not_serviceable,0,
zepto,141107,Ludhiana,2026-07-13,2026-07-13-0944,not_serviceable,0,
zepto,141108,Ludhiana,2026-07-13,2026-07-13-0944,not_serviceable,0,
zepto,141109,Ludhiana,2026-07-13,2026-07-13-0944,not_serviceable,0,
zepto,141110,Ludhiana,2026-07-13,2026-07-13-0944,not_serviceable,0,
zepto,141112,Ludhiana,2026-07-13,2026-07-13-0944,not_serviceable,0,
zepto,141113,Ludhiana,2026-07-13,2026-07-13-0944,not_serviceable,0,
zepto,141114,Ludhiana,2026-07-13,2026-07-13-0944,not_serviceable,0,
zepto,141115,Ludhiana,2026-07-13,2026-07-13-0944,not_serviceable,0,
zepto,141116,Ludhiana,2026-07-13,2026-07-13-0944,not_serviceable,0,
zepto,141117,Ludhiana,2026-07-13,2026-07-13-0944,not_serviceable,0,
zepto,141118,Ludhiana,2026-07-13,2026-07-13-0944,not_serviceable,0,
zepto,141119,Ludhiana,2026-07-13,2026-07-13-0944,not_serviceable,0,
zepto,141120,Ludhiana,2026-07-13,2026-07-13-0944,not_serviceable,0,
zepto,141121,Ludhiana,2026-07-13,2026-07-13-0944,not_serviceable,0,
zepto,141122,Ludhiana,2026-07-13,2026-07-13-0944,not_serviceable,0,
zepto,141123,Ludhiana,2026-07-13,2026-07-13-0944,not_serviceable,0,
zepto,141125,Ludhiana,2026-07-13,2026-07-13-0944,not_serviceable,0,
zepto,141126,Ludhiana,2026-07-13,2026-07-13-0944,price_captured,23,1417
zepto,141127,Ludhiana,2026-07-13,2026-07-13-0944,not_serviceable,0,
zepto,141201,Ludhiana,2026-07-13,2026-07-13-0944,not_serviceable,0,
zepto,141202,Ludhiana,2026-07-13,2026-07-13-0944,not_serviceable,0,
zepto,141203,Ludhiana,2026-07-13,2026-07-13-0944,not_serviceable,0,
zepto,141204,Ludhiana,2026-07-13,2026-07-13-0944,not_serviceable,0,
zepto,141205,Ludhiana,2026-07-13,2026-07-13-0944,not_serviceable,0,
zepto,141206,Ludhiana,2026-07-13,2026-07-13-0944,not_serviceable,0,
zepto,141401,Ludhiana,2026-07-13,2026-07-13-0944,not_serviceable,0,
zepto,141412,Ludhiana,2026-07-13,2026-07-13-0944,not_serviceable,0,
zepto,141413,Ludhiana,2026-07-13,2026-07-13-0944,not_serviceable,0,
zepto,141414,Ludhiana,2026-07-13,2026-07-13-0944,not_serviceable,0,
zepto,141415,Ludhiana,2026-07-13,2026-07-13-0944,not_serviceable,0,
zepto,141416,Ludhiana,2026-07-13,2026-07-13-0944,not_serviceable,0,
zepto,141417,Ludhiana,2026-07-13,2026-07-13-0944,not_serviceable,0,
zepto,141418,Ludhiana,2026-07-13,2026-07-13-0944,not_serviceable,0,
zepto,141419,Ludhiana,2026-07-13,2026-07-13-0944,not_serviceable,0,
zepto,141421,Ludhiana,2026-07-13,2026-07-13-0944,not_serviceable,0,
zepto,141422,Ludhiana,2026-07-13,2026-07-13-0944,not_serviceable,0,
zepto,142021,Ludhiana,2026-07-13,2026-07-13-0944,not_serviceable,0,
zepto,142022,Ludhiana,2026-07-13,2026-07-13-0944,not_serviceable,0,
zepto,142023,Ludhiana,2026-07-13,2026-07-13-0944,not_serviceable,0,
zepto,142024,Ludhiana,2026-07-13,2026-07-13-0944,not_serviceable,0,
zepto,142025,Ludhiana,2026-07-13,2026-07-13-0944,not_serviceable,0,
zepto,142026,Ludhiana,2026-07-13,2026-07-13-0944,not_serviceable,0,
zepto,142027,Ludhiana,2026-07-13,2026-07-13-0944,not_serviceable,0,
zepto,142028,Ludhiana,2026-07-13,2026-07-13-0944,price_captured,23,1417
zepto,142029,Ludhiana,2026-07-13,2026-07-13-0944,not_serviceable,0,
zepto,142030,Ludhiana,2026-07-13,2026-07-13-0944,not_serviceable,0,
zepto,142031,Ludhiana,2026-07-13,2026-07-13-0944,not_serviceable,0,
zepto,142032,Ludhiana,2026-07-13,2026-07-13-0944,not_serviceable,0,
zepto,142033,Ludhiana,2026-07-13,2026-07-13-0944,not_serviceable,0,
zepto,142034,Ludhiana,2026-07-13,2026-07-13-0944,price_captured,23,1417
zepto,142035,Ludhiana,2026-07-13,2026-07-13-0944,not_serviceable,0,
zepto,142036,Ludhiana,2026-07-13,2026-07-13-0944,not_serviceable,0,
zepto,143001,Amritsar,2026-07-13,2026-07-13-0944,price_captured,23,1417
zepto,143002,Amritsar,2026-07-13,2026-07-13-0944,price_captured,23,1417
zepto,143003,Amritsar,2026-07-13,2026-07-13-0944,price_captured,23,1417
zepto,143004,Amritsar,2026-07-13,2026-07-13-0944,price_captured,23,1417
zepto,143005,Amritsar,2026-07-13,2026-07-13-0944,price_captured,23,1417
zepto,143006,Amritsar,2026-07-13,2026-07-13-0944,price_captured,23,1417
zepto,143008,Amritsar,2026-07-13,2026-07-13-0944,not_serviceable,0,
zepto,143009,Amritsar,2026-07-13,2026-07-13-0944,price_captured,23,1417
zepto,143022,Amritsar,2026-07-13,2026-07-13-0944,not_serviceable,0,
zepto,143101,Amritsar,2026-07-13,2026-07-13-0944,not_serviceable,0,
zepto,143102,Amritsar,2026-07-13,2026-07-13-0944,not_serviceable,0,
zepto,143103,Amritsar,2026-07-13,2026-07-13-0944,not_serviceable,0,
zepto,143105,Amritsar,2026-07-13,2026-07-13-0944,not_serviceable,0,
zepto,143107,Amritsar,2026-07-13,2026-07-13-0944,not_serviceable,0,
zepto,143108,Amritsar,2026-07-13,2026-07-13-0944,not_serviceable,0,
zepto,143109,Amritsar,2026-07-13,2026-07-13-0944,not_serviceable,0,
zepto,143111,Amritsar,2026-07-13,2026-07-13-0944,not_serviceable,0,
zepto,143112,Amritsar,2026-07-13,2026-07-13-0944,not_serviceable,0,
zepto,143113,Amritsar,2026-07-13,2026-07-13-0944,not_serviceable,0,
zepto,143114,Amritsar,2026-07-13,2026-07-13-0944,not_serviceable,0,
zepto,143115,Amritsar,2026-07-13,2026-07-13-0944,not_serviceable,0,
zepto,143116,Amritsar,2026-07-13,2026-07-13-0944,not_serviceable,0,
zepto,143119,Amritsar,2026-07-13,2026-07-13-0944,not_serviceable,0,
zepto,143149,Amritsar,2026-07-13,2026-07-13-0944,not_serviceable,0,
zepto,143201,Amritsar,2026-07-13,2026-07-13-0944,not_serviceable,0,
zepto,143202,Amritsar,2026-07-13,2026-07-13-0944,not_serviceable,0,
zepto,143203,Amritsar,2026-07-13,2026-07-13-0944,not_serviceable,0,
zepto,143204,Amritsar,2026-07-13,2026-07-13-0944,not_serviceable,0,
zepto,143205,Amritsar,2026-07-13,2026-07-13-0944,not_serviceable,0,
zepto,143413,Amritsar,2026-07-13,2026-07-13-0944,not_serviceable,0,
zepto,143501,Amritsar,2026-07-13,2026-07-13-0944,not_serviceable,0,
zepto,143502,Amritsar,2026-07-13,2026-07-13-0944,not_serviceable,0,
zepto,143504,Amritsar,2026-07-13,2026-07-13-0944,not_serviceable,0,
zepto,143601,Amritsar,2026-07-13,2026-07-13-0944,not_serviceable,0,
zepto,143603,Amritsar,2026-07-13,2026-07-13-0944,not_serviceable,0,
zepto,143606,Amritsar,2026-07-13,2026-07-13-0944,not_serviceable,0,
zepto,144001,Jalandhar,2026-07-13,2026-07-13-0944,price_captured,23,1417
zepto,144002,Jalandhar,2026-07-13,2026-07-13-0944,price_captured,23,1417
zepto,144003,Jalandhar,2026-07-13,2026-07-13-0944,price_captured,23,1417
zepto,144004,Jalandhar,2026-07-13,2026-07-13-0944,price_captured,23,1417
zepto,144005,Jalandhar,2026-07-13,2026-07-13-0944,price_captured,23,1417
zepto,144006,Jalandhar,2026-07-13,2026-07-13-0944,price_captured,23,1417
zepto,144007,Jalandhar,2026-07-13,2026-07-13-0944,price_captured,23,1417
zepto,144008,Jalandhar,2026-07-13,2026-07-13-0944,price_captured,23,1417
zepto,144009,Jalandhar,2026-07-13,2026-07-13-0944,price_captured,23,1417
zepto,144010,Jalandhar,2026-07-13,2026-07-13-0944,price_captured,23,1417
zepto,144011,Jalandhar,2026-07-13,2026-07-13-0944,price_captured,23,1417
zepto,144012,Jalandhar,2026-07-13,2026-07-13-0944,not_serviceable,0,
zepto,144020,Jalandhar,2026-07-13,2026-07-13-0944,price_captured,23,1417
zepto,144021,Jalandhar,2026-07-13,2026-07-13-0944,price_captured,23,1417
zepto,144022,Jalandhar,2026-07-13,2026-07-13-0944,price_captured,23,1417
zepto,144023,Jalandhar,2026-07-13,2026-07-13-0944,price_captured,23,1417
zepto,144024,Jalandhar,2026-07-13,2026-07-13-0944,price_captured,23,1417
zepto,144025,Jalandhar,2026-07-13,2026-07-13-0944,price_captured,23,1417
zepto,144026,Jalandhar,2026-07-13,2026-07-13-0944,price_captured,23,1417
zepto,144027,Jalandhar,2026-07-13,2026-07-13-0944,price_captured,23,1417
zepto,144028,Jalandhar,2026-07-13,2026-07-13-0944,price_captured,23,1417
zepto,144029,Jalandhar,2026-07-13,2026-07-13-0944,price_captured,23,1417
zepto,144030,Jalandhar,2026-07-13,2026-07-13-0944,price_captured,23,1417
zepto,144031,Jalandhar,2026-07-13,2026-07-13-0944,not_serviceable,0,
zepto,144032,Jalandhar,2026-07-13,2026-07-13-0944,not_serviceable,0,
zepto,144033,Jalandhar,2026-07-13,2026-07-13-0944,not_serviceable,0,
zepto,144034,Jalandhar,2026-07-13,2026-07-13-0944,price_captured,23,1417
zepto,144035,Jalandhar,2026-07-13,2026-07-13-0944,price_captured,23,1417
zepto,144036,Jalandhar,2026-07-13,2026-07-13-0944,price_captured,23,1417
zepto,144037,Jalandhar,2026-07-13,2026-07-13-0944,not_serviceable,0,
zepto,144039,Jalandhar,2026-07-13,2026-07-13-0944,not_serviceable,0,
zepto,144040,Jalandhar,2026-07-13,2026-07-13-0944,price_captured,23,1417
zepto,144041,Jalandhar,2026-07-13,2026-07-13-0944,price_captured,23,1417
zepto,144042,Jalandhar,2026-07-13,2026-07-13-0944,not_serviceable,0,
zepto,144043,Jalandhar,2026-07-13,2026-07-13-0944,price_captured,23,1417
zepto,144044,Jalandhar,2026-07-13,2026-07-13-0944,not_serviceable,0,
zepto,144101,Jalandhar,2026-07-13,2026-07-13-0944,price_captured,23,1417
zepto,144102,Jalandhar,2026-07-13,2026-07-13-0944,price_captured,23,1417
zepto,144103,Jalandhar,2026-07-13,2026-07-13-0944,price_captured,23,1417
zepto,144104,Jalandhar,2026-07-13,2026-07-13-0944,price_captured,23,1417
zepto,144106,Jalandhar,2026-07-13,2026-07-13-0944,price_captured,23,1417
zepto,144201,Jalandhar,2026-07-13,2026-07-13-0944,price_captured,23,1417
zepto,144301,Jalandhar,2026-07-13,2026-07-13-0944,price_captured,23,1417
zepto,144302,Jalandhar,2026-07-13,2026-07-13-0944,price_captured,23,1417
zepto,144303,Jalandhar,2026-07-13,2026-07-13-0944,price_captured,23,1417
zepto,144311,Jalandhar,2026-07-13,2026-07-13-0944,not_serviceable,0,
zepto,144409,Jalandhar,2026-07-13,2026-07-13-0944,price_captured,23,1417
zepto,144410,Jalandhar,2026-07-13,2026-07-13-0944,price_captured,23,1417
zepto,144411,Jalandhar,2026-07-13,2026-07-13-0944,price_captured,23,1417
zepto,144416,Jalandhar,2026-07-13,2026-07-13-0944,price_captured,23,1417
zepto,144418,Jalandhar,2026-07-13,2026-07-13-0944,price_captured,23,1417
zepto,144419,Jalandhar,2026-07-13,2026-07-13-0944,price_captured,23,1417
zepto,144502,Jalandhar,2026-07-13,2026-07-13-0944,price_captured,23,1417
zepto,144603,Jalandhar,2026-07-13,2026-07-13-0944,not_serviceable,0,
zepto,144623,Jalandhar,2026-07-13,2026-07-13-0944,not_serviceable,0,
zepto,144625,Jalandhar,2026-07-13,2026-07-13-0944,price_captured,23,1417
zepto,144629,Jalandhar,2026-07-13,2026-07-13-0944,price_captured,23,1417
zepto,144630,Jalandhar,2026-07-13,2026-07-13-0944,not_serviceable,0,
zepto,144632,Jalandhar,2026-07-13,2026-07-13-0944,price_captured,23,1417
zepto,144633,Jalandhar,2026-07-13,2026-07-13-0944,not_serviceable,0,
zepto,144701,Jalandhar,2026-07-13,2026-07-13-0944,price_captured,23,1417
zepto,144702,Jalandhar,2026-07-13,2026-07-13-0944,not_serviceable,0,
zepto,144703,Jalandhar,2026-07-13,2026-07-13-0944,not_serviceable,0,
zepto,144801,Jalandhar,2026-07-13,2026-07-13-0944,not_serviceable,0,
zepto,144803,Jalandhar,2026-07-13,2026-07-13-0944,not_serviceable,0,
zepto,144805,Jalandhar,2026-07-13,2026-07-13-0944,price_captured,23,1417
zepto,144806,Jalandhar,2026-07-13,2026-07-13-0944,not_serviceable,0,
zepto,160001,Chandigarh,2026-07-13,2026-07-13-0944,price_captured,23,1417
zepto,160002,Chandigarh,2026-07-13,2026-07-13-0944,not_serviceable,0,
zepto,160003,Chandigarh,2026-07-13,2026-07-13-0944,not_serviceable,0,
zepto,160004,Chandigarh,2026-07-13,2026-07-13-0944,not_serviceable,0,
zepto,160005,Chandigarh,2026-07-13,2026-07-13-0944,not_serviceable,0,
zepto,160006,Chandigarh,2026-07-13,2026-07-13-0944,price_captured,23,1417
zepto,160009,Chandigarh,2026-07-13,2026-07-13-0944,price_captured,23,1417
zepto,160011,Chandigarh,2026-07-13,2026-07-13-0944,price_captured,23,1417
zepto,160012,Chandigarh,2026-07-13,2026-07-13-0944,price_captured,23,1417
zepto,160014,Chandigarh,2026-07-13,2026-07-13-0944,not_serviceable,0,
zepto,160015,Chandigarh,2026-07-13,2026-07-13-0944,price_captured,23,1417
zepto,160016,Chandigarh,2026-07-13,2026-07-13-0944,price_captured,23,1210
zepto,160017,Chandigarh,2026-07-13,2026-07-13-0944,price_captured,23,1417
zepto,160018,Chandigarh,2026-07-13,2026-07-13-0944,price_captured,23,1417
zepto,160019,Chandigarh,2026-07-13,2026-07-13-0944,price_captured,23,1417
zepto,160020,Chandigarh,2026-07-13,2026-07-13-0944,price_captured,23,1417
zepto,160022,Chandigarh,2026-07-13,2026-07-13-0944,price_captured,23,1417
zepto,160023,Chandigarh,2026-07-13,2026-07-13-0944,price_captured,23,1417
zepto,160025,Chandigarh,2026-07-13,2026-07-13-0944,not_serviceable,0,
zepto,160030,Chandigarh,2026-07-13,2026-07-13-0944,price_captured,23,1417
zepto,160036,Chandigarh,2026-07-13,2026-07-13-0944,price_captured,23,1417
zepto,160043,Chandigarh,2026-07-13,2026-07-13-0944,price_captured,23,1417
zepto,160047,Chandigarh,2026-07-13,2026-07-13-0944,not_serviceable,0,
zepto,160055,Mohali,2026-07-13,2026-07-13-0944,price_captured,23,1210
zepto,160059,Mohali,2026-07-13,2026-07-13-0944,price_captured,23,1417
zepto,160062,Mohali,2026-07-13,2026-07-13-0944,price_captured,23,1210
zepto,160071,Mohali,2026-07-13,2026-07-13-0944,price_captured,23,1210
zepto,160101,Chandigarh,2026-07-13,2026-07-13-0944,price_captured,23,1417
zepto,160102,Chandigarh,2026-07-13,2026-07-13-0944,not_serviceable,0,
zepto,160103,Mohali,2026-07-13,2026-07-13-0944,price_captured,23,1210
zepto,160104,Mohali,2026-07-13,2026-07-13-0944,price_captured,23,1210
zepto,201001,Ghaziabad,2026-07-13,2026-07-13-0944,price_captured,23,1210
zepto,201002,Ghaziabad,2026-07-13,2026-07-13-0944,price_captured,23,1210
zepto,201003,Ghaziabad,2026-07-13,2026-07-13-0944,price_captured,23,1210
zepto,201004,Ghaziabad,2026-07-13,2026-07-13-0944,price_captured,23,1210
zepto,201005,Ghaziabad,2026-07-13,2026-07-13-0944,price_captured,23,1210
zepto,201006,Ghaziabad,2026-07-13,2026-07-13-0944,price_captured,23,1210
zepto,201007,Ghaziabad,2026-07-13,2026-07-13-0944,price_captured,23,1210
zepto,201008,Noida,2026-07-13,2026-07-13-0944,price_captured,23,1210
zepto,201009,Ghaziabad,2026-07-13,2026-07-13-0944,price_captured,23,1210
zepto,201010,Ghaziabad,2026-07-13,2026-07-13-0944,price_captured,23,1210
zepto,201011,Ghaziabad,2026-07-13,2026-07-13-0944,price_captured,23,1210
zepto,201012,Ghaziabad,2026-07-13,2026-07-13-0944,price_captured,23,1210
zepto,201013,Ghaziabad,2026-07-13,2026-07-13-0944,price_captured,23,1210
zepto,201014,Ghaziabad,2026-07-13,2026-07-13-0944,price_captured,23,1210
zepto,201015,Ghaziabad,2026-07-13,2026-07-13-0944,price_captured,23,1210
zepto,201016,Ghaziabad,2026-07-13,2026-07-13-0944,price_captured,23,1210
zepto,201017,Ghaziabad,2026-07-13,2026-07-13-0944,price_captured,23,1210
zepto,201018,Ghaziabad,2026-07-13,2026-07-13-0944,price_captured,23,1210
zepto,201019,Ghaziabad,2026-07-13,2026-07-13-0944,price_captured,23,1210
zepto,201020,Ghaziabad,2026-07-13,2026-07-13-0944,price_captured,23,1210
zepto,201021,Ghaziabad,2026-07-13,2026-07-13-0944,price_captured,23,1210
zepto,201102,Ghaziabad,2026-07-13,2026-07-13-0944,price_captured,23,1210
zepto,201103,Ghaziabad,2026-07-13,2026-07-13-0944,not_serviceable,0,
zepto,201201,Ghaziabad,2026-07-13,2026-07-13-0944,not_serviceable,0,
zepto,201204,Ghaziabad,2026-07-13,2026-07-13-0944,not_serviceable,0,
zepto,201206,Ghaziabad,2026-07-13,2026-07-13-0944,not_serviceable,0,
zepto,201301,Noida,2026-07-13,2026-07-13-0944,price_captured,23,1210
zepto,201302,Noida,2026-07-13,2026-07-13-0944,price_captured,23,1210
zepto,201303,Noida,2026-07-13,2026-07-13-0944,price_captured,23,1210
zepto,201304,Noida,2026-07-13,2026-07-13-0944,price_captured,23,1210
zepto,201305,Noida,2026-07-13,2026-07-13-0944,not_serviceable,0,
zepto,201306,Noida,2026-07-13,2026-07-13-0944,not_serviceable,0,
zepto,201307,Noida,2026-07-13,2026-07-13-0944,price_captured,23,1210
zepto,201309,Noida,2026-07-13,2026-07-13-0944,price_captured,23,1210
zepto,201310,Noida,2026-07-13,2026-07-13-0944,price_captured,23,1209
zepto,201311,Noida,2026-07-13,2026-07-13-0944,price_captured,23,1210
zepto,201312,Noida,2026-07-13,2026-07-13-0944,not_serviceable,0,
zepto,201313,Noida,2026-07-13,2026-07-13-0944,not_serviceable,0,
zepto,201314,Noida,2026-07-13,2026-07-13-0944,not_serviceable,0,
zepto,201315,Noida,2026-07-13,2026-07-13-0944,price_captured,23,1209
zepto,201316,Noida,2026-07-13,2026-07-13-0944,price_captured,23,1210
zepto,201317,Noida,2026-07-13,2026-07-13-0944,price_captured,23,1417
zepto,201318,Noida,2026-07-13,2026-07-13-0944,price_captured,23,1210
zepto,203135,Noida,2026-07-13,2026-07-13-0944,not_serviceable,0,
zepto,203141,Noida,2026-07-13,2026-07-13-0944,not_serviceable,0,
zepto,203155,Noida,2026-07-13,2026-07-13-0944,not_serviceable,0,
zepto,203201,Noida,2026-07-13,2026-07-13-0944,not_serviceable,0,
zepto,203202,Noida,2026-07-13,2026-07-13-0944,not_serviceable,0,
zepto,203203,Noida,2026-07-13,2026-07-13-0944,not_serviceable,0,
zepto,203207,Noida,2026-07-13,2026-07-13-0944,not_serviceable,0,
zepto,203209,Noida,2026-07-13,2026-07-13-0944,not_serviceable,0,
zepto,212652,Noida,2026-07-13,2026-07-13-0944,not_serviceable,0,
zepto,226001,Lucknow,2026-07-13,2026-07-13-0944,price_captured,23,1435
zepto,226002,Lucknow,2026-07-13,2026-07-13-0944,price_captured,23,1435
zepto,226003,Lucknow,2026-07-13,2026-07-13-0944,price_captured,23,1435
zepto,226004,Lucknow,2026-07-13,2026-07-13-0944,price_captured,23,1435
zepto,226005,Lucknow,2026-07-13,2026-07-13-0944,not_serviceable,0,
zepto,226006,Lucknow,2026-07-13,2026-07-13-0944,price_captured,23,1435
zepto,226007,Lucknow,2026-07-13,2026-07-13-0944,price_captured,23,1435
zepto,226008,Lucknow,2026-07-13,2026-07-13-0944,price_captured,23,1435
zepto,226009,Lucknow,2026-07-13,2026-07-13-0944,price_captured,23,1435
zepto,226010,Lucknow,2026-07-13,2026-07-13-0944,price_captured,23,1435
zepto,226011,Lucknow,2026-07-13,2026-07-13-0944,price_captured,23,1417
zepto,226012,Lucknow,2026-07-13,2026-07-13-0944,price_captured,23,1435
zepto,226013,Lucknow,2026-07-13,2026-07-13-0944,price_captured,23,1435
zepto,226014,Lucknow,2026-07-13,2026-07-13-0944,price_captured,23,1435
zepto,226015,Lucknow,2026-07-13,2026-07-13-0944,price_captured,23,1435
zepto,226016,Lucknow,2026-07-13,2026-07-13-0944,price_captured,23,1417
zepto,226017,Lucknow,2026-07-13,2026-07-13-0944,price_captured,23,1435
zepto,226018,Lucknow,2026-07-13,2026-07-13-0944,price_captured,23,1435
zepto,226019,Lucknow,2026-07-13,2026-07-13-0944,not_serviceable,0,
zepto,226020,Lucknow,2026-07-13,2026-07-13-0944,price_captured,23,1435
zepto,226021,Lucknow,2026-07-13,2026-07-13-0944,price_captured,23,1435
zepto,226022,Lucknow,2026-07-13,2026-07-13-0944,price_captured,23,1435
zepto,226023,Lucknow,2026-07-13,2026-07-13-0944,price_captured,23,1435
zepto,226024,Lucknow,2026-07-13,2026-07-13-0944,price_captured,23,1435
zepto,226025,Lucknow,2026-07-13,2026-07-13-0944,price_captured,23,1435
zepto,226026,Lucknow,2026-07-13,2026-07-13-0944,price_captured,23,1435
zepto,226027,Lucknow,2026-07-13,2026-07-13-0944,price_captured,23,1435
zepto,226028,Lucknow,2026-07-13,2026-07-13-0944,price_captured,23,1435
zepto,226029,Lucknow,2026-07-13,2026-07-13-0944,price_captured,23,1435
zepto,226030,Lucknow,2026-07-13,2026-07-13-0944,price_captured,23,1435
zepto,226031,Lucknow,2026-07-13,2026-07-13-0944,price_captured,23,1435
zepto,226101,Lucknow,2026-07-13,2026-07-13-0944,not_serviceable,0,
zepto,226102,Lucknow,2026-07-13,2026-07-13-0944,price_captured,23,1435
zepto,226103,Lucknow,2026-07-13,2026-07-13-0944,not_serviceable,0,
zepto,226104,Lucknow,2026-07-13,2026-07-13-0944,price_captured,23,1435
zepto,226201,Lucknow,2026-07-13,2026-07-13-0944,price_captured,23,1435
zepto,226202,Lucknow,2026-07-13,2026-07-13-0944,price_captured,23,1435
zepto,226203,Lucknow,2026-07-13,2026-07-13-0944,price_captured,23,1435
zepto,226301,Lucknow,2026-07-13,2026-07-13-0944,price_captured,23,1435
zepto,226302,Lucknow,2026-07-13,2026-07-13-0944,price_captured,23,1435
zepto,226303,Lucknow,2026-07-13,2026-07-13-0944,price_captured,23,1435
zepto,226401,Lucknow,2026-07-13,2026-07-13-0944,price_captured,23,1417
zepto,226501,Lucknow,2026-07-13,2026-07-13-0944,price_captured,23,1435
zepto,245304,Ghaziabad,2026-07-13,2026-07-13-0944,not_serviceable,0,
zepto,302001,Jaipur,2026-07-13,2026-07-13-0944,price_captured,23,1417
zepto,302002,Jaipur,2026-06-29,2026-06-29-1319,not_serviceable,0,
zepto,302003,Jaipur,2026-07-13,2026-07-13-0944,price_captured,23,1417
zepto,302004,Jaipur,2026-07-13,2026-07-13-0944,price_captured,23,1417
zepto,302005,Jaipur,2026-07-13,2026-07-13-0944,price_captured,23,1417
zepto,302006,Jaipur,2026-06-29,2026-06-29-1319,not_serviceable,0,
zepto,302012,Jaipur,2026-06-29,2026-06-29-1319,not_serviceable,0,
zepto,302013,Jaipur,2026-06-29,2026-06-29-1319,not_serviceable,0,
zepto,302015,Jaipur,2026-06-29,2026-06-29-1319,not_serviceable,0,
zepto,302016,Jaipur,2026-07-13,2026-07-13-0944,not_serviceable,0,
zepto,302017,Jaipur,2026-07-13,2026-07-13-0944,price_captured,23,1439
zepto,302018,Jaipur,2026-07-13,2026-07-13-0944,price_captured,23,1439
zepto,302019,Jaipur,2026-07-13,2026-07-13-0944,price_captured,23,1417
zepto,302020,Jaipur,2026-07-13,2026-07-13-0944,price_captured,23,1439
zepto,302021,Jaipur,2026-07-13,2026-07-13-0944,price_captured,23,1417
zepto,302022,Jaipur,2026-07-13,2026-07-13-0944,not_serviceable,0,
zepto,302026,Jaipur,2026-06-29,2026-06-29-1319,not_serviceable,0,
zepto,302027,Jaipur,2026-06-29,2026-06-29-1319,not_serviceable,0,
zepto,302028,Jaipur,2026-06-29,2026-06-29-1319,not_serviceable,0,
zepto,302029,Jaipur,2026-06-29,2026-06-29-1319,not_serviceable,0,
zepto,302031,Jaipur,2026-06-29,2026-06-29-1319,not_serviceable,0,
zepto,302033,Jaipur,2026-07-13,2026-07-13-0944,price_captured,23,1439
zepto,302034,Jaipur,2026-07-13,2026-07-13-0944,price_captured,23,1417
zepto,302036,Jaipur,2026-07-13,2026-07-13-0944,price_captured,23,1417
zepto,302037,Jaipur,2026-07-13,2026-07-13-0944,price_captured,23,1417
zepto,302038,Jaipur,2026-06-29,2026-06-29-1319,not_serviceable,0,
zepto,302039,Jaipur,2026-07-13,2026-07-13-0944,price_captured,23,1417
zepto,302040,Jaipur,2026-06-29,2026-06-29-1319,not_serviceable,0,
zepto,302041,Jaipur,2026-07-13,2026-07-13-0944,price_captured,23,1417
zepto,302042,Jaipur,2026-06-29,2026-06-29-1319,not_serviceable,0,
zepto,302043,Jaipur,2026-06-29,2026-06-29-1319,not_serviceable,0,
zepto,302044,Jaipur,2026-07-13,2026-07-13-0944,price_captured,23,1417
zepto,302045,Jaipur,2026-06-29,2026-06-29-1319,not_serviceable,0,
zepto,302046,Jaipur,2026-07-13,2026-07-13-0944,price_captured,23,1417
zepto,303001,Jaipur,2026-06-29,2026-06-29-1319,not_serviceable,0,
zepto,303002,Jaipur,2026-06-29,2026-06-29-1319,not_serviceable,0,
zepto,303003,Jaipur,2026-06-29,2026-06-29-1319,not_serviceable,0,
zepto,303005,Jaipur,2026-06-29,2026-06-29-1319,not_serviceable,0,
zepto,303006,Jaipur,2026-06-29,2026-06-29-1319,not_serviceable,0,
zepto,303007,Jaipur,2026-06-29,2026-06-29-1319,not_serviceable,0,
zepto,303008,Jaipur,2026-06-29,2026-06-29-1319,not_serviceable,0,
zepto,303009,Jaipur,2026-06-29,2026-06-29-1319,not_serviceable,0,
zepto,303012,Jaipur,2026-06-29,2026-06-29-1319,not_serviceable,0,
zepto,303102,Jaipur,2026-06-29,2026-06-29-1319,not_serviceable,0,
zepto,303103,Jaipur,2026-06-29,2026-06-29-1319,not_serviceable,0,
zepto,303104,Jaipur,2026-07-13,2026-07-13-0944,price_captured,23,1417
zepto,303105,Jaipur,2026-06-29,2026-06-29-1319,not_serviceable,0,
zepto,303106,Jaipur,2026-06-29,2026-06-29-1319,not_serviceable,0,
zepto,303107,Jaipur,2026-06-29,2026-06-29-1319,not_serviceable,0,
zepto,303108,Jaipur,2026-06-29,2026-06-29-1319,not_serviceable,0,
zepto,303109,Jaipur,2026-06-29,2026-06-29-1319,not_serviceable,0,
zepto,303110,Jaipur,2026-06-29,2026-06-29-1319,not_serviceable,0,
zepto,303119,Jaipur,2026-06-29,2026-06-29-1319,not_serviceable,0,
zepto,303120,Jaipur,2026-06-29,2026-06-29-1319,not_serviceable,0,
zepto,303121,Jaipur,2026-07-13,2026-07-13-0944,price_captured,23,1417
zepto,303122,Jaipur,2026-07-13,2026-07-13-0944,price_captured,23,1417
zepto,303123,Jaipur,2026-06-29,2026-06-29-1319,not_serviceable,0,
zepto,303124,Jaipur,2026-06-29,2026-06-29-1319,not_serviceable,0,
zepto,303301,Jaipur,2026-06-29,2026-06-29-1319,not_serviceable,0,
zepto,303305,Jaipur,2026-06-29,2026-06-29-1319,not_serviceable,0,
zepto,303328,Jaipur,2026-06-29,2026-06-29-1319,not_serviceable,0,
zepto,303329,Jaipur,2026-06-29,2026-06-29-1319,not_serviceable,0,
zepto,303338,Jaipur,2026-06-29,2026-06-29-1319,not_serviceable,0,
zepto,303348,Jaipur,2026-06-29,2026-06-29-1319,not_serviceable,0,
zepto,303601,Jaipur,2026-06-29,2026-06-29-1319,not_serviceable,0,
zepto,303602,Jaipur,2026-07-13,2026-07-13-0944,not_serviceable,0,
zepto,303603,Jaipur,2026-06-29,2026-06-29-1319,not_serviceable,0,
zepto,303604,Jaipur,2026-06-29,2026-06-29-1319,not_serviceable,0,
zepto,303701,Jaipur,2026-06-29,2026-06-29-1319,not_serviceable,0,
zepto,303702,Jaipur,2026-06-29,2026-06-29-1319,not_serviceable,0,
zepto,303704,Jaipur,2026-06-29,2026-06-29-1319,not_serviceable,0,
zepto,303706,Jaipur,2026-06-29,2026-06-29-1319,not_serviceable,0,
zepto,303712,Jaipur,2026-06-29,2026-06-29-1319,not_serviceable,0,
zepto,303801,Jaipur,2026-06-29,2026-06-29-1319,not_serviceable,0,
zepto,303803,Jaipur,2026-06-29,2026-06-29-1319,not_serviceable,0,
zepto,303804,Jaipur,2026-06-29,2026-06-29-1319,not_serviceable,0,
zepto,303805,Jaipur,2026-06-29,2026-06-29-1319,not_serviceable,0,
zepto,303806,Jaipur,2026-06-29,2026-06-29-1319,not_serviceable,0,
zepto,303807,Jaipur,2026-06-29,2026-06-29-1319,not_serviceable,0,
zepto,303901,Jaipur,2026-06-29,2026-06-29-1319,not_serviceable,0,
zepto,303903,Jaipur,2026-06-29,2026-06-29-1319,not_serviceable,0,
zepto,303904,Jaipur,2026-06-29,2026-06-29-1319,not_serviceable,0,
zepto,303905,Jaipur,2026-06-29,2026-06-29-1319,not_serviceable,0,
zepto,303908,Jaipur,2026-06-29,2026-06-29-1319,not_serviceable,0,
zepto,363423,Ahmedabad,2026-06-29,2026-06-29-1319,not_serviceable,0,
zepto,380001,Ahmedabad,2026-07-13,2026-07-13-0944,price_captured,23,1417
zepto,380002,Ahmedabad,2026-06-29,2026-06-29-1319,not_serviceable,0,
zepto,380003,Ahmedabad,2026-07-13,2026-07-13-0944,price_captured,23,1417
zepto,380004,Ahmedabad,2026-07-13,2026-07-13-0944,price_captured,23,1417
zepto,380005,Ahmedabad,2026-07-13,2026-07-13-0944,price_captured,23,1362
zepto,380006,Ahmedabad,2026-07-13,2026-07-13-0944,price_captured,23,1417
zepto,380007,Ahmedabad,2026-07-13,2026-07-13-0944,price_captured,23,1417
zepto,380008,Ahmedabad,2026-06-29,2026-06-29-1319,not_serviceable,0,
zepto,380009,Ahmedabad,2026-07-13,2026-07-13-0944,price_captured,23,1417
zepto,380013,Ahmedabad,2026-07-13,2026-07-13-0944,price_captured,23,1417
zepto,380014,Ahmedabad,2026-07-13,2026-07-13-0944,price_captured,23,1417
zepto,380015,Ahmedabad,2026-06-29,2026-06-29-1319,not_serviceable,0,
zepto,380016,Ahmedabad,2026-06-29,2026-06-29-1319,not_serviceable,0,
zepto,380018,Ahmedabad,2026-06-29,2026-06-29-1319,not_serviceable,0,
zepto,380019,Ahmedabad,2026-07-13,2026-07-13-0944,not_serviceable,0,
zepto,380021,Ahmedabad,2026-06-29,2026-06-29-1319,not_serviceable,0,
zepto,380022,Ahmedabad,2026-07-13,2026-07-13-0944,price_captured,23,1417
zepto,380023,Ahmedabad,2026-06-29,2026-06-29-1319,not_serviceable,0,
zepto,380024,Ahmedabad,2026-06-29,2026-06-29-1319,not_serviceable,0,
zepto,380026,Ahmedabad,2026-07-13,2026-07-13-0944,price_captured,23,1417
zepto,380027,Ahmedabad,2026-07-13,2026-07-13-0944,price_captured,23,1417
zepto,380028,Ahmedabad,2026-06-29,2026-06-29-1319,not_serviceable,0,
zepto,380049,Ahmedabad,2026-07-13,2026-07-13-0944,price_captured,23,1417
zepto,380050,Ahmedabad,2026-07-13,2026-07-13-0944,price_captured,23,1417
zepto,380051,Ahmedabad,2026-07-13,2026-07-13-0944,price_captured,23,1417
zepto,380052,Ahmedabad,2026-07-13,2026-07-13-0944,price_captured,23,1417
zepto,380054,Ahmedabad,2026-07-13,2026-07-13-0944,price_captured,23,1417
zepto,380055,Ahmedabad,2026-07-13,2026-07-13-0944,price_captured,23,1417
zepto,380058,Ahmedabad,2026-07-13,2026-07-13-0944,price_captured,23,1417
zepto,380059,Ahmedabad,2026-07-13,2026-07-13-0944,price_captured,23,1417
zepto,380060,Ahmedabad,2026-06-29,2026-06-29-1319,not_serviceable,0,
zepto,380061,Ahmedabad,2026-07-13,2026-07-13-0944,price_captured,23,1417
zepto,380063,Ahmedabad,2026-07-13,2026-07-13-0944,price_captured,23,1417
zepto,382110,Ahmedabad,2026-06-29,2026-06-29-1319,not_serviceable,0,
zepto,382115,Ahmedabad,2026-06-29,2026-06-29-1319,not_serviceable,0,
zepto,382120,Ahmedabad,2026-06-29,2026-06-29-1319,not_serviceable,0,
zepto,382130,Ahmedabad,2026-06-29,2026-06-29-1319,not_serviceable,0,
zepto,382140,Ahmedabad,2026-06-29,2026-06-29-1319,not_serviceable,0,
zepto,382145,Ahmedabad,2026-06-29,2026-06-29-1319,not_serviceable,0,
zepto,382150,Ahmedabad,2026-06-29,2026-06-29-1319,not_serviceable,0,
zepto,382170,Ahmedabad,2026-06-29,2026-06-29-1319,not_serviceable,0,
zepto,382210,Ahmedabad,2026-06-29,2026-06-29-1319,not_serviceable,0,
zepto,382213,Ahmedabad,2026-06-29,2026-06-29-1319,not_serviceable,0,
zepto,382220,Ahmedabad,2026-06-29,2026-06-29-1319,not_serviceable,0,
zepto,382225,Ahmedabad,2026-06-29,2026-06-29-1319,not_serviceable,0,
zepto,382230,Ahmedabad,2026-06-29,2026-06-29-1319,not_serviceable,0,
zepto,382240,Ahmedabad,2026-06-29,2026-06-29-1319,not_serviceable,0,
zepto,382245,Ahmedabad,2026-06-29,2026-06-29-1319,not_serviceable,0,
zepto,382250,Ahmedabad,2026-06-29,2026-06-29-1319,not_serviceable,0,
zepto,382260,Ahmedabad,2026-06-29,2026-06-29-1319,not_serviceable,0,
zepto,382265,Ahmedabad,2026-06-29,2026-06-29-1319,not_serviceable,0,
zepto,382308,Ahmedabad,2026-06-29,2026-06-29-1319,not_serviceable,0,
zepto,382330,Ahmedabad,2026-06-29,2026-06-29-1319,not_serviceable,0,
zepto,382340,Ahmedabad,2026-06-29,2026-06-29-1319,not_serviceable,0,
zepto,382345,Ahmedabad,2026-06-29,2026-06-29-1319,not_serviceable,0,
zepto,382350,Ahmedabad,2026-07-13,2026-07-13-0944,not_serviceable,0,
zepto,382405,Ahmedabad,2026-06-29,2026-06-29-1319,not_serviceable,0,
zepto,382415,Ahmedabad,2026-06-29,2026-06-29-1319,not_serviceable,0,
zepto,382418,Ahmedabad,2026-07-13,2026-07-13-0944,not_serviceable,0,
zepto,382421,Ahmedabad,2026-06-29,2026-06-29-1319,not_serviceable,0,
zepto,382424,Ahmedabad,2026-07-13,2026-07-13-0944,price_captured,23,1362
zepto,382425,Ahmedabad,2026-06-29,2026-06-29-1319,not_serviceable,0,
zepto,382427,Ahmedabad,2026-06-29,2026-06-29-1319,not_serviceable,0,
zepto,382428,Ahmedabad,2026-06-29,2026-06-29-1319,not_serviceable,0,
zepto,382430,Ahmedabad,2026-06-29,2026-06-29-1319,not_serviceable,0,
zepto,382433,Ahmedabad,2026-06-29,2026-06-29-1319,not_serviceable,0,
zepto,382435,Ahmedabad,2026-06-29,2026-06-29-1319,not_serviceable,0,
zepto,382443,Ahmedabad,2026-06-29,2026-06-29-1319,not_serviceable,0,
zepto,382445,Ahmedabad,2026-06-29,2026-06-29-1319,not_serviceable,0,
zepto,382449,Ahmedabad,2026-06-29,2026-06-29-1319,not_serviceable,0,
zepto,382450,Ahmedabad,2026-06-29,2026-06-29-1319,not_serviceable,0,
zepto,382455,Ahmedabad,2026-06-29,2026-06-29-1319,not_serviceable,0,
zepto,382460,Ahmedabad,2026-06-29,2026-06-29-1319,not_serviceable,0,
zepto,382463,Ahmedabad,2026-06-29,2026-06-29-1319,not_serviceable,0,
zepto,382465,Ahmedabad,2026-06-29,2026-06-29-1319,not_serviceable,0,
zepto,382470,Ahmedabad,2026-06-29,2026-06-29-1319,not_serviceable,0,
zepto,382475,Ahmedabad,2026-06-29,2026-06-29-1319,not_serviceable,0,
zepto,382480,Ahmedabad,2026-07-13,2026-07-13-0944,price_captured,23,1362
zepto,382481,Ahmedabad,2026-07-13,2026-07-13-0944,price_captured,23,1417
zepto,382722,Ahmedabad,2026-06-29,2026-06-29-1319,not_serviceable,0,
zepto,390001,Vadodara,2026-06-29,2026-06-29-1319,not_serviceable,0,
zepto,390002,Vadodara,2026-06-29,2026-06-29-1319,not_serviceable,0,
zepto,390003,Vadodara,2026-06-29,2026-06-29-1319,not_serviceable,0,
zepto,390004,Vadodara,2026-06-29,2026-06-29-1319,not_serviceable,0,
zepto,390006,Vadodara,2026-06-29,2026-06-29-1319,not_serviceable,0,
zepto,390007,Vadodara,2026-07-13,2026-07-13-0944,price_captured,23,1417
zepto,390009,Vadodara,2026-06-29,2026-06-29-1319,not_serviceable,0,
zepto,390010,Vadodara,2026-06-29,2026-06-29-1319,not_serviceable,0,
zepto,390011,Vadodara,2026-06-29,2026-06-29-1319,not_serviceable,0,
zepto,390012,Vadodara,2026-06-29,2026-06-29-1319,not_serviceable,0,
zepto,390013,Vadodara,2026-06-29,2026-06-29-1319,not_serviceable,0,
zepto,390014,Vadodara,2026-06-29,2026-06-29-1319,not_serviceable,0,
zepto,390016,Vadodara,2026-06-29,2026-06-29-1319,not_serviceable,0,
zepto,390017,Vadodara,2026-06-29,2026-06-29-1319,not_serviceable,0,
zepto,390018,Vadodara,2026-06-29,2026-06-29-1319,not_serviceable,0,
zepto,390019,Vadodara,2026-06-29,2026-06-29-1319,not_serviceable,0,
zepto,390020,Vadodara,2026-07-13,2026-07-13-0944,price_captured,23,1417
zepto,390021,Vadodara,2026-06-29,2026-06-29-1319,not_serviceable,0,
zepto,390022,Vadodara,2026-06-29,2026-06-29-1319,not_serviceable,0,
zepto,390023,Vadodara,2026-07-13,2026-07-13-0944,price_captured,23,1417
zepto,390024,Vadodara,2026-07-13,2026-07-13-0944,price_captured,23,1417
zepto,390025,Vadodara,2026-06-29,2026-06-29-1319,not_serviceable,0,
zepto,391101,Vadodara,2026-06-29,2026-06-29-1319,not_serviceable,0,
zepto,391105,Vadodara,2026-06-29,2026-06-29-1319,not_serviceable,0,
zepto,391107,Vadodara,2026-06-29,2026-06-29-1319,not_serviceable,0,
zepto,391110,Vadodara,2026-06-29,2026-06-29-1319,not_serviceable,0,
zepto,391115,Vadodara,2026-06-29,2026-06-29-1319,not_serviceable,0,
zepto,391210,Vadodara,2026-06-29,2026-06-29-1319,not_serviceable,0,
zepto,391220,Vadodara,2026-06-29,2026-06-29-1319,not_serviceable,0,
zepto,391240,Vadodara,2026-06-29,2026-06-29-1319,not_serviceable,0,
zepto,391243,Vadodara,2026-06-29,2026-06-29-1319,not_serviceable,0,
zepto,391244,Vadodara,2026-06-29,2026-06-29-1319,not_serviceable,0,
zepto,391250,Vadodara,2026-06-29,2026-06-29-1319,not_serviceable,0,
zepto,391310,Vadodara,2026-06-29,2026-06-29-1319,not_serviceable,0,
zepto,391320,Vadodara,2026-06-29,2026-06-29-1319,not_serviceable,0,
zepto,391330,Vadodara,2026-06-29,2026-06-29-1319,not_serviceable,0,
zepto,391340,Vadodara,2026-06-29,2026-06-29-1319,not_serviceable,0,
zepto,391345,Vadodara,2026-06-29,2026-06-29-1319,not_serviceable,0,
zepto,391350,Vadodara,2026-06-29,2026-06-29-1319,not_serviceable,0,
zepto,391410,Vadodara,2026-06-29,2026-06-29-1319,not_serviceable,0,
zepto,391421,Vadodara,2026-06-29,2026-06-29-1319,not_serviceable,0,
zepto,391430,Vadodara,2026-06-29,2026-06-29-1319,not_serviceable,0,
zepto,391440,Vadodara,2026-06-29,2026-06-29-1319,not_serviceable,0,
zepto,391445,Vadodara,2026-06-29,2026-06-29-1319,not_serviceable,0,
zepto,391450,Vadodara,2026-06-29,2026-06-29-1319,not_serviceable,0,
zepto,391510,Vadodara,2026-06-29,2026-06-29-1319,not_serviceable,0,
zepto,391520,Vadodara,2026-06-29,2026-06-29-1319,not_serviceable,0,
zepto,391530,Vadodara,2026-06-29,2026-06-29-1319,not_serviceable,0,
zepto,391740,Vadodara,2026-06-29,2026-06-29-1319,not_serviceable,0,
zepto,391745,Vadodara,2026-06-29,2026-06-29-1319,not_serviceable,0,
zepto,391750,Vadodara,2026-06-29,2026-06-29-1319,not_serviceable,0,
zepto,391760,Vadodara,2026-06-29,2026-06-29-1319,not_serviceable,0,
zepto,391761,Vadodara,2026-06-29,2026-06-29-1319,not_serviceable,0,
zepto,391770,Vadodara,2026-06-29,2026-06-29-1319,not_serviceable,0,
zepto,391774,Vadodara,2026-06-29,2026-06-29-1319,not_serviceable,0,
zepto,391775,Vadodara,2026-06-29,2026-06-29-1319,not_serviceable,0,
zepto,391776,Vadodara,2026-06-29,2026-06-29-1319,not_serviceable,0,
zepto,391780,Vadodara,2026-06-29,2026-06-29-1319,not_serviceable,0,
zepto,392220,Vadodara,2026-06-29,2026-06-29-1319,not_serviceable,0,
zepto,392310,Vadodara,2026-06-29,2026-06-29-1319,not_serviceable,0,
zepto,393105,Vadodara,2026-06-29,2026-06-29-1319,not_serviceable,0,
zepto,394101,Surat,2026-07-13,2026-07-13-0944,price_captured,23,1417
zepto,394105,Surat,2026-06-29,2026-06-29-1319,not_serviceable,0,
zepto,394107,Surat,2026-06-29,2026-06-29-1319,not_serviceable,0,
zepto,394110,Surat,2026-06-29,2026-06-29-1319,not_serviceable,0,
zepto,394111,Surat,2026-07-13,2026-07-13-0944,price_captured,23,1417
zepto,394112,Surat,2026-06-29,2026-06-29-1319,not_serviceable,0,
zepto,394120,Surat,2026-06-29,2026-06-29-1319,not_serviceable,0,
zepto,394125,Surat,2026-06-29,2026-06-29-1319,not_serviceable,0,
zepto,394130,Surat,2026-06-29,2026-06-29-1319,not_serviceable,0,
zepto,394140,Surat,2026-06-29,2026-06-29-1319,not_serviceable,0,
zepto,394150,Surat,2026-06-29,2026-06-29-1319,not_serviceable,0,
zepto,394155,Surat,2026-06-29,2026-06-29-1319,not_serviceable,0,
zepto,394160,Surat,2026-06-29,2026-06-29-1319,not_serviceable,0,
zepto,394163,Surat,2026-06-29,2026-06-29-1319,not_serviceable,0,
zepto,394170,Surat,2026-06-29,2026-06-29-1319,not_serviceable,0,
zepto,394180,Surat,2026-06-29,2026-06-29-1319,not_serviceable,0,
zepto,394185,Surat,2026-06-29,2026-06-29-1319,not_serviceable,0,
zepto,394190,Surat,2026-06-29,2026-06-29-1319,not_serviceable,0,
zepto,394210,Surat,2026-06-29,2026-06-29-1319,not_serviceable,0,
zepto,394221,Surat,2026-06-29,2026-06-29-1319,not_serviceable,0,
zepto,394230,Surat,2026-07-13,2026-07-13-0944,price_captured,23,1650
zepto,394235,Surat,2026-06-29,2026-06-29-1319,not_serviceable,0,
zepto,394240,Surat,2026-06-29,2026-06-29-1319,not_serviceable,0,
zepto,394245,Surat,2026-06-29,2026-06-29-1319,not_serviceable,0,
zepto,394246,Surat,2026-06-29,2026-06-29-1319,not_serviceable,0,
zepto,394248,Surat,2026-06-29,2026-06-29-1319,not_serviceable,0,
zepto,394250,Surat,2026-06-29,2026-06-29-1319,not_serviceable,0,
zepto,394270,Surat,2026-06-29,2026-06-29-1319,not_serviceable,0,
zepto,394305,Surat,2026-06-29,2026-06-29-1319,not_serviceable,0,
zepto,394310,Surat,2026-06-29,2026-06-29-1319,not_serviceable,0,
zepto,394315,Surat,2026-06-29,2026-06-29-1319,not_serviceable,0,
zepto,394317,Surat,2026-06-29,2026-06-29-1319,not_serviceable,0,
zepto,394320,Surat,2026-06-29,2026-06-29-1319,not_serviceable,0,
zepto,394325,Surat,2026-06-29,2026-06-29-1319,not_serviceable,0,
zepto,394326,Surat,2026-06-29,2026-06-29-1319,not_serviceable,0,
zepto,394327,Surat,2026-06-29,2026-06-29-1319,not_serviceable,0,
zepto,394330,Surat,2026-06-29,2026-06-29-1319,not_serviceable,0,
zepto,394335,Surat,2026-06-29,2026-06-29-1319,not_serviceable,0,
zepto,394340,Surat,2026-07-13,2026-07-13-0944,price_captured,23,1417
zepto,394345,Surat,2026-06-29,2026-06-29-1319,not_serviceable,0,
zepto,394350,Surat,2026-06-29,2026-06-29-1319,not_serviceable,0,
zepto,394352,Surat,2026-06-29,2026-06-29-1319,not_serviceable,0,
zepto,394355,Surat,2026-06-29,2026-06-29-1319,not_serviceable,0,
zepto,394360,Surat,2026-06-29,2026-06-29-1319,not_serviceable,0,
zepto,394405,Surat,2026-06-29,2026-06-29-1319,not_serviceable,0,
zepto,394410,Surat,2026-06-29,2026-06-29-1319,not_serviceable,0,
zepto,394421,Surat,2026-06-29,2026-06-29-1319,not_serviceable,0,
zepto,394430,Surat,2026-06-29,2026-06-29-1319,not_serviceable,0,
zepto,394440,Surat,2026-06-29,2026-06-29-1319,not_serviceable,0,
zepto,394445,Surat,2026-06-29,2026-06-29-1319,not_serviceable,0,
zepto,394510,Surat,2026-07-13,2026-07-13-0944,not_serviceable,0,
zepto,394515,Surat,2026-06-29,2026-06-29-1319,not_serviceable,0,
zepto,394516,Surat,2026-07-13,2026-07-13-0944,price_captured,23,1417
zepto,394517,Surat,2026-06-29,2026-06-29-1319,not_serviceable,0,
zepto,394518,Surat,2026-07-13,2026-07-13-0944,price_captured,23,1417
zepto,394520,Surat,2026-06-29,2026-06-29-1319,not_serviceable,0,
zepto,394530,Surat,2026-06-29,2026-06-29-1319,not_serviceable,0,
zepto,394540,Surat,2026-06-29,2026-06-29-1319,not_serviceable,0,
zepto,394541,Surat,2026-06-29,2026-06-29-1319,not_serviceable,0,
zepto,394550,Surat,2026-06-29,2026-06-29-1319,not_serviceable,0,
zepto,394601,Surat,2026-06-29,2026-06-29-1319,not_serviceable,0,
zepto,394620,Surat,2026-06-29,2026-06-29-1319,not_serviceable,0,
zepto,394651,Surat,2026-06-29,2026-06-29-1319,not_serviceable,0,
zepto,395001,Surat,2026-06-29,2026-06-29-1319,not_serviceable,0,
zepto,395002,Surat,2026-07-13,2026-07-13-0944,price_captured,23,1650
zepto,395003,Surat,2026-06-29,2026-06-29-1319,not_serviceable,0,
zepto,395004,Surat,2026-06-29,2026-06-29-1319,not_serviceable,0,
zepto,395005,Surat,2026-06-29,2026-06-29-1319,not_serviceable,0,
zepto,395006,Surat,2026-06-29,2026-06-29-1319,not_serviceable,0,
zepto,395007,Surat,2026-06-29,2026-06-29-1319,not_serviceable,0,
zepto,395008,Surat,2026-07-13,2026-07-13-0944,price_captured,23,1417
zepto,395009,Surat,2026-07-13,2026-07-13-0944,price_captured,23,1650
zepto,395010,Surat,2026-06-29,2026-06-29-1319,not_serviceable,0,
zepto,395011,Surat,2026-07-13,2026-07-13-0944,price_captured,23,1417
zepto,395012,Surat,2026-07-13,2026-07-13-0944,price_captured,23,1417
zepto,395013,Surat,2026-06-29,2026-06-29-1319,not_serviceable,0,
zepto,395017,Surat,2026-06-29,2026-06-29-1319,not_serviceable,0,
zepto,395023,Surat,2026-06-29,2026-06-29-1319,not_serviceable,0,
zepto,396510,Surat,2026-06-29,2026-06-29-1319,not_serviceable,0,
zepto,400001,Mumbai,2026-07-13,2026-07-13-0944,price_captured,23,1370
zepto,400002,Mumbai,2026-07-13,2026-07-13-0944,price_captured,23,1362
zepto,400003,Mumbai,2026-07-13,2026-07-13-0944,price_captured,23,1362
zepto,400004,Mumbai,2026-07-13,2026-07-13-0944,price_captured,23,1362
zepto,400005,Mumbai,2026-07-13,2026-07-13-0944,price_captured,24,1417
zepto,400006,Mumbai,2026-07-13,2026-07-13-0944,price_captured,23,1362
zepto,400007,Mumbai,2026-07-13,2026-07-13-0944,price_captured,24,1370
zepto,400008,Mumbai,2026-07-13,2026-07-13-0944,price_captured,23,1417
zepto,400009,Mumbai,2026-07-13,2026-07-13-0944,not_serviceable,0,
zepto,400010,Mumbai,2026-07-13,2026-07-13-0944,price_captured,23,1370
zepto,400011,Mumbai,2026-07-13,2026-07-13-0944,price_captured,24,1370
zepto,400012,Mumbai,2026-07-13,2026-07-13-0944,price_captured,23,1370
zepto,400013,Mumbai,2026-07-13,2026-07-13-0944,price_captured,23,1362
zepto,400014,Mumbai,2026-07-13,2026-07-13-0944,price_captured,23,1370
zepto,400015,Mumbai,2026-07-13,2026-07-13-0944,not_serviceable,0,
zepto,400016,Mumbai,2026-07-13,2026-07-13-0944,price_captured,24,1370
zepto,400017,Mumbai,2026-07-13,2026-07-13-0944,price_captured,24,1370
zepto,400018,Mumbai,2026-07-13,2026-07-13-0944,price_captured,23,1362
zepto,400019,Mumbai,2026-07-13,2026-07-13-0944,price_captured,23,1370
zepto,400020,Mumbai,2026-07-13,2026-07-13-0944,price_captured,23,1362
zepto,400021,Mumbai,2026-07-13,2026-07-13-0944,price_captured,23,1370
zepto,400022,Mumbai,2026-07-13,2026-07-13-0944,price_captured,23,1370
zepto,400024,Mumbai,2026-07-13,2026-07-13-0944,price_captured,23,1370
zepto,400025,Mumbai,2026-07-13,2026-07-13-0944,price_captured,23,1362
zepto,400026,Mumbai,2026-07-13,2026-07-13-0944,price_captured,24,1370
zepto,400027,Mumbai,2026-07-13,2026-07-13-0944,price_captured,23,1417
zepto,400028,Mumbai,2026-07-13,2026-07-13-0944,not_serviceable,0,
zepto,400029,Mumbai,2026-07-13,2026-07-13-0944,price_captured,23,1362
zepto,400030,Mumbai,2026-07-13,2026-07-13-0944,price_captured,23,1362
zepto,400031,Mumbai,2026-07-13,2026-07-13-0944,price_captured,23,1370
zepto,400032,Mumbai,2026-07-13,2026-07-13-0944,price_captured,23,1362
zepto,400033,Mumbai,2026-07-13,2026-07-13-0944,price_captured,24,1370
zepto,400034,Mumbai,2026-07-13,2026-07-13-0944,price_captured,23,1417
zepto,400035,Mumbai,2026-07-13,2026-07-13-0944,price_captured,23,1362
zepto,400037,Mumbai,2026-07-13,2026-07-13-0944,price_captured,23,1370
zepto,400042,Mumbai,2026-07-13,2026-07-13-0944,price_captured,23,1417
zepto,400043,Mumbai,2026-07-13,2026-07-13-0944,price_captured,23,1362
zepto,400049,Mumbai,2026-07-13,2026-07-13-0944,price_captured,23,1362
zepto,400050,Mumbai,2026-07-13,2026-07-13-0944,price_captured,23,1370
zepto,400051,Mumbai,2026-07-13,2026-07-13-0944,price_captured,23,1362
zepto,400052,Mumbai,2026-07-13,2026-07-13-0944,price_captured,23,1370
zepto,400053,Mumbai,2026-07-13,2026-07-13-0944,price_captured,23,1362
zepto,400054,Mumbai,2026-07-13,2026-07-13-0944,price_captured,23,1370
zepto,400055,Mumbai,2026-07-13,2026-07-13-0944,price_captured,23,1362
zepto,400056,Mumbai,2026-07-13,2026-07-13-0944,price_captured,23,1362
zepto,400057,Mumbai,2026-07-13,2026-07-13-0944,price_captured,24,1362
zepto,400058,Mumbai,2026-07-13,2026-07-13-0944,price_captured,23,1362
zepto,400059,Mumbai,2026-07-13,2026-07-13-0944,price_captured,24,1362
zepto,400060,Mumbai,2026-07-13,2026-07-13-0944,price_captured,23,1362
zepto,400061,Mumbai,2026-07-13,2026-07-13-0944,price_captured,23,1370
zepto,400063,Mumbai,2026-07-13,2026-07-13-0944,price_captured,23,1370
zepto,400064,Mumbai,2026-07-13,2026-07-13-0944,price_captured,23,1362
zepto,400065,Mumbai,2026-07-13,2026-07-13-0944,price_captured,23,1370
zepto,400066,Mumbai,2026-07-13,2026-07-13-0944,price_captured,23,1409
zepto,400067,Mumbai,2026-07-13,2026-07-13-0944,price_captured,23,1362
zepto,400068,Mumbai,2026-07-13,2026-07-13-0944,price_captured,23,1409
zepto,400069,Mumbai,2026-07-13,2026-07-13-0944,price_captured,23,1362
zepto,400070,Mumbai,2026-07-13,2026-07-13-0944,price_captured,23,1362
zepto,400071,Mumbai,2026-07-13,2026-07-13-0944,price_captured,23,1370
zepto,400072,Mumbai,2026-07-13,2026-07-13-0944,price_captured,23,1370
zepto,400074,Mumbai,2026-07-13,2026-07-13-0944,price_captured,23,1370
zepto,400075,Mumbai,2026-07-13,2026-07-13-0944,price_captured,23,1417
zepto,400076,Mumbai,2026-07-13,2026-07-13-0944,price_captured,23,1362
zepto,400077,Mumbai,2026-07-13,2026-07-13-0944,price_captured,23,1370
zepto,400078,Mumbai,2026-07-13,2026-07-13-0944,price_captured,23,1362
zepto,400079,Mumbai,2026-07-13,2026-07-13-0944,price_captured,23,1362
zepto,400080,Mumbai,2026-07-13,2026-07-13-0944,price_captured,23,1417
zepto,400081,Mumbai,2026-07-13,2026-07-13-0944,price_captured,23,1362
zepto,400082,Mumbai,2026-07-13,2026-07-13-0944,price_captured,23,1362
zepto,400083,Mumbai,2026-07-13,2026-07-13-0944,price_captured,23,1417
zepto,400084,Mumbai,2026-07-13,2026-07-13-0944,price_captured,23,1362
zepto,400085,Mumbai,2026-07-13,2026-07-13-0944,price_captured,23,1370
zepto,400086,Mumbai,2026-07-13,2026-07-13-0944,price_captured,23,1362
zepto,400087,Mumbai,2026-07-13,2026-07-13-0944,price_captured,24,1362
zepto,400088,Mumbai,2026-07-13,2026-07-13-0944,price_captured,24,1370
zepto,400089,Mumbai,2026-07-13,2026-07-13-0944,price_captured,23,1370
zepto,400091,Mumbai,2026-07-13,2026-07-13-0944,price_captured,23,1409
zepto,400092,Mumbai,2026-07-13,2026-07-13-0944,price_captured,23,1409
zepto,400093,Mumbai,2026-07-13,2026-07-13-0944,price_captured,24,1362
zepto,400094,Mumbai,2026-07-13,2026-07-13-0944,price_captured,24,1370
zepto,400095,Mumbai,2026-07-13,2026-07-13-0944,price_captured,23,1362
zepto,400096,Mumbai,2026-07-13,2026-07-13-0944,price_captured,24,1362
zepto,400097,Mumbai,2026-07-13,2026-07-13-0944,price_captured,23,1370
zepto,400098,Mumbai,2026-07-13,2026-07-13-0944,price_captured,23,1362
zepto,400099,Mumbai,2026-07-13,2026-07-13-0944,not_serviceable,0,
zepto,400101,Mumbai,2026-07-13,2026-07-13-0944,price_captured,23,1370
zepto,400102,Mumbai,2026-07-13,2026-07-13-0944,price_captured,23,1370
zepto,400103,Mumbai,2026-07-13,2026-07-13-0944,price_captured,23,1409
zepto,400104,Mumbai,2026-07-13,2026-07-13-0944,price_captured,23,1370
zepto,410301,Pune,2026-07-13,2026-07-13-0944,not_serviceable,0,
zepto,410302,Pune,2026-07-13,2026-07-13-0944,not_serviceable,0,
zepto,410401,Pune,2026-07-13,2026-07-13-0944,not_serviceable,0,
zepto,410402,Pune,2026-07-13,2026-07-13-0944,not_serviceable,0,
zepto,410403,Pune,2026-07-13,2026-07-13-0944,not_serviceable,0,
zepto,410405,Pune,2026-07-13,2026-07-13-0944,not_serviceable,0,
zepto,410406,Pune,2026-07-13,2026-07-13-0944,not_serviceable,0,
zepto,410501,Pune,2026-07-13,2026-07-13-0944,not_serviceable,0,
zepto,410502,Pune,2026-07-13,2026-07-13-0944,not_serviceable,0,
zepto,410503,Pune,2026-07-13,2026-07-13-0944,not_serviceable,0,
zepto,410504,Pune,2026-07-13,2026-07-13-0944,not_serviceable,0,
zepto,410505,Pune,2026-07-13,2026-07-13-0944,not_serviceable,0,
zepto,410506,Pune,2026-07-13,2026-07-13-0944,not_serviceable,0,
zepto,410507,Pune,2026-07-13,2026-07-13-0944,price_captured,23,1417
zepto,410508,Pune,2026-07-13,2026-07-13-0944,not_serviceable,0,
zepto,410509,Pune,2026-07-13,2026-07-13-0944,not_serviceable,0,
zepto,410510,Pune,2026-07-13,2026-07-13-0944,not_serviceable,0,
zepto,410511,Pune,2026-07-13,2026-07-13-0944,not_serviceable,0,
zepto,410512,Pune,2026-07-13,2026-07-13-0944,not_serviceable,0,
zepto,410513,Pune,2026-07-13,2026-07-13-0944,not_serviceable,0,
zepto,410515,Pune,2026-07-13,2026-07-13-0944,not_serviceable,0,
zepto,410516,Pune,2026-07-13,2026-07-13-0944,not_serviceable,0,
zepto,411001,Pune,2026-07-13,2026-07-13-0944,price_captured,23,1417
zepto,411002,Pune,2026-07-13,2026-07-13-0944,not_serviceable,0,
zepto,411003,Pune,2026-07-13,2026-07-13-0944,not_serviceable,0,
zepto,411004,Pune,2026-07-13,2026-07-13-0944,not_serviceable,0,
zepto,411005,Pune,2026-07-13,2026-07-13-0944,not_serviceable,0,
zepto,411006,Pune,2026-07-13,2026-07-13-0944,price_captured,23,1409
zepto,411007,Pune,2026-07-13,2026-07-13-0944,not_serviceable,0,
zepto,411008,Pune,2026-07-13,2026-07-13-0944,price_captured,23,1409
zepto,411009,Pune,2026-07-13,2026-07-13-0944,price_captured,23,1417
zepto,411011,Pune,2026-07-13,2026-07-13-0944,not_serviceable,0,
zepto,411012,Pune,2026-07-13,2026-07-13-0944,price_captured,23,1409
zepto,411013,Pune,2026-07-13,2026-07-13-0944,not_serviceable,0,
zepto,411014,Pune,2026-07-13,2026-07-13-0944,price_captured,23,1409
zepto,411015,Pune,2026-07-13,2026-07-13-0944,price_captured,23,1409
zepto,411016,Pune,2026-07-13,2026-07-13-0944,not_serviceable,0,
zepto,411017,Pune,2026-07-13,2026-07-13-0944,price_captured,23,1409
zepto,411018,Pune,2026-07-13,2026-07-13-0944,price_captured,23,1409
zepto,411019,Pune,2026-07-13,2026-07-13-0944,price_captured,23,1409
zepto,411020,Pune,2026-07-13,2026-07-13-0944,not_serviceable,0,
zepto,411021,Pune,2026-07-13,2026-07-13-0944,price_captured,23,1409
zepto,411022,Pune,2026-07-13,2026-07-13-0944,price_captured,23,1409
zepto,411023,Pune,2026-07-13,2026-07-13-0944,price_captured,23,1362
zepto,411024,Pune,2026-07-13,2026-07-13-0944,price_captured,23,1362
zepto,411025,Pune,2026-07-13,2026-07-13-0944,not_serviceable,0,
zepto,411026,Pune,2026-07-13,2026-07-13-0944,price_captured,23,1409
zepto,411027,Pune,2026-07-13,2026-07-13-0944,price_captured,23,1417
zepto,411028,Pune,2026-07-13,2026-07-13-0944,price_captured,23,1409
zepto,411030,Pune,2026-07-13,2026-07-13-0944,not_serviceable,0,
zepto,411031,Pune,2026-07-13,2026-07-13-0944,not_serviceable,0,
zepto,411032,Pune,2026-07-13,2026-07-13-0944,not_serviceable,0,
zepto,411033,Pune,2026-07-13,2026-07-13-0944,not_serviceable,0,
zepto,411034,Pune,2026-07-13,2026-07-13-0944,not_serviceable,0,
zepto,411035,Pune,2026-07-13,2026-07-13-0944,price_captured,23,1409
zepto,411036,Pune,2026-07-13,2026-07-13-0944,price_captured,23,1417
zepto,411037,Pune,2026-07-13,2026-07-13-0944,price_captured,23,1362
zepto,411038,Pune,2026-07-13,2026-07-13-0944,price_captured,23,1417
zepto,411039,Pune,2026-07-13,2026-07-13-0944,price_captured,23,1409
zepto,411040,Pune,2026-07-13,2026-07-13-0944,not_serviceable,0,
zepto,411041,Pune,2026-07-13,2026-07-13-0944,not_serviceable,0,
zepto,411042,Pune,2026-07-13,2026-07-13-0944,not_serviceable,0,
zepto,411043,Pune,2026-07-13,2026-07-13-0944,price_captured,23,1362
zepto,411044,Pune,2026-07-13,2026-07-13-0944,price_captured,23,1409
zepto,411045,Pune,2026-07-13,2026-07-13-0944,price_captured,23,1409
zepto,411046,Pune,2026-07-13,2026-07-13-0944,price_captured,23,1362
zepto,411047,Pune,2026-07-13,2026-07-13-0944,price_captured,23,1409
zepto,411048,Pune,2026-07-13,2026-07-13-0944,not_serviceable,0,
zepto,411051,Pune,2026-07-13,2026-07-13-0944,not_serviceable,0,
zepto,411052,Pune,2026-07-13,2026-07-13-0944,price_captured,23,1362
zepto,411057,Pune,2026-07-13,2026-07-13-0944,not_serviceable,0,
zepto,411058,Pune,2026-07-13,2026-07-13-0944,price_captured,23,1362
zepto,411060,Pune,2026-07-13,2026-07-13-0944,not_serviceable,0,
zepto,411061,Pune,2026-07-13,2026-07-13-0944,not_serviceable,0,
zepto,411062,Pune,2026-07-13,2026-07-13-0944,price_captured,23,1409
zepto,411067,Pune,2026-07-13,2026-07-13-0944,price_captured,23,1409
zepto,411068,Pune,2026-07-13,2026-07-13-0944,price_captured,23,1362
zepto,411069,Pune,2026-07-13,2026-07-13-0944,price_captured,23,1409
zepto,412101,Pune,2026-07-13,2026-07-13-0944,price_captured,23,1409
zepto,412102,Pune,2026-07-13,2026-07-13-0944,not_serviceable,0,
zepto,412103,Pune,2026-07-13,2026-07-13-0944,not_serviceable,0,
zepto,412104,Pune,2026-07-13,2026-07-13-0944,price_captured,23,1417
zepto,412105,Pune,2026-07-13,2026-07-13-0944,not_serviceable,0,
zepto,412106,Pune,2026-07-13,2026-07-13-0944,not_serviceable,0,
zepto,412107,Pune,2026-07-13,2026-07-13-0944,not_serviceable,0,
zepto,412108,Pune,2026-07-13,2026-07-13-0944,not_serviceable,0,
zepto,412109,Pune,2026-07-13,2026-07-13-0944,not_serviceable,0,
zepto,412110,Pune,2026-07-13,2026-07-13-0944,not_serviceable,0,
zepto,412112,Pune,2026-07-13,2026-07-13-0944,not_serviceable,0,
zepto,412115,Pune,2026-07-13,2026-07-13-0944,not_serviceable,0,
zepto,412201,Pune,2026-07-13,2026-07-13-0944,not_serviceable,0,
zepto,412202,Pune,2026-07-13,2026-07-13-0944,not_serviceable,0,
zepto,412203,Pune,2026-07-13,2026-07-13-0944,not_serviceable,0,
zepto,412204,Pune,2026-07-13,2026-07-13-0944,not_serviceable,0,
zepto,412205,Pune,2026-07-13,2026-07-13-0944,not_serviceable,0,
zepto,412206,Pune,2026-07-13,2026-07-13-0944,not_serviceable,0,
zepto,412207,Pune,2026-07-13,2026-07-13-0944,price_captured,23,1409
zepto,412208,Pune,2026-07-13,2026-07-13-0944,not_serviceable,0,
zepto,412209,Pune,2026-07-13,2026-07-13-0944,not_serviceable,0,
zepto,412210,Pune,2026-07-13,2026-07-13-0944,not_serviceable,0,
zepto,412211,Pune,2026-07-13,2026-07-13-0944,not_serviceable,0,
zepto,412212,Pune,2026-07-13,2026-07-13-0944,not_serviceable,0,
zepto,412213,Pune,2026-07-13,2026-07-13-0944,not_serviceable,0,
zepto,412214,Pune,2026-07-13,2026-07-13-0944,not_serviceable,0,
zepto,412215,Pune,2026-07-13,2026-07-13-0944,not_serviceable,0,
zepto,412216,Pune,2026-07-13,2026-07-13-0944,not_serviceable,0,
zepto,412218,Pune,2026-07-13,2026-07-13-0944,not_serviceable,0,
zepto,412219,Pune,2026-07-13,2026-07-13-0944,not_serviceable,0,
zepto,412220,Pune,2026-07-13,2026-07-13-0944,not_serviceable,0,
zepto,412301,Pune,2026-07-13,2026-07-13-0944,not_serviceable,0,
zepto,412303,Pune,2026-07-13,2026-07-13-0944,price_captured,23,1417
zepto,412304,Pune,2026-07-13,2026-07-13-0944,not_serviceable,0,
zepto,412305,Pune,2026-07-13,2026-07-13-0944,not_serviceable,0,
zepto,412306,Pune,2026-07-13,2026-07-13-0944,not_serviceable,0,
zepto,412307,Pune,2026-07-13,2026-07-13-0944,not_serviceable,0,
zepto,412308,Pune,2026-07-13,2026-07-13-0944,not_serviceable,0,
zepto,412311,Pune,2026-07-13,2026-07-13-0944,not_serviceable,0,
zepto,412312,Pune,2026-07-13,2026-07-13-0944,not_serviceable,0,
zepto,412401,Pune,2026-07-13,2026-07-13-0944,not_serviceable,0,
zepto,412402,Pune,2026-07-13,2026-07-13-0944,not_serviceable,0,
zepto,412403,Pune,2026-07-13,2026-07-13-0944,not_serviceable,0,
zepto,412404,Pune,2026-07-13,2026-07-13-0944,not_serviceable,0,
zepto,412405,Pune,2026-07-13,2026-07-13-0944,not_serviceable,0,
zepto,412406,Pune,2026-07-13,2026-07-13-0944,not_serviceable,0,
zepto,412408,Pune,2026-07-13,2026-07-13-0944,not_serviceable,0,
zepto,412409,Pune,2026-07-13,2026-07-13-0944,not_serviceable,0,
zepto,412410,Pune,2026-07-13,2026-07-13-0944,not_serviceable,0,
zepto,412411,Pune,2026-07-13,2026-07-13-0944,not_serviceable,0,
zepto,412412,Pune,2026-07-13,2026-07-13-0944,not_serviceable,0,
zepto,413102,Pune,2026-07-13,2026-07-13-0944,not_serviceable,0,
zepto,413103,Pune,2026-07-13,2026-07-13-0944,not_serviceable,0,
zepto,413104,Pune,2026-07-13,2026-07-13-0944,not_serviceable,0,
zepto,413105,Pune,2026-07-13,2026-07-13-0944,not_serviceable,0,
zepto,413106,Pune,2026-07-13,2026-07-13-0944,not_serviceable,0,
zepto,413110,Pune,2026-07-13,2026-07-13-0944,not_serviceable,0,
zepto,413114,Pune,2026-07-13,2026-07-13-0944,not_serviceable,0,
zepto,413115,Pune,2026-07-13,2026-07-13-0944,not_serviceable,0,
zepto,413116,Pune,2026-07-13,2026-07-13-0944,not_serviceable,0,
zepto,413120,Pune,2026-07-13,2026-07-13-0944,not_serviceable,0,
zepto,413130,Pune,2026-07-13,2026-07-13-0944,not_serviceable,0,
zepto,413132,Pune,2026-07-13,2026-07-13-0944,not_serviceable,0,
zepto,413133,Pune,2026-07-13,2026-07-13-0944,not_serviceable,0,
zepto,413211,Pune,2026-07-13,2026-07-13-0944,not_serviceable,0,
zepto,413801,Pune,2026-07-13,2026-07-13-0944,not_serviceable,0,
zepto,413802,Pune,2026-07-13,2026-07-13-0944,not_serviceable,0,
zepto,422001,Nashik,2026-07-13,2026-07-13-0944,price_captured,23,1362
zepto,422002,Nashik,2026-07-13,2026-07-13-0944,price_captured,23,1417
zepto,422003,Nashik,2026-07-13,2026-07-13-0944,not_serviceable,0,
zepto,422004,Nashik,2026-07-13,2026-07-13-0944,not_serviceable,0,
zepto,422005,Nashik,2026-07-13,2026-07-13-0944,not_serviceable,0,
zepto,422006,Nashik,2026-07-13,2026-07-13-0944,price_captured,23,1362
zepto,422007,Nashik,2026-07-13,2026-07-13-0944,not_serviceable,0,
zepto,422008,Nashik,2026-07-13,2026-07-13-0944,price_captured,23,1362
zepto,422009,Nashik,2026-07-13,2026-07-13-0944,not_serviceable,0,
zepto,422010,Nashik,2026-07-13,2026-07-13-0944,not_serviceable,0,
zepto,422011,Nashik,2026-07-13,2026-07-13-0944,not_serviceable,0,
zepto,422012,Nashik,2026-07-13,2026-07-13-0944,not_serviceable,0,
zepto,422013,Nashik,2026-07-13,2026-07-13-0944,not_serviceable,0,
zepto,422101,Nashik,2026-07-13,2026-07-13-0944,not_serviceable,0,
zepto,422102,Nashik,2026-07-13,2026-07-13-0944,not_serviceable,0,
zepto,422103,Nashik,2026-07-13,2026-07-13-0944,not_serviceable,0,
zepto,422104,Nashik,2026-07-13,2026-07-13-0944,not_serviceable,0,
zepto,422105,Nashik,2026-07-13,2026-07-13-0944,not_serviceable,0,
zepto,422112,Nashik,2026-07-13,2026-07-13-0944,not_serviceable,0,
zepto,422113,Nashik,2026-07-13,2026-07-13-0944,not_serviceable,0,
zepto,422201,Nashik,2026-07-13,2026-07-13-0944,not_serviceable,0,
zepto,422202,Nashik,2026-07-13,2026-07-13-0944,not_serviceable,0,
zepto,422203,Nashik,2026-07-13,2026-07-13-0944,price_captured,23,1362
zepto,422204,Nashik,2026-07-13,2026-07-13-0944,price_captured,23,1362
zepto,422205,Nashik,2026-07-13,2026-07-13-0944,not_serviceable,0,
zepto,422206,Nashik,2026-07-13,2026-07-13-0944,not_serviceable,0,
zepto,422207,Nashik,2026-07-13,2026-07-13-0944,not_serviceable,0,
zepto,422208,Nashik,2026-07-13,2026-07-13-0944,not_serviceable,0,
zepto,422209,Nashik,2026-07-13,2026-07-13-0944,not_serviceable,0,
zepto,422210,Nashik,2026-07-13,2026-07-13-0944,not_serviceable,0,
zepto,422211,Nashik,2026-07-13,2026-07-13-0944,not_serviceable,0,
zepto,422212,Nashik,2026-07-13,2026-07-13-0944,not_serviceable,0,
zepto,422213,Nashik,2026-07-13,2026-07-13-0944,not_serviceable,0,
zepto,422214,Nashik,2026-07-13,2026-07-13-0944,not_serviceable,0,
zepto,422215,Nashik,2026-07-13,2026-07-13-0944,not_serviceable,0,
zepto,422221,Nashik,2026-07-13,2026-07-13-0944,not_serviceable,0,
zepto,422222,Nashik,2026-07-13,2026-07-13-0944,not_serviceable,0,
zepto,422301,Nashik,2026-07-13,2026-07-13-0944,not_serviceable,0,
zepto,422302,Nashik,2026-07-13,2026-07-13-0944,not_serviceable,0,
zepto,422303,Nashik,2026-07-13,2026-07-13-0944,not_serviceable,0,
zepto,422304,Nashik,2026-07-13,2026-07-13-0944,not_serviceable,0,
zepto,422305,Nashik,2026-07-13,2026-07-13-0944,not_serviceable,0,
zepto,422306,Nashik,2026-07-13,2026-07-13-0944,not_serviceable,0,
zepto,422308,Nashik,2026-07-13,2026-07-13-0944,not_serviceable,0,
zepto,422401,Nashik,2026-07-13,2026-07-13-0944,price_captured,23,1417
zepto,422402,Nashik,2026-07-13,2026-07-13-0944,not_serviceable,0,
zepto,422403,Nashik,2026-07-13,2026-07-13-0944,not_serviceable,0,
zepto,422501,Nashik,2026-07-13,2026-07-13-0944,price_captured,23,1417
zepto,422502,Nashik,2026-07-13,2026-07-13-0944,price_captured,23,1362
zepto,422606,Nashik,2026-07-13,2026-07-13-0944,not_serviceable,0,
zepto,423101,Nashik,2026-07-13,2026-07-13-0944,not_serviceable,0,
zepto,423102,Nashik,2026-07-13,2026-07-13-0944,not_serviceable,0,
zepto,423104,Nashik,2026-07-13,2026-07-13-0944,not_serviceable,0,
zepto,423105,Nashik,2026-07-13,2026-07-13-0944,not_serviceable,0,
zepto,423106,Nashik,2026-07-13,2026-07-13-0944,not_serviceable,0,
zepto,423108,Nashik,2026-07-13,2026-07-13-0944,not_serviceable,0,
zepto,423110,Nashik,2026-07-13,2026-07-13-0944,not_serviceable,0,
zepto,423111,Nashik,2026-07-13,2026-07-13-0944,not_serviceable,0,
zepto,423117,Nashik,2026-07-13,2026-07-13-0944,not_serviceable,0,
zepto,423201,Nashik,2026-07-13,2026-07-13-0944,not_serviceable,0,
zepto,423202,Nashik,2026-07-13,2026-07-13-0944,not_serviceable,0,
zepto,423203,Nashik,2026-07-13,2026-07-13-0944,not_serviceable,0,
zepto,423204,Nashik,2026-07-13,2026-07-13-0944,not_serviceable,0,
zepto,423205,Nashik,2026-07-13,2026-07-13-0944,not_serviceable,0,
zepto,423206,Nashik,2026-07-13,2026-07-13-0944,not_serviceable,0,
zepto,423208,Nashik,2026-07-13,2026-07-13-0944,not_serviceable,0,
zepto,423212,Nashik,2026-07-13,2026-07-13-0944,not_serviceable,0,
zepto,423213,Nashik,2026-07-13,2026-07-13-0944,not_serviceable,0,
zepto,423301,Nashik,2026-07-13,2026-07-13-0944,not_serviceable,0,
zepto,423302,Nashik,2026-07-13,2026-07-13-0944,not_serviceable,0,
zepto,423303,Nashik,2026-07-13,2026-07-13-0944,not_serviceable,0,
zepto,423401,Nashik,2026-07-13,2026-07-13-0944,not_serviceable,0,
zepto,423402,Nashik,2026-07-13,2026-07-13-0944,not_serviceable,0,
zepto,423403,Nashik,2026-07-13,2026-07-13-0944,not_serviceable,0,
zepto,423501,Nashik,2026-07-13,2026-07-13-0944,not_serviceable,0,
zepto,423502,Nashik,2026-07-13,2026-07-13-0944,not_serviceable,0,
zepto,424109,Nashik,2026-07-13,2026-07-13-0944,not_serviceable,0,
zepto,440001,Nagpur,2026-07-13,2026-07-13-0944,price_captured,23,1417
zepto,440002,Nagpur,2026-07-13,2026-07-13-0944,price_captured,23,1417
zepto,440003,Nagpur,2026-07-13,2026-07-13-0944,price_captured,23,1417
zepto,440005,Nagpur,2026-07-13,2026-07-13-0944,not_serviceable,0,
zepto,440006,Nagpur,2026-07-13,2026-07-13-0944,price_captured,23,1417
zepto,440007,Nagpur,2026-07-13,2026-07-13-0944,not_serviceable,0,
zepto,440008,Nagpur,2026-07-13,2026-07-13-0944,price_captured,23,1417
zepto,440010,Nagpur,2026-07-13,2026-07-13-0944,price_captured,23,1417
zepto,440012,Nagpur,2026-07-13,2026-07-13-0944,price_captured,23,1417
zepto,440013,Nagpur,2026-07-13,2026-07-13-0944,price_captured,23,1417
zepto,440014,Nagpur,2026-07-13,2026-07-13-0944,price_captured,23,1417
zepto,440015,Nagpur,2026-07-13,2026-07-13-0944,price_captured,23,1417
zepto,440016,Nagpur,2026-07-13,2026-07-13-0944,not_serviceable,0,
zepto,440017,Nagpur,2026-07-13,2026-07-13-0944,price_captured,23,1417
zepto,440018,Nagpur,2026-07-13,2026-07-13-0944,price_captured,23,1417
zepto,440019,Nagpur,2026-07-13,2026-07-13-0944,not_serviceable,0,
zepto,440020,Nagpur,2026-07-13,2026-07-13-0944,price_captured,23,1417
zepto,440021,Nagpur,2026-07-13,2026-07-13-0944,price_captured,23,1417
zepto,440022,Nagpur,2026-07-13,2026-07-13-0944,price_captured,23,1417
zepto,440023,Nagpur,2026-07-13,2026-07-13-0944,price_captured,23,1417
zepto,440024,Nagpur,2026-07-13,2026-07-13-0944,price_captured,23,1417
zepto,440025,Nagpur,2026-07-13,2026-07-13-0944,price_captured,23,1417
zepto,440026,Nagpur,2026-07-13,2026-07-13-0944,not_serviceable,0,
zepto,440027,Nagpur,2026-07-13,2026-07-13-0944,price_captured,23,1417
zepto,440030,Nagpur,2026-07-13,2026-07-13-0944,price_captured,23,1417
zepto,440032,Nagpur,2026-07-13,2026-07-13-0944,price_captured,23,1417
zepto,440033,Nagpur,2026-07-13,2026-07-13-0944,price_captured,23,1417
zepto,440034,Nagpur,2026-07-13,2026-07-13-0944,price_captured,23,1417
zepto,440035,Nagpur,2026-07-13,2026-07-13-0944,not_serviceable,0,
zepto,440036,Nagpur,2026-07-13,2026-07-13-0944,not_serviceable,0,
zepto,440037,Nagpur,2026-07-13,2026-07-13-0944,price_captured,23,1417
zepto,441001,Nagpur,2026-07-13,2026-07-13-0944,not_serviceable,0,
zepto,441101,Nagpur,2026-07-13,2026-07-13-0944,not_serviceable,0,
zepto,441102,Nagpur,2026-07-13,2026-07-13-0944,not_serviceable,0,
zepto,441103,Nagpur,2026-07-13,2026-07-13-0944,not_serviceable,0,
zepto,441104,Nagpur,2026-07-13,2026-07-13-0944,price_captured,23,1417
zepto,441105,Nagpur,2026-07-13,2026-07-13-0944,not_serviceable,0,
zepto,441106,Nagpur,2026-07-13,2026-07-13-0944,price_captured,23,1417
zepto,441107,Nagpur,2026-07-13,2026-07-13-0944,not_serviceable,0,
zepto,441108,Nagpur,2026-07-13,2026-07-13-0944,price_captured,23,1417
zepto,441109,Nagpur,2026-07-13,2026-07-13-0944,not_serviceable,0,
zepto,441110,Nagpur,2026-07-13,2026-07-13-0944,not_serviceable,0,
zepto,441111,Nagpur,2026-07-13,2026-07-13-0944,not_serviceable,0,
zepto,441112,Nagpur,2026-07-13,2026-07-13-0944,not_serviceable,0,
zepto,441113,Nagpur,2026-07-13,2026-07-13-0944,not_serviceable,0,
zepto,441122,Nagpur,2026-07-13,2026-07-13-0944,not_serviceable,0,
zepto,441123,Nagpur,2026-07-13,2026-07-13-0944,price_captured,23,1417
zepto,441201,Nagpur,2026-07-13,2026-07-13-0944,not_serviceable,0,
zepto,441202,Nagpur,2026-07-13,2026-07-13-0944,price_captured,23,1417
zepto,441203,Nagpur,2026-07-13,2026-07-13-0944,not_serviceable,0,
zepto,441204,Nagpur,2026-07-13,2026-07-13-0944,not_serviceable,0,
zepto,441210,Nagpur,2026-07-13,2026-07-13-0944,not_serviceable,0,
zepto,441214,Nagpur,2026-07-13,2026-07-13-0944,price_captured,23,1417
zepto,441301,Nagpur,2026-07-13,2026-07-13-0944,not_serviceable,0,
zepto,441302,Nagpur,2026-07-13,2026-07-13-0944,not_serviceable,0,
zepto,441303,Nagpur,2026-07-13,2026-07-13-0944,not_serviceable,0,
zepto,441304,Nagpur,2026-07-13,2026-07-13-0944,not_serviceable,0,
zepto,441305,Nagpur,2026-07-13,2026-07-13-0944,price_captured,23,1417
zepto,441306,Nagpur,2026-07-13,2026-07-13-0944,price_captured,23,1417
zepto,441401,Nagpur,2026-07-13,2026-07-13-0944,price_captured,23,1417
zepto,441404,Nagpur,2026-07-13,2026-07-13-0944,not_serviceable,0,
zepto,441501,Nagpur,2026-07-13,2026-07-13-0944,not_serviceable,0,
zepto,441502,Nagpur,2026-07-13,2026-07-13-0944,not_serviceable,0,
zepto,452001,Indore,2026-07-13,2026-07-13-0944,not_serviceable,0,
zepto,452002,Indore,2026-07-13,2026-07-13-0944,price_captured,23,1417
zepto,452003,Indore,2026-06-29,2026-06-29-1319,not_serviceable,0,
zepto,452005,Indore,2026-07-13,2026-07-13-0944,price_captured,23,1417
zepto,452006,Indore,2026-07-13,2026-07-13-0944,price_captured,23,1417
zepto,452007,Indore,2026-07-13,2026-07-13-0944,price_captured,23,1417
zepto,452009,Indore,2026-07-13,2026-07-13-0944,price_captured,23,1417
zepto,452010,Indore,2026-06-29,2026-06-29-1319,not_serviceable,0,
zepto,452011,Indore,2026-07-13,2026-07-13-0944,price_captured,23,1417
zepto,452012,Indore,2026-06-29,2026-06-29-1319,not_serviceable,0,
zepto,452013,Indore,2026-07-13,2026-07-13-0944,price_captured,23,1417
zepto,452014,Indore,2026-07-13,2026-07-13-0944,price_captured,23,1417
zepto,452015,Indore,2026-06-29,2026-06-29-1319,not_serviceable,0,
zepto,452016,Indore,2026-06-29,2026-06-29-1319,not_serviceable,0,
zepto,452018,Indore,2026-07-13,2026-07-13-0944,price_captured,23,1417
zepto,452020,Indore,2026-06-29,2026-06-29-1319,not_serviceable,0,
zepto,453001,Indore,2026-06-29,2026-06-29-1319,not_serviceable,0,
zepto,453111,Indore,2026-06-29,2026-06-29-1319,not_serviceable,0,
zepto,453112,Indore,2026-07-13,2026-07-13-0944,price_captured,23,1417
zepto,453115,Indore,2026-06-29,2026-06-29-1319,not_serviceable,0,
zepto,453220,Indore,2026-06-29,2026-06-29-1319,not_serviceable,0,
zepto,453331,Indore,2026-06-29,2026-06-29-1319,not_serviceable,0,
zepto,453441,Indore,2026-06-29,2026-06-29-1319,not_serviceable,0,
zepto,453446,Indore,2026-06-29,2026-06-29-1319,not_serviceable,0,
zepto,453551,Indore,2026-06-29,2026-06-29-1319,not_serviceable,0,
zepto,453552,Indore,2026-06-29,2026-06-29-1319,not_serviceable,0,
zepto,453555,Indore,2026-07-13,2026-07-13-0944,price_captured,23,1417
zepto,453556,Indore,2026-07-13,2026-07-13-0944,price_captured,23,1417
zepto,453661,Indore,2026-06-29,2026-06-29-1319,not_serviceable,0,
zepto,453771,Indore,2026-06-29,2026-06-29-1319,not_serviceable,0,
zepto,500001,Hyderabad,2026-07-13,2026-07-13-0944,price_captured,23,1372
zepto,500002,Hyderabad,2026-07-13,2026-07-13-0944,price_captured,23,1372
zepto,500003,Hyderabad,2026-07-13,2026-07-13-0944,not_serviceable,0,
zepto,500004,Hyderabad,2026-07-13,2026-07-13-0944,price_captured,23,1372
zepto,500005,Hyderabad,2026-07-13,2026-07-13-0944,price_captured,23,1417
zepto,500006,Hyderabad,2026-07-13,2026-07-13-0944,price_captured,23,1372
zepto,500007,Hyderabad,2026-07-13,2026-07-13-0944,price_captured,23,1372
zepto,500008,Hyderabad,2026-07-13,2026-07-13-0944,price_captured,23,1372
zepto,500009,Hyderabad,2026-07-13,2026-07-13-0944,price_captured,23,1372
zepto,500010,Hyderabad,2026-07-13,2026-07-13-0944,not_serviceable,0,
zepto,500011,Hyderabad,2026-07-13,2026-07-13-0944,price_captured,23,1372
zepto,500012,Hyderabad,2026-07-13,2026-07-13-0944,price_captured,23,1372
zepto,500013,Hyderabad,2026-07-13,2026-07-13-0944,price_captured,23,1372
zepto,500014,Hyderabad,2026-07-13,2026-07-13-0944,price_captured,23,1372
zepto,500015,Hyderabad,2026-07-13,2026-07-13-0944,price_captured,23,1372
zepto,500016,Hyderabad,2026-07-13,2026-07-13-0944,price_captured,23,1409
zepto,500017,Hyderabad,2026-07-13,2026-07-13-0944,price_captured,23,1372
zepto,500018,Hyderabad,2026-07-13,2026-07-13-0944,not_serviceable,0,
zepto,500020,Hyderabad,2026-07-13,2026-07-13-0944,price_captured,23,1372
zepto,500022,Hyderabad,2026-07-13,2026-07-13-0944,price_captured,23,1372
zepto,500023,Hyderabad,2026-07-13,2026-07-13-0944,price_captured,23,1417
zepto,500024,Hyderabad,2026-07-13,2026-07-13-0944,not_serviceable,0,
zepto,500025,Hyderabad,2026-07-13,2026-07-13-0944,price_captured,23,1372
zepto,500026,Hyderabad,2026-07-13,2026-07-13-0944,price_captured,23,1372
zepto,500027,Hyderabad,2026-07-13,2026-07-13-0944,price_captured,23,1372
zepto,500028,Hyderabad,2026-07-13,2026-07-13-0944,not_serviceable,0,
zepto,500029,Hyderabad,2026-07-13,2026-07-13-0944,price_captured,23,1372
zepto,500031,Hyderabad,2026-07-13,2026-07-13-0944,not_serviceable,0,
zepto,500032,Hyderabad,2026-07-13,2026-07-13-0944,not_serviceable,0,
zepto,500033,Hyderabad,2026-07-13,2026-07-13-0944,price_captured,23,1409
zepto,500034,Hyderabad,2026-07-13,2026-07-13-0944,price_captured,23,1409
zepto,500036,Hyderabad,2026-07-13,2026-07-13-0944,price_captured,23,1372
zepto,500038,Hyderabad,2026-07-13,2026-07-13-0944,price_captured,23,1409
zepto,500040,Hyderabad,2026-07-13,2026-07-13-0944,not_serviceable,0,
zepto,500041,Hyderabad,2026-07-13,2026-07-13-0944,price_captured,23,1372
zepto,500044,Hyderabad,2026-07-13,2026-07-13-0944,price_captured,23,1372
zepto,500045,Hyderabad,2026-07-13,2026-07-13-0944,price_captured,23,1409
zepto,500047,Hyderabad,2026-07-13,2026-07-13-0944,not_serviceable,0,
zepto,500053,Hyderabad,2026-07-13,2026-07-13-0944,price_captured,23,1372
zepto,500056,Hyderabad,2026-07-13,2026-07-13-0944,not_serviceable,0,
zepto,500057,Hyderabad,2026-07-13,2026-07-13-0944,price_captured,23,1372
zepto,500058,Hyderabad,2026-07-13,2026-07-13-0944,not_serviceable,0,
zepto,500059,Hyderabad,2026-07-13,2026-07-13-0944,price_captured,23,1372
zepto,500061,Hyderabad,2026-07-13,2026-07-13-0944,not_serviceable,0,
zepto,500063,Hyderabad,2026-07-13,2026-07-13-0944,price_captured,22,1372
zepto,500064,Hyderabad,2026-07-13,2026-07-13-0944,not_serviceable,0,
zepto,500065,Hyderabad,2026-07-13,2026-07-13-0944,price_captured,23,1417
zepto,500066,Hyderabad,2026-07-13,2026-07-13-0944,price_captured,23,1372
zepto,500073,Hyderabad,2026-07-13,2026-07-13-0944,price_captured,23,1409
zepto,500080,Hyderabad,2026-07-13,2026-07-13-0944,price_captured,23,1372
zepto,500081,Hyderabad,2026-07-13,2026-07-13-0944,price_captured,23,1362
zepto,500082,Hyderabad,2026-07-13,2026-07-13-0944,price_captured,23,1409
zepto,500084,Hyderabad,2026-07-13,2026-07-13-0944,price_captured,23,1372
zepto,500094,Hyderabad,2026-07-13,2026-07-13-0944,not_serviceable,0,
zepto,500095,Hyderabad,2026-07-13,2026-07-13-0944,price_captured,23,1372
zepto,500096,Hyderabad,2026-07-13,2026-07-13-0944,not_serviceable,0,
zepto,500107,Hyderabad,2026-07-13,2026-07-13-0944,price_captured,23,1372
zepto,500109,Hyderabad,2026-07-13,2026-07-13-0944,price_captured,23,1372
zepto,500110,Hyderabad,2026-07-13,2026-07-13-0944,price_captured,23,1372
zepto,500112,Hyderabad,2026-07-13,2026-07-13-0944,price_captured,23,1417
zepto,509132,Vijayawada,2026-06-29,2026-06-29-1319,not_serviceable,0,
zepto,520001,Vijayawada,2026-06-29,2026-06-29-1319,not_serviceable,0,
zepto,520002,Vijayawada,2026-07-13,2026-07-13-0944,price_captured,23,1417
zepto,520003,Vijayawada,2026-06-29,2026-06-29-1319,not_serviceable,0,
zepto,520004,Vijayawada,2026-06-29,2026-06-29-1319,not_serviceable,0,
zepto,520007,Vijayawada,2026-06-29,2026-06-29-1319,not_serviceable,0,
zepto,520008,Vijayawada,2026-07-13,2026-07-13-0944,price_captured,23,1417
zepto,520010,Vijayawada,2026-06-29,2026-06-29-1319,not_serviceable,0,
zepto,520011,Vijayawada,2026-06-29,2026-06-29-1319,not_serviceable,0,
zepto,520012,Vijayawada,2026-06-29,2026-06-29-1319,not_serviceable,0,
zepto,520013,Vijayawada,2026-06-29,2026-06-29-1319,not_serviceable,0,
zepto,520015,Vijayawada,2026-07-13,2026-07-13-0944,price_captured,23,1417
zepto,521101,Vijayawada,2026-06-29,2026-06-29-1319,not_serviceable,0,
zepto,521102,Vijayawada,2026-06-29,2026-06-29-1319,not_serviceable,0,
zepto,521104,Vijayawada,2026-06-29,2026-06-29-1319,not_serviceable,0,
zepto,521107,Vijayawada,2026-06-29,2026-06-29-1319,not_serviceable,0,
zepto,521108,Vijayawada,2026-07-13,2026-07-13-0944,price_captured,23,1417
zepto,521109,Vijayawada,2026-06-29,2026-06-29-1319,not_serviceable,0,
zepto,521110,Vijayawada,2026-06-29,2026-06-29-1319,not_serviceable,0,
zepto,521134,Vijayawada,2026-06-29,2026-06-29-1319,not_serviceable,0,
zepto,521137,Vijayawada,2026-06-29,2026-06-29-1319,not_serviceable,0,
zepto,521139,Vijayawada,2026-06-29,2026-06-29-1319,not_serviceable,0,
zepto,521151,Vijayawada,2026-06-29,2026-06-29-1319,not_serviceable,0,
zepto,521153,Vijayawada,2026-06-29,2026-06-29-1319,not_serviceable,0,
zepto,521163,Vijayawada,2026-06-29,2026-06-29-1319,not_serviceable,0,
zepto,521164,Vijayawada,2026-06-29,2026-06-29-1319,not_serviceable,0,
zepto,521165,Vijayawada,2026-06-29,2026-06-29-1319,not_serviceable,0,
zepto,521170,Vijayawada,2026-06-29,2026-06-29-1319,not_serviceable,0,
zepto,521175,Vijayawada,2026-06-29,2026-06-29-1319,not_serviceable,0,
zepto,521178,Vijayawada,2026-06-29,2026-06-29-1319,not_serviceable,0,
zepto,521180,Vijayawada,2026-06-29,2026-06-29-1319,not_serviceable,0,
zepto,521181,Vijayawada,2026-06-29,2026-06-29-1319,not_serviceable,0,
zepto,521182,Vijayawada,2026-06-29,2026-06-29-1319,not_serviceable,0,
zepto,521183,Vijayawada,2026-06-29,2026-06-29-1319,not_serviceable,0,
zepto,521184,Vijayawada,2026-06-29,2026-06-29-1319,not_serviceable,0,
zepto,521185,Vijayawada,2026-06-29,2026-06-29-1319,not_serviceable,0,
zepto,521190,Vijayawada,2026-06-29,2026-06-29-1319,not_serviceable,0,
zepto,521211,Vijayawada,2026-06-29,2026-06-29-1319,not_serviceable,0,
zepto,521212,Vijayawada,2026-06-29,2026-06-29-1319,not_serviceable,0,
zepto,521225,Vijayawada,2026-07-13,2026-07-13-0944,price_captured,23,1417
zepto,521226,Vijayawada,2026-06-29,2026-06-29-1319,not_serviceable,0,
zepto,521227,Vijayawada,2026-06-29,2026-06-29-1319,not_serviceable,0,
zepto,521228,Vijayawada,2026-06-29,2026-06-29-1319,not_serviceable,0,
zepto,521229,Vijayawada,2026-06-29,2026-06-29-1319,not_serviceable,0,
zepto,521230,Vijayawada,2026-06-29,2026-06-29-1319,not_serviceable,0,
zepto,521231,Vijayawada,2026-06-29,2026-06-29-1319,not_serviceable,0,
zepto,521235,Vijayawada,2026-06-29,2026-06-29-1319,not_serviceable,0,
zepto,521241,Vijayawada,2026-06-29,2026-06-29-1319,not_serviceable,0,
zepto,521245,Vijayawada,2026-06-29,2026-06-29-1319,not_serviceable,0,
zepto,521246,Vijayawada,2026-06-29,2026-06-29-1319,not_serviceable,0,
zepto,521247,Vijayawada,2026-06-29,2026-06-29-1319,not_serviceable,0,
zepto,521250,Vijayawada,2026-06-29,2026-06-29-1319,not_serviceable,0,
zepto,521256,Vijayawada,2026-06-29,2026-06-29-1319,not_serviceable,0,
zepto,521286,Vijayawada,2026-06-29,2026-06-29-1319,not_serviceable,0,
zepto,521401,Vijayawada,2026-06-29,2026-06-29-1319,not_serviceable,0,
zepto,521402,Vijayawada,2026-06-29,2026-06-29-1319,not_serviceable,0,
zepto,521403,Vijayawada,2026-06-29,2026-06-29-1319,not_serviceable,0,
zepto,521456,Vijayawada,2026-06-29,2026-06-29-1319,not_serviceable,0,
zepto,521457,Vijayawada,2026-06-29,2026-06-29-1319,not_serviceable,0,
zepto,530001,Visakhapatnam,2026-06-29,2026-06-29-1319,not_serviceable,0,
zepto,530002,Visakhapatnam,2026-06-29,2026-06-29-1319,not_serviceable,0,
zepto,530003,Visakhapatnam,2026-06-29,2026-06-29-1319,not_serviceable,0,
zepto,530004,Visakhapatnam,2026-06-29,2026-06-29-1319,not_serviceable,0,
zepto,530005,Visakhapatnam,2026-06-29,2026-06-29-1319,not_serviceable,0,
zepto,530007,Visakhapatnam,2026-06-29,2026-06-29-1319,not_serviceable,0,
zepto,530008,Visakhapatnam,2026-06-29,2026-06-29-1319,not_serviceable,0,
zepto,530009,Visakhapatnam,2026-06-29,2026-06-29-1319,not_serviceable,0,
zepto,530011,Visakhapatnam,2026-06-29,2026-06-29-1319,not_serviceable,0,
zepto,530012,Visakhapatnam,2026-06-29,2026-06-29-1319,not_serviceable,0,
zepto,530013,Visakhapatnam,2026-06-29,2026-06-29-1319,not_serviceable,0,
zepto,530014,Visakhapatnam,2026-06-29,2026-06-29-1319,not_serviceable,0,
zepto,530015,Visakhapatnam,2026-06-29,2026-06-29-1319,not_serviceable,0,
zepto,530016,Visakhapatnam,2026-06-29,2026-06-29-1319,not_serviceable,0,
zepto,530017,Visakhapatnam,2026-06-29,2026-06-29-1319,not_serviceable,0,
zepto,530018,Visakhapatnam,2026-06-29,2026-06-29-1319,not_serviceable,0,
zepto,530020,Visakhapatnam,2026-06-29,2026-06-29-1319,not_serviceable,0,
zepto,530022,Visakhapatnam,2026-06-29,2026-06-29-1319,not_serviceable,0,
zepto,530024,Visakhapatnam,2026-06-29,2026-06-29-1319,not_serviceable,0,
zepto,530026,Visakhapatnam,2026-06-29,2026-06-29-1319,not_serviceable,0,
zepto,530027,Visakhapatnam,2026-06-29,2026-06-29-1319,not_serviceable,0,
zepto,530028,Visakhapatnam,2026-06-29,2026-06-29-1319,not_serviceable,0,
zepto,530029,Visakhapatnam,2026-06-29,2026-06-29-1319,not_serviceable,0,
zepto,530031,Visakhapatnam,2026-06-29,2026-06-29-1319,not_serviceable,0,
zepto,530032,Visakhapatnam,2026-06-29,2026-06-29-1319,not_serviceable,0,
zepto,530040,Visakhapatnam,2026-06-29,2026-06-29-1319,not_serviceable,0,
zepto,530041,Visakhapatnam,2026-06-29,2026-06-29-1319,not_serviceable,0,
zepto,530043,Visakhapatnam,2026-06-29,2026-06-29-1319,not_serviceable,0,
zepto,530044,Visakhapatnam,2026-06-29,2026-06-29-1319,not_serviceable,0,
zepto,530045,Visakhapatnam,2026-06-29,2026-06-29-1319,not_serviceable,0,
zepto,530046,Visakhapatnam,2026-06-29,2026-06-29-1319,not_serviceable,0,
zepto,530047,Visakhapatnam,2026-06-29,2026-06-29-1319,not_serviceable,0,
zepto,530048,Visakhapatnam,2026-06-29,2026-06-29-1319,not_serviceable,0,
zepto,530049,Visakhapatnam,2026-06-29,2026-06-29-1319,not_serviceable,0,
zepto,530051,Visakhapatnam,2026-06-29,2026-06-29-1319,not_serviceable,0,
zepto,530052,Visakhapatnam,2026-06-29,2026-06-29-1319,not_serviceable,0,
zepto,530053,Visakhapatnam,2026-06-29,2026-06-29-1319,not_serviceable,0,
zepto,531162,Visakhapatnam,2026-06-29,2026-06-29-1319,not_serviceable,0,
zepto,531163,Visakhapatnam,2026-06-29,2026-06-29-1319,not_serviceable,0,
zepto,531173,Visakhapatnam,2026-06-29,2026-06-29-1319,not_serviceable,0,
zepto,531219,Visakhapatnam,2026-06-29,2026-06-29-1319,not_serviceable,0,
zepto,560001,Bengaluru,2026-07-13,2026-07-13-0944,price_captured,23,1534
zepto,560002,Bengaluru,2026-07-13,2026-07-13-0944,price_captured,23,1442
zepto,560003,Bengaluru,2026-07-13,2026-07-13-0944,price_captured,23,1534
zepto,560004,Bengaluru,2026-07-13,2026-07-13-0944,price_captured,23,1534
zepto,560005,Bengaluru,2026-07-13,2026-07-13-0944,price_captured,23,1534
zepto,560006,Bengaluru,2026-07-13,2026-07-13-0944,price_captured,23,1534
zepto,560007,Bengaluru,2026-07-13,2026-07-13-0944,price_captured,23,1442
zepto,560008,Bengaluru,2026-07-13,2026-07-13-0944,price_captured,23,1442
zepto,560009,Bengaluru,2026-07-13,2026-07-13-0944,price_captured,23,1534
zepto,560010,Bengaluru,2026-07-13,2026-07-13-0944,price_captured,23,1534
zepto,560011,Bengaluru,2026-07-13,2026-07-13-0944,price_captured,23,1442
zepto,560012,Bengaluru,2026-07-13,2026-07-13-0944,price_captured,23,1534
zepto,560013,Bengaluru,2026-07-13,2026-07-13-0944,price_captured,23,1442
zepto,560015,Bengaluru,2026-07-13,2026-07-13-0944,price_captured,23,1442
zepto,560016,Bengaluru,2026-07-13,2026-07-13-0944,price_captured,23,1442
zepto,560017,Bengaluru,2026-07-13,2026-07-13-0944,price_captured,23,1442
zepto,560018,Bengaluru,2026-07-13,2026-07-13-0944,price_captured,23,1534
zepto,560020,Bengaluru,2026-07-13,2026-07-13-0944,price_captured,23,1534
zepto,560021,Bengaluru,2026-07-13,2026-07-13-0944,price_captured,23,1534
zepto,560022,Bengaluru,2026-07-13,2026-07-13-0944,price_captured,23,1534
zepto,560023,Bengaluru,2026-07-13,2026-07-13-0944,price_captured,23,1534
zepto,560024,Bengaluru,2026-07-13,2026-07-13-0944,price_captured,23,1534
zepto,560025,Bengaluru,2026-07-13,2026-07-13-0944,price_captured,23,1442
zepto,560026,Bengaluru,2026-07-13,2026-07-13-0944,price_captured,23,1442
zepto,560027,Bengaluru,2026-07-13,2026-07-13-0944,price_captured,23,1442
zepto,560029,Bengaluru,2026-07-13,2026-07-13-0944,price_captured,23,1442
zepto,560030,Bengaluru,2026-07-13,2026-07-13-0944,price_captured,23,1442
zepto,560032,Bengaluru,2026-07-13,2026-07-13-0944,price_captured,23,1534
zepto,560033,Bengaluru,2026-07-13,2026-07-13-0944,not_serviceable,0,
zepto,560034,Bengaluru,2026-07-13,2026-07-13-0944,price_captured,23,1442
zepto,560035,Bengaluru,2026-07-13,2026-07-13-0944,price_captured,23,1442
zepto,560036,Bengaluru,2026-07-13,2026-07-13-0944,price_captured,23,1442
zepto,560037,Bengaluru,2026-07-13,2026-07-13-0944,price_captured,23,1442
zepto,560038,Bengaluru,2026-07-13,2026-07-13-0944,price_captured,23,1442
zepto,560040,Bengaluru,2026-07-13,2026-07-13-0944,price_captured,23,1534
zepto,560041,Bengaluru,2026-07-13,2026-07-13-0944,price_captured,23,1442
zepto,560042,Bengaluru,2026-07-13,2026-07-13-0944,price_captured,23,1534
zepto,560043,Bengaluru,2026-07-13,2026-07-13-0944,price_captured,23,1442
zepto,560045,Bengaluru,2026-07-13,2026-07-13-0944,price_captured,23,1442
zepto,560046,Bengaluru,2026-07-13,2026-07-13-0944,not_serviceable,0,
zepto,560047,Bengaluru,2026-07-13,2026-07-13-0944,price_captured,23,1442
zepto,560048,Bengaluru,2026-07-13,2026-07-13-0944,price_captured,23,1417
zepto,560049,Bengaluru,2026-07-13,2026-07-13-0944,price_captured,23,1442
zepto,560050,Bengaluru,2026-07-13,2026-07-13-0944,price_captured,23,1534
zepto,560051,Bengaluru,2026-07-13,2026-07-13-0944,not_serviceable,0,
zepto,560053,Bengaluru,2026-07-13,2026-07-13-0944,price_captured,23,1534
zepto,560054,Bengaluru,2026-07-13,2026-07-13-0944,price_captured,23,1534
zepto,560055,Bengaluru,2026-07-13,2026-07-13-0944,price_captured,23,1534
zepto,560056,Bengaluru,2026-07-13,2026-07-13-0944,price_captured,23,1442
zepto,560057,Bengaluru,2026-07-13,2026-07-13-0944,price_captured,23,1442
zepto,560058,Bengaluru,2026-07-13,2026-07-13-0944,price_captured,23,1442
zepto,560059,Bengaluru,2026-07-13,2026-07-13-0944,price_captured,23,1442
zepto,560060,Bengaluru,2026-07-13,2026-07-13-0944,price_captured,23,1442
zepto,560061,Bengaluru,2026-07-13,2026-07-13-0944,price_captured,23,1442
zepto,560062,Bengaluru,2026-07-13,2026-07-13-0944,price_captured,23,1442
zepto,560063,Bengaluru,2026-07-13,2026-07-13-0944,not_serviceable,0,
zepto,560064,Bengaluru,2026-07-13,2026-07-13-0944,price_captured,23,1442
zepto,560065,Bengaluru,2026-07-13,2026-07-13-0944,price_captured,23,1417
zepto,560066,Bengaluru,2026-07-13,2026-07-13-0944,price_captured,23,1417
zepto,560067,Bengaluru,2026-07-13,2026-07-13-0944,not_serviceable,0,
zepto,560068,Bengaluru,2026-07-13,2026-07-13-0944,price_captured,23,1442
zepto,560070,Bengaluru,2026-07-13,2026-07-13-0944,price_captured,23,1442
zepto,560071,Bengaluru,2026-07-13,2026-07-13-0944,not_serviceable,0,
zepto,560072,Bengaluru,2026-07-13,2026-07-13-0944,price_captured,23,1442
zepto,560073,Bengaluru,2026-07-13,2026-07-13-0944,price_captured,23,1442
zepto,560074,Bengaluru,2026-07-13,2026-07-13-0944,price_captured,23,1417
zepto,560075,Bengaluru,2026-07-13,2026-07-13-0944,price_captured,23,1442
zepto,560076,Bengaluru,2026-07-13,2026-07-13-0944,price_captured,23,1417
zepto,560077,Bengaluru,2026-07-13,2026-07-13-0944,price_captured,23,1442
zepto,560078,Bengaluru,2026-07-13,2026-07-13-0944,price_captured,23,1417
zepto,560079,Bengaluru,2026-07-13,2026-07-13-0944,price_captured,23,1534
zepto,560080,Bengaluru,2026-07-13,2026-07-13-0944,not_serviceable,0,
zepto,560081,Bengaluru,2026-07-13,2026-07-13-0944,price_captured,23,1417
zepto,560082,Bengaluru,2026-07-13,2026-07-13-0944,not_serviceable,0,
zepto,560083,Bengaluru,2026-07-13,2026-07-13-0944,price_captured,23,1417
zepto,560084,Bengaluru,2026-07-13,2026-07-13-0944,price_captured,23,1534
zepto,560085,Bengaluru,2026-07-13,2026-07-13-0944,price_captured,23,1442
zepto,560086,Bengaluru,2026-07-13,2026-07-13-0944,price_captured,23,1534
zepto,560087,Bengaluru,2026-07-13,2026-07-13-0944,price_captured,23,1442
zepto,560088,Bengaluru,2026-07-13,2026-07-13-0944,not_serviceable,0,
zepto,560089,Bengaluru,2026-07-13,2026-07-13-0944,not_serviceable,0,
zepto,560090,Bengaluru,2026-07-13,2026-07-13-0944,not_serviceable,0,
zepto,560091,Bengaluru,2026-07-13,2026-07-13-0944,price_captured,23,1442
zepto,560092,Bengaluru,2026-07-13,2026-07-13-0944,price_captured,23,1442
zepto,560093,Bengaluru,2026-07-13,2026-07-13-0944,not_serviceable,0,
zepto,560094,Bengaluru,2026-07-13,2026-07-13-0944,not_serviceable,0,
zepto,560095,Bengaluru,2026-07-13,2026-07-13-0944,price_captured,23,1442
zepto,560096,Bengaluru,2026-07-13,2026-07-13-0944,price_captured,23,1442
zepto,560097,Bengaluru,2026-07-13,2026-07-13-0944,price_captured,23,1417
zepto,560098,Bengaluru,2026-07-13,2026-07-13-0944,price_captured,23,1442
zepto,560099,Bengaluru,2026-07-13,2026-07-13-0944,not_serviceable,0,
zepto,560100,Bengaluru,2026-07-13,2026-07-13-0944,price_captured,23,1417
zepto,560102,Bengaluru,2026-07-13,2026-07-13-0944,price_captured,23,1442
zepto,560103,Bengaluru,2026-07-13,2026-07-13-0944,price_captured,23,1404
zepto,560104,Bengaluru,2026-07-13,2026-07-13-0944,price_captured,23,1442
zepto,560105,Bengaluru,2026-07-13,2026-07-13-0944,not_serviceable,0,
zepto,560107,Bengaluru,2026-07-13,2026-07-13-0944,not_serviceable,0,
zepto,560108,Bengaluru,2026-07-13,2026-07-13-0944,price_captured,23,1417
zepto,560109,Bengaluru,2026-07-13,2026-07-13-0944,price_captured,23,1442
zepto,560110,Bengaluru,2026-07-13,2026-07-13-0944,price_captured,24,1442
zepto,560111,Bengaluru,2026-07-13,2026-07-13-0944,price_captured,23,1417
zepto,560112,Bengaluru,2026-07-13,2026-07-13-0944,not_serviceable,0,
zepto,560113,Bengaluru,2026-07-13,2026-07-13-0944,price_captured,23,1442
zepto,560114,Bengaluru,2026-07-13,2026-07-13-0944,price_captured,23,1417
zepto,560115,Bengaluru,2026-07-13,2026-07-13-0944,price_captured,23,1442
zepto,560116,Bengaluru,2026-07-13,2026-07-13-0944,not_serviceable,0,
zepto,560300,Bengaluru,2026-07-13,2026-07-13-0944,not_serviceable,0,
zepto,560500,Bengaluru,2026-07-13,2026-07-13-0944,price_captured,23,1417
zepto,562106,Bengaluru,2026-07-13,2026-07-13-0944,not_serviceable,0,
zepto,562107,Bengaluru,2026-07-13,2026-07-13-0944,not_serviceable,0,
zepto,562120,Bengaluru,2026-07-13,2026-07-13-0944,not_serviceable,0,
zepto,562125,Bengaluru,2026-07-13,2026-07-13-0944,not_serviceable,0,
zepto,562130,Bengaluru,2026-07-13,2026-07-13-0944,price_captured,23,1442
zepto,562149,Bengaluru,2026-07-13,2026-07-13-0944,price_captured,23,1442
zepto,562157,Bengaluru,2026-07-13,2026-07-13-0944,price_captured,23,1442
zepto,562162,Bengaluru,2026-07-13,2026-07-13-0944,price_captured,23,1442
zepto,562163,Bengaluru,2026-07-13,2026-07-13-0944,not_serviceable,0,
zepto,570001,Mysuru,2026-07-13,2026-07-13-0944,price_captured,23,1417
zepto,570002,Mysuru,2026-07-13,2026-07-13-0944,price_captured,23,1417
zepto,570003,Mysuru,2026-07-13,2026-07-13-0944,not_serviceable,0,
zepto,570004,Mysuru,2026-07-13,2026-07-13-0944,price_captured,23,1417
zepto,570005,Mysuru,2026-07-13,2026-07-13-0944,price_captured,23,1417
zepto,570006,Mysuru,2026-07-13,2026-07-13-0944,price_captured,23,1417
zepto,570007,Mysuru,2026-07-13,2026-07-13-0944,price_captured,23,1417
zepto,570008,Mysuru,2026-07-13,2026-07-13-0944,price_captured,23,1417
zepto,570009,Mysuru,2026-07-13,2026-07-13-0944,price_captured,23,1417
zepto,570010,Mysuru,2026-07-13,2026-07-13-0944,price_captured,23,1417
zepto,570011,Mysuru,2026-07-13,2026-07-13-0944,price_captured,23,1417
zepto,570012,Mysuru,2026-07-13,2026-07-13-0944,price_captured,23,1417
zepto,570014,Mysuru,2026-07-13,2026-07-13-0944,price_captured,23,1417
zepto,570015,Mysuru,2026-07-13,2026-07-13-0944,price_captured,23,1417
zepto,570016,Mysuru,2026-07-13,2026-07-13-0944,price_captured,23,1417
zepto,570017,Mysuru,2026-07-13,2026-07-13-0944,price_captured,23,1417
zepto,570018,Mysuru,2026-07-13,2026-07-13-0944,not_serviceable,0,
zepto,570019,Mysuru,2026-07-13,2026-07-13-0944,price_captured,23,1417
zepto,570020,Mysuru,2026-07-13,2026-07-13-0944,price_captured,23,1417
zepto,570022,Mysuru,2026-07-13,2026-07-13-0944,price_captured,23,1417
zepto,570023,Mysuru,2026-07-13,2026-07-13-0944,price_captured,23,1417
zepto,570025,Mysuru,2026-07-13,2026-07-13-0944,not_serviceable,0,
zepto,570026,Mysuru,2026-07-13,2026-07-13-0944,price_captured,23,1417
zepto,570027,Mysuru,2026-07-13,2026-07-13-0944,not_serviceable,0,
zepto,570028,Mysuru,2026-07-13,2026-07-13-0944,price_captured,23,1417
zepto,570029,Mysuru,2026-07-13,2026-07-13-0944,price_captured,23,1417
zepto,570030,Mysuru,2026-07-13,2026-07-13-0944,price_captured,23,1417
zepto,570031,Mysuru,2026-07-13,2026-07-13-0944,price_captured,23,1417
zepto,570032,Mysuru,2026-07-13,2026-07-13-0944,price_captured,23,1417
zepto,570033,Mysuru,2026-07-13,2026-07-13-0944,price_captured,23,1417
zepto,570034,Mysuru,2026-07-13,2026-07-13-0944,price_captured,23,1417
zepto,571101,Mysuru,2026-07-13,2026-07-13-0944,not_serviceable,0,
zepto,571102,Mysuru,2026-07-13,2026-07-13-0944,not_serviceable,0,
zepto,571103,Mysuru,2026-07-13,2026-07-13-0944,not_serviceable,0,
zepto,571104,Mysuru,2026-07-13,2026-07-13-0944,not_serviceable,0,
zepto,571105,Mysuru,2026-07-13,2026-07-13-0944,not_serviceable,0,
zepto,571106,Mysuru,2026-07-13,2026-07-13-0944,price_captured,23,1417
zepto,571107,Mysuru,2026-07-13,2026-07-13-0944,not_serviceable,0,
zepto,571108,Mysuru,2026-07-13,2026-07-13-0944,not_serviceable,0,
zepto,571110,Mysuru,2026-07-13,2026-07-13-0944,not_serviceable,0,
zepto,571114,Mysuru,2026-07-13,2026-07-13-0944,price_captured,23,1417
zepto,571116,Mysuru,2026-07-13,2026-07-13-0944,not_serviceable,0,
zepto,571118,Mysuru,2026-07-13,2026-07-13-0944,not_serviceable,0,
zepto,571119,Mysuru,2026-07-13,2026-07-13-0944,not_serviceable,0,
zepto,571120,Mysuru,2026-07-13,2026-07-13-0944,not_serviceable,0,
zepto,571121,Mysuru,2026-07-13,2026-07-13-0944,not_serviceable,0,
zepto,571122,Mysuru,2026-07-13,2026-07-13-0944,not_serviceable,0,
zepto,571124,Mysuru,2026-07-13,2026-07-13-0944,not_serviceable,0,
zepto,571125,Mysuru,2026-07-13,2026-07-13-0944,not_serviceable,0,
zepto,571129,Mysuru,2026-07-13,2026-07-13-0944,not_serviceable,0,
zepto,571130,Mysuru,2026-07-13,2026-07-13-0944,not_serviceable,0,
zepto,571134,Mysuru,2026-07-13,2026-07-13-0944,not_serviceable,0,
zepto,571187,Mysuru,2026-07-13,2026-07-13-0944,not_serviceable,0,
zepto,571189,Mysuru,2026-07-13,2026-07-13-0944,not_serviceable,0,
zepto,571301,Mysuru,2026-07-13,2026-07-13-0944,not_serviceable,0,
zepto,571302,Mysuru,2026-07-13,2026-07-13-0944,not_serviceable,0,
zepto,571311,Mysuru,2026-07-13,2026-07-13-0944,not_serviceable,0,
zepto,571312,Mysuru,2026-07-13,2026-07-13-0944,not_serviceable,0,
zepto,571314,Mysuru,2026-07-13,2026-07-13-0944,not_serviceable,0,
zepto,571315,Mysuru,2026-07-13,2026-07-13-0944,price_captured,23,1417
zepto,571316,Mysuru,2026-07-13,2026-07-13-0944,not_serviceable,0,
zepto,571442,Mysuru,2026-07-13,2026-07-13-0944,not_serviceable,0,
zepto,571601,Mysuru,2026-07-13,2026-07-13-0944,not_serviceable,0,
zepto,571602,Mysuru,2026-07-13,2026-07-13-0944,not_serviceable,0,
zepto,571603,Mysuru,2026-07-13,2026-07-13-0944,not_serviceable,0,
zepto,571604,Mysuru,2026-07-13,2026-07-13-0944,price_captured,23,1417
zepto,571610,Mysuru,2026-07-13,2026-07-13-0944,not_serviceable,0,
zepto,571617,Mysuru,2026-07-13,2026-07-13-0944,not_serviceable,0,
zepto,574107,Mangalore,2026-07-13,2026-07-13-0944,not_serviceable,0,
zepto,574109,Mangalore,2026-07-13,2026-07-13-0944,not_serviceable,0,
zepto,574141,Mangalore,2026-07-13,2026-07-13-0944,not_serviceable,0,
zepto,574142,Mangalore,2026-07-13,2026-07-13-0944,not_serviceable,0,
zepto,574143,Mangalore,2026-07-13,2026-07-13-0944,not_serviceable,0,
zepto,574144,Mangalore,2026-07-13,2026-07-13-0944,not_serviceable,0,
zepto,574145,Mangalore,2026-07-13,2026-07-13-0944,not_serviceable,0,
zepto,574146,Mangalore,2026-07-13,2026-07-13-0944,not_serviceable,0,
zepto,574148,Mangalore,2026-07-13,2026-07-13-0944,not_serviceable,0,
zepto,574150,Mangalore,2026-07-13,2026-07-13-0944,not_serviceable,0,
zepto,574151,Mangalore,2026-07-13,2026-07-13-0944,not_serviceable,0,
zepto,574153,Mangalore,2026-07-13,2026-07-13-0944,not_serviceable,0,
zepto,574154,Mangalore,2026-07-13,2026-07-13-0944,not_serviceable,0,
zepto,574197,Mangalore,2026-07-13,2026-07-13-0944,not_serviceable,0,
zepto,574198,Mangalore,2026-07-13,2026-07-13-0944,not_serviceable,0,
zepto,574199,Mangalore,2026-07-13,2026-07-13-0944,not_serviceable,0,
zepto,574201,Mangalore,2026-07-13,2026-07-13-0944,not_serviceable,0,
zepto,574202,Mangalore,2026-07-13,2026-07-13-0944,not_serviceable,0,
zepto,574203,Mangalore,2026-07-13,2026-07-13-0944,not_serviceable,0,
zepto,574210,Mangalore,2026-07-13,2026-07-13-0944,not_serviceable,0,
zepto,574211,Mangalore,2026-07-13,2026-07-13-0944,not_serviceable,0,
zepto,574212,Mangalore,2026-07-13,2026-07-13-0944,not_serviceable,0,
zepto,574213,Mangalore,2026-07-13,2026-07-13-0944,not_serviceable,0,
zepto,574214,Mangalore,2026-07-13,2026-07-13-0944,not_serviceable,0,
zepto,574216,Mangalore,2026-07-13,2026-07-13-0944,not_serviceable,0,
zepto,574217,Mangalore,2026-07-13,2026-07-13-0944,not_serviceable,0,
zepto,574218,Mangalore,2026-07-13,2026-07-13-0944,not_serviceable,0,
zepto,574219,Mangalore,2026-07-13,2026-07-13-0944,not_serviceable,0,
zepto,574220,Mangalore,2026-07-13,2026-07-13-0944,not_serviceable,0,
zepto,574221,Mangalore,2026-07-13,2026-07-13-0944,not_serviceable,0,
zepto,574222,Mangalore,2026-07-13,2026-07-13-0944,not_serviceable,0,
zepto,574223,Mangalore,2026-07-13,2026-07-13-0944,not_serviceable,0,
zepto,574224,Mangalore,2026-07-13,2026-07-13-0944,not_serviceable,0,
zepto,574225,Mangalore,2026-07-13,2026-07-13-0944,not_serviceable,0,
zepto,574226,Mangalore,2026-07-13,2026-07-13-0944,not_serviceable,0,
zepto,574227,Mangalore,2026-07-13,2026-07-13-0944,not_serviceable,0,
zepto,574228,Mangalore,2026-07-13,2026-07-13-0944,not_serviceable,0,
zepto,574229,Mangalore,2026-07-13,2026-07-13-0944,not_serviceable,0,
zepto,574230,Mangalore,2026-07-13,2026-07-13-0944,not_serviceable,0,
zepto,574231,Mangalore,2026-07-13,2026-07-13-0944,not_serviceable,0,
zepto,574232,Mangalore,2026-07-13,2026-07-13-0944,not_serviceable,0,
zepto,574233,Mangalore,2026-07-13,2026-07-13-0944,not_serviceable,0,
zepto,574234,Mangalore,2026-07-13,2026-07-13-0944,not_serviceable,0,
zepto,574235,Mangalore,2026-07-13,2026-07-13-0944,not_serviceable,0,
zepto,574236,Mangalore,2026-07-13,2026-07-13-0944,not_serviceable,0,
zepto,574237,Mangalore,2026-07-13,2026-07-13-0944,not_serviceable,0,
zepto,574238,Mangalore,2026-07-13,2026-07-13-0944,not_serviceable,0,
zepto,574239,Mangalore,2026-07-13,2026-07-13-0944,not_serviceable,0,
zepto,574240,Mangalore,2026-07-13,2026-07-13-0944,not_serviceable,0,
zepto,574241,Mangalore,2026-07-13,2026-07-13-0944,not_serviceable,0,
zepto,574242,Mangalore,2026-07-13,2026-07-13-0944,not_serviceable,0,
zepto,574243,Mangalore,2026-07-13,2026-07-13-0944,not_serviceable,0,
zepto,574248,Mangalore,2026-07-13,2026-07-13-0944,not_serviceable,0,
zepto,574253,Mangalore,2026-07-13,2026-07-13-0944,not_serviceable,0,
zepto,574259,Mangalore,2026-07-13,2026-07-13-0944,not_serviceable,0,
zepto,574260,Mangalore,2026-07-13,2026-07-13-0944,not_serviceable,0,
zepto,574265,Mangalore,2026-07-13,2026-07-13-0944,not_serviceable,0,
zepto,574267,Mangalore,2026-07-13,2026-07-13-0944,not_serviceable,0,
zepto,574274,Mangalore,2026-07-13,2026-07-13-0944,not_serviceable,0,
zepto,574279,Mangalore,2026-07-13,2026-07-13-0944,not_serviceable,0,
zepto,574285,Mangalore,2026-07-13,2026-07-13-0944,not_serviceable,0,
zepto,574313,Mangalore,2026-07-13,2026-07-13-0944,not_serviceable,0,
zepto,574314,Mangalore,2026-07-13,2026-07-13-0944,not_serviceable,0,
zepto,574323,Mangalore,2026-07-13,2026-07-13-0944,not_serviceable,0,
zepto,574324,Mangalore,2026-07-13,2026-07-13-0944,not_serviceable,0,
zepto,574325,Mangalore,2026-07-13,2026-07-13-0944,not_serviceable,0,
zepto,574326,Mangalore,2026-07-13,2026-07-13-0944,not_serviceable,0,
zepto,574327,Mangalore,2026-07-13,2026-07-13-0944,not_serviceable,0,
zepto,574328,Mangalore,2026-07-13,2026-07-13-0944,not_serviceable,0,
zepto,574509,Mangalore,2026-07-13,2026-07-13-0944,not_serviceable,0,
zepto,575001,Mangalore,2026-07-13,2026-07-13-0944,not_serviceable,0,
zepto,575002,Mangalore,2026-07-13,2026-07-13-0944,not_serviceable,0,
zepto,575003,Mangalore,2026-07-13,2026-07-13-0944,not_serviceable,0,
zepto,575004,Mangalore,2026-07-13,2026-07-13-0944,not_serviceable,0,
zepto,575005,Mangalore,2026-07-13,2026-07-13-0944,not_serviceable,0,
zepto,575006,Mangalore,2026-07-13,2026-07-13-0944,not_serviceable,0,
zepto,575007,Mangalore,2026-07-13,2026-07-13-0944,not_serviceable,0,
zepto,575008,Mangalore,2026-07-13,2026-07-13-0944,not_serviceable,0,
zepto,575009,Mangalore,2026-07-13,2026-07-13-0944,not_serviceable,0,
zepto,575010,Mangalore,2026-07-13,2026-07-13-0944,not_serviceable,0,
zepto,575011,Mangalore,2026-07-13,2026-07-13-0944,not_serviceable,0,
zepto,575013,Mangalore,2026-07-13,2026-07-13-0944,not_serviceable,0,
zepto,575014,Mangalore,2026-07-13,2026-07-13-0944,not_serviceable,0,
zepto,575015,Mangalore,2026-07-13,2026-07-13-0944,not_serviceable,0,
zepto,575016,Mangalore,2026-07-13,2026-07-13-0944,not_serviceable,0,
zepto,575017,Mangalore,2026-07-13,2026-07-13-0944,not_serviceable,0,
zepto,575018,Mangalore,2026-07-13,2026-07-13-0944,not_serviceable,0,
zepto,575019,Mangalore,2026-07-13,2026-07-13-0944,not_serviceable,0,
zepto,575020,Mangalore,2026-07-13,2026-07-13-0944,not_serviceable,0,
zepto,575022,Mangalore,2026-07-13,2026-07-13-0944,not_serviceable,0,
zepto,575023,Mangalore,2026-07-13,2026-07-13-0944,not_serviceable,0,
zepto,575025,Mangalore,2026-07-13,2026-07-13-0944,not_serviceable,0,
zepto,575028,Mangalore,2026-07-13,2026-07-13-0944,not_serviceable,0,
zepto,575029,Mangalore,2026-07-13,2026-07-13-0944,not_serviceable,0,
zepto,575030,Mangalore,2026-07-13,2026-07-13-0944,not_serviceable,0,
zepto,600001,Chennai,2026-07-13,2026-07-13-0944,price_captured,23,1417
zepto,600002,Chennai,2026-07-13,2026-07-13-0944,price_captured,23,1417
zepto,600003,Chennai,2026-07-13,2026-07-13-0944,price_captured,23,1417
zepto,600004,Chennai,2026-07-13,2026-07-13-0944,price_captured,23,1417
zepto,600005,Chennai,2026-07-13,2026-07-13-0944,price_captured,23,1417
zepto,600006,Chennai,2026-07-13,2026-07-13-0944,price_captured,23,1417
zepto,600007,Chennai,2026-07-13,2026-07-13-0944,not_serviceable,0,
zepto,600008,Chennai,2026-07-13,2026-07-13-0944,price_captured,23,1417
zepto,600009,Chennai,2026-07-13,2026-07-13-0944,not_serviceable,0,
zepto,600010,Chennai,2026-07-13,2026-07-13-0944,price_captured,23,1417
zepto,600011,Chennai,2026-07-13,2026-07-13-0944,price_captured,23,1417
zepto,600012,Chennai,2026-07-13,2026-07-13-0944,price_captured,23,1417
zepto,600013,Chennai,2026-07-13,2026-07-13-0944,price_captured,23,1417
zepto,600014,Chennai,2026-07-13,2026-07-13-0944,price_captured,23,1417
zepto,600015,Chennai,2026-07-13,2026-07-13-0944,price_captured,23,1417
zepto,600016,Chennai,2026-07-13,2026-07-13-0944,price_captured,23,1417
zepto,600017,Chennai,2026-07-13,2026-07-13-0944,price_captured,23,1417
zepto,600018,Chennai,2026-07-13,2026-07-13-0944,price_captured,23,1417
zepto,600019,Chennai,2026-07-13,2026-07-13-0944,price_captured,23,1417
zepto,600020,Chennai,2026-07-13,2026-07-13-0944,price_captured,23,1417
zepto,600021,Chennai,2026-07-13,2026-07-13-0944,price_captured,23,1417
zepto,600022,Chennai,2026-07-13,2026-07-13-0944,price_captured,23,1417
zepto,600023,Chennai,2026-07-13,2026-07-13-0944,price_captured,23,1417
zepto,600024,Chennai,2026-07-13,2026-07-13-0944,price_captured,23,1417
zepto,600025,Chennai,2026-07-13,2026-07-13-0944,price_captured,23,1417
zepto,600026,Chennai,2026-07-13,2026-07-13-0944,not_serviceable,0,
zepto,600028,Chennai,2026-07-13,2026-07-13-0944,price_captured,23,1417
zepto,600030,Chennai,2026-07-13,2026-07-13-0944,price_captured,23,1417
zepto,600031,Chennai,2026-07-13,2026-07-13-0944,price_captured,23,1417
zepto,600032,Chennai,2026-07-13,2026-07-13-0944,price_captured,23,1417
zepto,600033,Chennai,2026-07-13,2026-07-13-0944,price_captured,23,1417
zepto,600034,Chennai,2026-07-13,2026-07-13-0944,not_serviceable,0,
zepto,600035,Chennai,2026-07-13,2026-07-13-0944,price_captured,23,1417
zepto,600036,Chennai,2026-07-13,2026-07-13-0944,price_captured,23,1417
zepto,600037,Chennai,2026-07-13,2026-07-13-0944,price_captured,23,1417
zepto,600038,Chennai,2026-07-13,2026-07-13-0944,price_captured,23,1417
zepto,600039,Chennai,2026-07-13,2026-07-13-0944,not_serviceable,0,
zepto,600040,Chennai,2026-07-13,2026-07-13-0944,price_captured,23,1417
zepto,600041,Chennai,2026-07-13,2026-07-13-0944,not_serviceable,0,
zepto,600042,Chennai,2026-07-13,2026-07-13-0944,price_captured,23,1417
zepto,600049,Chennai,2026-07-13,2026-07-13-0944,price_captured,23,1417
zepto,600050,Chennai,2026-07-13,2026-07-13-0944,price_captured,23,1417
zepto,600051,Chennai,2026-07-13,2026-07-13-0944,not_serviceable,0,
zepto,600053,Chennai,2026-07-13,2026-07-13-0944,price_captured,23,1417
zepto,600057,Chennai,2026-07-13,2026-07-13-0944,not_serviceable,0,
zepto,600058,Chennai,2026-07-13,2026-07-13-0944,price_captured,23,1417
zepto,600060,Chennai,2026-07-13,2026-07-13-0944,not_serviceable,0,
zepto,600061,Chennai,2026-07-13,2026-07-13-0944,price_captured,23,1417
zepto,600066,Chennai,2026-07-13,2026-07-13-0944,not_serviceable,0,
zepto,600068,Chennai,2026-07-13,2026-07-13-0944,not_serviceable,0,
zepto,600076,Chennai,2026-07-13,2026-07-13-0944,price_captured,23,1417
zepto,600077,Chennai,2026-07-13,2026-07-13-0944,not_serviceable,0,
zepto,600078,Chennai,2026-07-13,2026-07-13-0944,price_captured,23,1417
zepto,600081,Chennai,2026-07-13,2026-07-13-0944,price_captured,23,1417
zepto,600082,Chennai,2026-07-13,2026-07-13-0944,price_captured,23,1417
zepto,600083,Chennai,2026-07-13,2026-07-13-0944,price_captured,23,1417
zepto,600084,Chennai,2026-07-13,2026-07-13-0944,price_captured,23,1417
zepto,600085,Chennai,2026-07-13,2026-07-13-0944,price_captured,23,1417
zepto,600086,Chennai,2026-07-13,2026-07-13-0944,price_captured,23,1417
zepto,600087,Chennai,2026-07-13,2026-07-13-0944,price_captured,23,1417
zepto,600088,Chennai,2026-07-13,2026-07-13-0944,price_captured,23,1417
zepto,600089,Chennai,2026-07-13,2026-07-13-0944,price_captured,23,1417
zepto,600090,Chennai,2026-07-13,2026-07-13-0944,price_captured,23,1417
zepto,600091,Chennai,2026-07-13,2026-07-13-0944,not_serviceable,0,
zepto,600092,Chennai,2026-07-13,2026-07-13-0944,price_captured,23,1417
zepto,600093,Chennai,2026-07-13,2026-07-13-0944,price_captured,23,1417
zepto,600094,Chennai,2026-07-13,2026-07-13-0944,not_serviceable,0,
zepto,600095,Chennai,2026-07-13,2026-07-13-0944,price_captured,23,1417
zepto,600096,Chennai,2026-07-13,2026-07-13-0944,price_captured,23,1417
zepto,600097,Chennai,2026-07-13,2026-07-13-0944,price_captured,23,1417
zepto,600099,Chennai,2026-07-13,2026-07-13-0944,price_captured,23,1417
zepto,600101,Chennai,2026-07-13,2026-07-13-0944,not_serviceable,0,
zepto,600102,Chennai,2026-07-13,2026-07-13-0944,not_serviceable,0,
zepto,600103,Chennai,2026-07-13,2026-07-13-0944,not_serviceable,0,
zepto,600104,Chennai,2026-07-13,2026-07-13-0944,price_captured,23,1417
zepto,600106,Chennai,2026-07-13,2026-07-13-0944,not_serviceable,0,
zepto,600107,Chennai,2026-07-13,2026-07-13-0944,price_captured,23,1417
zepto,600113,Chennai,2026-07-13,2026-07-13-0944,price_captured,23,1417
zepto,600115,Chennai,2026-07-13,2026-07-13-0944,price_captured,23,1417
zepto,600116,Chennai,2026-07-13,2026-07-13-0944,price_captured,23,1417
zepto,600118,Chennai,2026-07-13,2026-07-13-0944,price_captured,23,1417
zepto,600119,Chennai,2026-07-13,2026-07-13-0944,price_captured,23,1417
zepto,600125,Chennai,2026-07-13,2026-07-13-0944,not_serviceable,0,
zepto,625001,Madurai,2026-07-13,2026-07-13-0944,price_captured,23,1417
zepto,625002,Madurai,2026-07-13,2026-07-13-0944,price_captured,23,1417
zepto,625003,Madurai,2026-07-13,2026-07-13-0944,price_captured,23,1417
zepto,625004,Madurai,2026-07-13,2026-07-13-0944,price_captured,23,1417
zepto,625005,Madurai,2026-07-13,2026-07-13-0944,not_serviceable,0,
zepto,625006,Madurai,2026-07-13,2026-07-13-0944,not_serviceable,0,
zepto,625007,Madurai,2026-07-13,2026-07-13-0944,price_captured,23,1417
zepto,625008,Madurai,2026-07-13,2026-07-13-0944,not_serviceable,0,
zepto,625009,Madurai,2026-07-13,2026-07-13-0944,price_captured,23,1417
zepto,625011,Madurai,2026-07-13,2026-07-13-0944,price_captured,23,1417
zepto,625012,Madurai,2026-07-13,2026-07-13-0944,price_captured,23,1417
zepto,625014,Madurai,2026-07-13,2026-07-13-0944,price_captured,23,1417
zepto,625015,Madurai,2026-07-13,2026-07-13-0944,not_serviceable,0,
zepto,625016,Madurai,2026-07-13,2026-07-13-0944,price_captured,23,1417
zepto,625017,Madurai,2026-07-13,2026-07-13-0944,not_serviceable,0,
zepto,625018,Madurai,2026-07-13,2026-07-13-0944,not_serviceable,0,
zepto,625019,Madurai,2026-07-13,2026-07-13-0944,not_serviceable,0,
zepto,625020,Madurai,2026-07-13,2026-07-13-0944,price_captured,23,1417
zepto,625021,Madurai,2026-07-13,2026-07-13-0944,not_serviceable,0,
zepto,625022,Madurai,2026-07-13,2026-07-13-0944,not_serviceable,0,
zepto,625023,Madurai,2026-07-13,2026-07-13-0944,not_serviceable,0,
zepto,625101,Madurai,2026-07-13,2026-07-13-0944,not_serviceable,0,
zepto,625102,Madurai,2026-07-13,2026-07-13-0944,not_serviceable,0,
zepto,625103,Madurai,2026-07-13,2026-07-13-0944,not_serviceable,0,
zepto,625104,Madurai,2026-07-13,2026-07-13-0944,not_serviceable,0,
zepto,625105,Madurai,2026-07-13,2026-07-13-0944,not_serviceable,0,
zepto,625106,Madurai,2026-07-13,2026-07-13-0944,not_serviceable,0,
zepto,625107,Madurai,2026-07-13,2026-07-13-0944,not_serviceable,0,
zepto,625108,Madurai,2026-07-13,2026-07-13-0944,not_serviceable,0,
zepto,625109,Madurai,2026-07-13,2026-07-13-0944,not_serviceable,0,
zepto,625110,Madurai,2026-07-13,2026-07-13-0944,not_serviceable,0,
zepto,625122,Madurai,2026-07-13,2026-07-13-0944,not_serviceable,0,
zepto,625201,Madurai,2026-07-13,2026-07-13-0944,not_serviceable,0,
zepto,625205,Madurai,2026-07-13,2026-07-13-0944,not_serviceable,0,
zepto,625207,Madurai,2026-07-13,2026-07-13-0944,not_serviceable,0,
zepto,625214,Madurai,2026-07-13,2026-07-13-0944,not_serviceable,0,
zepto,625218,Madurai,2026-07-13,2026-07-13-0944,not_serviceable,0,
zepto,625221,Madurai,2026-07-13,2026-07-13-0944,not_serviceable,0,
zepto,625234,Madurai,2026-07-13,2026-07-13-0944,not_serviceable,0,
zepto,625301,Madurai,2026-07-13,2026-07-13-0944,not_serviceable,0,
zepto,625402,Madurai,2026-07-13,2026-07-13-0944,not_serviceable,0,
zepto,625501,Madurai,2026-07-13,2026-07-13-0944,not_serviceable,0,
zepto,625503,Madurai,2026-07-13,2026-07-13-0944,not_serviceable,0,
zepto,625514,Madurai,2026-07-13,2026-07-13-0944,not_serviceable,0,
zepto,625527,Madurai,2026-07-13,2026-07-13-0944,not_serviceable,0,
zepto,625529,Madurai,2026-07-13,2026-07-13-0944,not_serviceable,0,
zepto,625532,Madurai,2026-07-13,2026-07-13-0944,not_serviceable,0,
zepto,625535,Madurai,2026-07-13,2026-07-13-0944,not_serviceable,0,
zepto,625537,Madurai,2026-07-13,2026-07-13-0944,not_serviceable,0,
zepto,625701,Madurai,2026-07-13,2026-07-13-0944,not_serviceable,0,
zepto,625702,Madurai,2026-07-13,2026-07-13-0944,not_serviceable,0,
zepto,625703,Madurai,2026-07-13,2026-07-13-0944,not_serviceable,0,
zepto,625704,Madurai,2026-07-13,2026-07-13-0944,not_serviceable,0,
zepto,625705,Madurai,2026-07-13,2026-07-13-0944,not_serviceable,0,
zepto,625706,Madurai,2026-07-13,2026-07-13-0944,not_serviceable,0,
zepto,625707,Madurai,2026-07-13,2026-07-13-0944,not_serviceable,0,
zepto,625708,Madurai,2026-07-13,2026-07-13-0944,not_serviceable,0,
zepto,638459,Coimbatore,2026-07-13,2026-07-13-0944,not_serviceable,0,
zepto,641001,Coimbatore,2026-07-13,2026-07-13-0944,price_captured,23,1417
zepto,641002,Coimbatore,2026-07-13,2026-07-13-0944,price_captured,23,1417
zepto,641003,Coimbatore,2026-07-13,2026-07-13-0944,price_captured,23,1417
zepto,641004,Coimbatore,2026-07-13,2026-07-13-0944,price_captured,23,1417
zepto,641005,Coimbatore,2026-07-13,2026-07-13-0944,price_captured,23,1417
zepto,641006,Coimbatore,2026-07-13,2026-07-13-0944,price_captured,23,1417
zepto,641007,Coimbatore,2026-07-13,2026-07-13-0944,not_serviceable,0,
zepto,641008,Coimbatore,2026-07-13,2026-07-13-0944,price_captured,23,1417
zepto,641009,Coimbatore,2026-07-13,2026-07-13-0944,price_captured,23,1417
zepto,641010,Coimbatore,2026-07-13,2026-07-13-0944,price_captured,23,1417
zepto,641011,Coimbatore,2026-07-13,2026-07-13-0944,price_captured,23,1417
zepto,641012,Coimbatore,2026-07-13,2026-07-13-0944,price_captured,23,1417
zepto,641013,Coimbatore,2026-07-13,2026-07-13-0944,price_captured,23,1417
zepto,641014,Coimbatore,2026-07-13,2026-07-13-0944,price_captured,23,1417
zepto,641015,Coimbatore,2026-07-13,2026-07-13-0944,price_captured,23,1417
zepto,641016,Coimbatore,2026-07-13,2026-07-13-0944,price_captured,23,1417
zepto,641017,Coimbatore,2026-07-13,2026-07-13-0944,not_serviceable,0,
zepto,641018,Coimbatore,2026-07-13,2026-07-13-0944,price_captured,23,1417
zepto,641019,Coimbatore,2026-07-13,2026-07-13-0944,not_serviceable,0,
zepto,641020,Coimbatore,2026-07-13,2026-07-13-0944,not_serviceable,0,
zepto,641021,Coimbatore,2026-07-13,2026-07-13-0944,price_captured,23,1417
zepto,641022,Coimbatore,2026-07-13,2026-07-13-0944,not_serviceable,0,
zepto,641023,Coimbatore,2026-07-13,2026-07-13-0944,price_captured,23,1417
zepto,641024,Coimbatore,2026-07-13,2026-07-13-0944,not_serviceable,0,
zepto,641025,Coimbatore,2026-07-13,2026-07-13-0944,price_captured,23,1417
zepto,641026,Coimbatore,2026-07-13,2026-07-13-0944,price_captured,23,1417
zepto,641027,Coimbatore,2026-07-13,2026-07-13-0944,price_captured,23,1417
zepto,641028,Coimbatore,2026-07-13,2026-07-13-0944,price_captured,23,1417
zepto,641029,Coimbatore,2026-07-13,2026-07-13-0944,not_serviceable,0,
zepto,641030,Coimbatore,2026-07-13,2026-07-13-0944,price_captured,23,1417
zepto,641031,Coimbatore,2026-07-13,2026-07-13-0944,not_serviceable,0,
zepto,641032,Coimbatore,2026-07-13,2026-07-13-0944,not_serviceable,0,
zepto,641033,Coimbatore,2026-07-13,2026-07-13-0944,price_captured,23,1417
zepto,641034,Coimbatore,2026-07-13,2026-07-13-0944,not_serviceable,0,
zepto,641035,Coimbatore,2026-07-13,2026-07-13-0944,not_serviceable,0,
zepto,641036,Coimbatore,2026-07-13,2026-07-13-0944,not_serviceable,0,
zepto,641037,Coimbatore,2026-07-13,2026-07-13-0944,price_captured,23,1417
zepto,641038,Coimbatore,2026-07-13,2026-07-13-0944,price_captured,23,1417
zepto,641039,Coimbatore,2026-07-13,2026-07-13-0944,not_serviceable,0,
zepto,641040,Coimbatore,2026-07-13,2026-07-13-0944,price_captured,23,1417
zepto,641041,Coimbatore,2026-07-13,2026-07-13-0944,not_serviceable,0,
zepto,641042,Coimbatore,2026-07-13,2026-07-13-0944,not_serviceable,0,
zepto,641043,Coimbatore,2026-07-13,2026-07-13-0944,price_captured,23,1417
zepto,641044,Coimbatore,2026-07-13,2026-07-13-0944,price_captured,23,1417
zepto,641045,Coimbatore,2026-07-13,2026-07-13-0944,price_captured,23,1417
zepto,641046,Coimbatore,2026-07-13,2026-07-13-0944,not_serviceable,0,
zepto,641047,Coimbatore,2026-07-13,2026-07-13-0944,not_serviceable,0,
zepto,641048,Coimbatore,2026-07-13,2026-07-13-0944,not_serviceable,0,
zepto,641049,Coimbatore,2026-07-13,2026-07-13-0944,price_captured,23,1417
zepto,641050,Coimbatore,2026-07-13,2026-07-13-0944,not_serviceable,0,
zepto,641062,Coimbatore,2026-07-13,2026-07-13-0944,not_serviceable,0,
zepto,641101,Coimbatore,2026-07-13,2026-07-13-0944,not_serviceable,0,
zepto,641103,Coimbatore,2026-07-13,2026-07-13-0944,not_serviceable,0,
zepto,641104,Coimbatore,2026-07-13,2026-07-13-0944,not_serviceable,0,
zepto,641105,Coimbatore,2026-07-13,2026-07-13-0944,not_serviceable,0,
zepto,641107,Coimbatore,2026-07-13,2026-07-13-0944,not_serviceable,0,
zepto,641108,Coimbatore,2026-07-13,2026-07-13-0944,not_serviceable,0,
zepto,641109,Coimbatore,2026-07-13,2026-07-13-0944,not_serviceable,0,
zepto,641110,Coimbatore,2026-07-13,2026-07-13-0944,not_serviceable,0,
zepto,641111,Coimbatore,2026-07-13,2026-07-13-0944,price_captured,23,1417
zepto,641112,Coimbatore,2026-07-13,2026-07-13-0944,not_serviceable,0,
zepto,641113,Coimbatore,2026-07-13,2026-07-13-0944,not_serviceable,0,
zepto,641114,Coimbatore,2026-07-13,2026-07-13-0944,not_serviceable,0,
zepto,641201,Coimbatore,2026-07-13,2026-07-13-0944,not_serviceable,0,
zepto,641202,Coimbatore,2026-07-13,2026-07-13-0944,price_captured,23,1417
zepto,641301,Coimbatore,2026-07-13,2026-07-13-0944,not_serviceable,0,
zepto,641302,Coimbatore,2026-07-13,2026-07-13-0944,not_serviceable,0,
zepto,641305,Coimbatore,2026-07-13,2026-07-13-0944,not_serviceable,0,
zepto,641401,Coimbatore,2026-07-13,2026-07-13-0944,not_serviceable,0,
zepto,641402,Coimbatore,2026-07-13,2026-07-13-0944,not_serviceable,0,
zepto,641407,Coimbatore,2026-07-13,2026-07-13-0944,not_serviceable,0,
zepto,641653,Coimbatore,2026-07-13,2026-07-13-0944,not_serviceable,0,
zepto,641658,Coimbatore,2026-07-13,2026-07-13-0944,price_captured,23,1417
zepto,641659,Coimbatore,2026-07-13,2026-07-13-0944,not_serviceable,0,
zepto,641668,Coimbatore,2026-07-13,2026-07-13-0944,not_serviceable,0,
zepto,641669,Coimbatore,2026-07-13,2026-07-13-0944,not_serviceable,0,
zepto,641671,Coimbatore,2026-07-13,2026-07-13-0944,not_serviceable,0,
zepto,641697,Coimbatore,2026-07-13,2026-07-13-0944,not_serviceable,0,
zepto,642001,Coimbatore,2026-07-13,2026-07-13-0944,not_serviceable,0,
zepto,642002,Coimbatore,2026-07-13,2026-07-13-0944,not_serviceable,0,
zepto,642003,Coimbatore,2026-07-13,2026-07-13-0944,not_serviceable,0,
zepto,642004,Coimbatore,2026-07-13,2026-07-13-0944,price_captured,23,1417
zepto,642005,Coimbatore,2026-07-13,2026-07-13-0944,not_serviceable,0,
zepto,642006,Coimbatore,2026-07-13,2026-07-13-0944,price_captured,23,1417
zepto,642007,Coimbatore,2026-07-13,2026-07-13-0944,price_captured,23,1417
zepto,642101,Coimbatore,2026-07-13,2026-07-13-0944,price_captured,23,1417
zepto,642103,Coimbatore,2026-07-13,2026-07-13-0944,not_serviceable,0,
zepto,642104,Coimbatore,2026-07-13,2026-07-13-0944,not_serviceable,0,
zepto,642105,Coimbatore,2026-07-13,2026-07-13-0944,not_serviceable,0,
zepto,642106,Coimbatore,2026-07-13,2026-07-13-0944,price_captured,23,1417
zepto,642107,Coimbatore,2026-07-13,2026-07-13-0944,price_captured,23,1417
zepto,642108,Coimbatore,2026-07-13,2026-07-13-0944,not_serviceable,0,
zepto,642109,Coimbatore,2026-07-13,2026-07-13-0944,not_serviceable,0,
zepto,642110,Coimbatore,2026-07-13,2026-07-13-0944,not_serviceable,0,
zepto,642114,Coimbatore,2026-07-13,2026-07-13-0944,not_serviceable,0,
zepto,642117,Coimbatore,2026-07-13,2026-07-13-0944,not_serviceable,0,
zepto,642120,Coimbatore,2026-07-13,2026-07-13-0944,not_serviceable,0,
zepto,642123,Coimbatore,2026-07-13,2026-07-13-0944,price_captured,23,1417
zepto,642125,Coimbatore,2026-07-13,2026-07-13-0944,not_serviceable,0,
zepto,642127,Coimbatore,2026-07-13,2026-07-13-0944,not_serviceable,0,
zepto,642129,Coimbatore,2026-07-13,2026-07-13-0944,not_serviceable,0,
zepto,642130,Coimbatore,2026-07-13,2026-07-13-0944,not_serviceable,0,
zepto,642133,Coimbatore,2026-07-13,2026-07-13-0944,price_captured,23,1417
zepto,642134,Coimbatore,2026-07-13,2026-07-13-0944,price_captured,23,1417
zepto,642202,Coimbatore,2026-07-13,2026-07-13-0944,price_captured,23,1417
zepto,642205,Coimbatore,2026-07-13,2026-07-13-0944,not_serviceable,0,
zepto,680667,Kochi,2026-06-29,2026-06-29-1319,not_serviceable,0,
zepto,682001,Kochi,2026-06-29,2026-06-29-1319,not_serviceable,0,
zepto,682002,Kochi,2026-06-29,2026-06-29-1319,not_serviceable,0,
zepto,682003,Kochi,2026-06-29,2026-06-29-1319,not_serviceable,0,
zepto,682004,Kochi,2026-06-29,2026-06-29-1319,not_serviceable,0,
zepto,682005,Kochi,2026-07-13,2026-07-13-0944,price_captured,23,1417
zepto,682006,Kochi,2026-07-13,2026-07-13-0944,price_captured,23,1417
zepto,682007,Kochi,2026-06-29,2026-06-29-1319,not_serviceable,0,
zepto,682008,Kochi,2026-06-29,2026-06-29-1319,not_serviceable,0,
zepto,682009,Kochi,2026-06-29,2026-06-29-1319,not_serviceable,0,
zepto,682010,Kochi,2026-06-29,2026-06-29-1319,not_serviceable,0,
zepto,682011,Kochi,2026-07-13,2026-07-13-0944,price_captured,23,1417
zepto,682012,Kochi,2026-07-13,2026-07-13-0944,price_captured,23,1150
zepto,682013,Kochi,2026-06-29,2026-06-29-1319,not_serviceable,0,
zepto,682015,Kochi,2026-06-29,2026-06-29-1319,not_serviceable,0,
zepto,682016,Kochi,2026-07-13,2026-07-13-0944,price_captured,23,1417
zepto,682017,Kochi,2026-07-13,2026-07-13-0944,price_captured,23,1150
zepto,682018,Kochi,2026-07-13,2026-07-13-0944,price_captured,23,1417
zepto,682019,Kochi,2026-06-29,2026-06-29-1319,not_serviceable,0,
zepto,682020,Kochi,2026-06-29,2026-06-29-1319,not_serviceable,0,
zepto,682021,Kochi,2026-07-13,2026-07-13-0944,price_captured,23,1150
zepto,682022,Kochi,2026-06-29,2026-06-29-1319,not_serviceable,0,
zepto,682023,Kochi,2026-06-29,2026-06-29-1319,not_serviceable,0,
zepto,682024,Kochi,2026-07-13,2026-07-13-0944,price_captured,23,1150
zepto,682025,Kochi,2026-07-13,2026-07-13-0944,price_captured,23,1150
zepto,682026,Kochi,2026-06-29,2026-06-29-1319,not_serviceable,0,
zepto,682027,Kochi,2026-06-29,2026-06-29-1319,not_serviceable,0,
zepto,682028,Kochi,2026-07-13,2026-07-13-0944,price_captured,23,1150
zepto,682029,Kochi,2026-06-29,2026-06-29-1319,not_serviceable,0,
zepto,682030,Kochi,2026-06-29,2026-06-29-1319,not_serviceable,0,
zepto,682031,Kochi,2026-07-13,2026-07-13-0944,price_captured,23,1417
zepto,682032,Kochi,2026-07-13,2026-07-13-0944,price_captured,23,1150
zepto,682033,Kochi,2026-07-13,2026-07-13-0944,price_captured,23,1150
zepto,682034,Kochi,2026-06-29,2026-06-29-1319,not_serviceable,0,
zepto,682035,Kochi,2026-07-13,2026-07-13-0944,price_captured,23,1417
zepto,682036,Kochi,2026-06-29,2026-06-29-1319,not_serviceable,0,
zepto,682037,Kochi,2026-07-13,2026-07-13-0944,price_captured,23,1150
zepto,682038,Kochi,2026-07-13,2026-07-13-0944,price_captured,23,1417
zepto,682039,Kochi,2026-07-13,2026-07-13-0944,price_captured,23,1417
zepto,682040,Kochi,2026-06-29,2026-06-29-1319,not_serviceable,0,
zepto,682041,Kochi,2026-07-13,2026-07-13-0944,price_captured,23,1417
zepto,682042,Kochi,2026-07-13,2026-07-13-0944,price_captured,23,1417
zepto,682050,Kochi,2026-07-13,2026-07-13-0944,price_captured,23,1417
zepto,682051,Kochi,2026-07-13,2026-07-13-0944,price_captured,23,1417
zepto,682052,Kochi,2026-07-13,2026-07-13-0944,price_captured,23,1150
zepto,682301,Kochi,2026-06-29,2026-06-29-1319,not_serviceable,0,
zepto,682302,Kochi,2026-06-29,2026-06-29-1319,not_serviceable,0,
zepto,682303,Kochi,2026-06-29,2026-06-29-1319,not_serviceable,0,
zepto,682304,Kochi,2026-06-29,2026-06-29-1319,not_serviceable,0,
zepto,682305,Kochi,2026-06-29,2026-06-29-1319,not_serviceable,0,
zepto,682306,Kochi,2026-07-13,2026-07-13-0944,price_captured,23,1150
zepto,682307,Kochi,2026-06-29,2026-06-29-1319,not_serviceable,0,
zepto,682308,Kochi,2026-06-29,2026-06-29-1319,not_serviceable,0,
zepto,682309,Kochi,2026-07-13,2026-07-13-0944,price_captured,23,1417
zepto,682310,Kochi,2026-06-29,2026-06-29-1319,not_serviceable,0,
zepto,682311,Kochi,2026-06-29,2026-06-29-1319,not_serviceable,0,
zepto,682312,Kochi,2026-06-29,2026-06-29-1319,not_serviceable,0,
zepto,682313,Kochi,2026-06-29,2026-06-29-1319,not_serviceable,0,
zepto,682314,Kochi,2026-06-29,2026-06-29-1319,not_serviceable,0,
zepto,682315,Kochi,2026-06-29,2026-06-29-1319,not_serviceable,0,
zepto,682316,Kochi,2026-06-29,2026-06-29-1319,not_serviceable,0,
zepto,682317,Kochi,2026-06-29,2026-06-29-1319,not_serviceable,0,
zepto,682501,Kochi,2026-06-29,2026-06-29-1319,not_serviceable,0,
zepto,682502,Kochi,2026-06-29,2026-06-29-1319,not_serviceable,0,
zepto,682503,Kochi,2026-06-29,2026-06-29-1319,not_serviceable,0,
zepto,682504,Kochi,2026-06-29,2026-06-29-1319,not_serviceable,0,
zepto,682505,Kochi,2026-06-29,2026-06-29-1319,not_serviceable,0,
zepto,682506,Kochi,2026-07-13,2026-07-13-0944,price_captured,23,1150
zepto,682507,Kochi,2026-07-13,2026-07-13-0944,price_captured,23,1417
zepto,682508,Kochi,2026-06-29,2026-06-29-1319,not_serviceable,0,
zepto,682509,Kochi,2026-06-29,2026-06-29-1319,not_serviceable,0,
zepto,682511,Kochi,2026-07-13,2026-07-13-0944,price_captured,23,1417
zepto,683101,Kochi,2026-06-29,2026-06-29-1319,not_serviceable,0,
zepto,683102,Kochi,2026-06-29,2026-06-29-1319,not_serviceable,0,
zepto,683104,Kochi,2026-06-29,2026-06-29-1319,not_serviceable,0,
zepto,683105,Kochi,2026-06-29,2026-06-29-1319,not_serviceable,0,
zepto,683106,Kochi,2026-06-29,2026-06-29-1319,not_serviceable,0,
zepto,683108,Kochi,2026-07-13,2026-07-13-0944,price_captured,23,1417
zepto,683110,Kochi,2026-06-29,2026-06-29-1319,not_serviceable,0,
zepto,683111,Kochi,2026-07-13,2026-07-13-0944,price_captured,23,1417
zepto,683112,Kochi,2026-07-13,2026-07-13-0944,price_captured,23,1417
zepto,683501,Kochi,2026-06-29,2026-06-29-1319,not_serviceable,0,
zepto,683502,Kochi,2026-06-29,2026-06-29-1319,not_serviceable,0,
zepto,683503,Kochi,2026-07-13,2026-07-13-0944,price_captured,23,1150
zepto,683511,Kochi,2026-06-29,2026-06-29-1319,not_serviceable,0,
zepto,683512,Kochi,2026-06-29,2026-06-29-1319,not_serviceable,0,
zepto,683513,Kochi,2026-06-29,2026-06-29-1319,not_serviceable,0,
zepto,683514,Kochi,2026-06-29,2026-06-29-1319,not_serviceable,0,
zepto,683515,Kochi,2026-06-29,2026-06-29-1319,not_serviceable,0,
zepto,683516,Kochi,2026-06-29,2026-06-29-1319,not_serviceable,0,
zepto,683517,Kochi,2026-06-29,2026-06-29-1319,not_serviceable,0,
zepto,683518,Kochi,2026-06-29,2026-06-29-1319,not_serviceable,0,
zepto,683519,Kochi,2026-06-29,2026-06-29-1319,not_serviceable,0,
zepto,683520,Kochi,2026-06-29,2026-06-29-1319,not_serviceable,0,
zepto,683521,Kochi,2026-06-29,2026-06-29-1319,not_serviceable,0,
zepto,683522,Kochi,2026-06-29,2026-06-29-1319,not_serviceable,0,
zepto,683541,Kochi,2026-06-29,2026-06-29-1319,not_serviceable,0,
zepto,683542,Kochi,2026-06-29,2026-06-29-1319,not_serviceable,0,
zepto,683543,Kochi,2026-06-29,2026-06-29-1319,not_serviceable,0,
zepto,683544,Kochi,2026-06-29,2026-06-29-1319,not_serviceable,0,
zepto,683545,Kochi,2026-06-29,2026-06-29-1319,not_serviceable,0,
zepto,683546,Kochi,2026-06-29,2026-06-29-1319,not_serviceable,0,
zepto,683547,Kochi,2026-06-29,2026-06-29-1319,not_serviceable,0,
zepto,683548,Kochi,2026-06-29,2026-06-29-1319,not_serviceable,0,
zepto,683549,Kochi,2026-06-29,2026-06-29-1319,not_serviceable,0,
zepto,683550,Kochi,2026-06-29,2026-06-29-1319,not_serviceable,0,
zepto,683556,Kochi,2026-06-29,2026-06-29-1319,not_serviceable,0,
zepto,683561,Kochi,2026-06-29,2026-06-29-1319,not_serviceable,0,
zepto,683562,Kochi,2026-06-29,2026-06-29-1319,not_serviceable,0,
zepto,683563,Kochi,2026-07-13,2026-07-13-0944,price_captured,23,1417
zepto,683565,Kochi,2026-06-29,2026-06-29-1319,not_serviceable,0,
zepto,683571,Kochi,2026-06-29,2026-06-29-1319,not_serviceable,0,
zepto,683572,Kochi,2026-06-29,2026-06-29-1319,not_serviceable,0,
zepto,683573,Kochi,2026-06-29,2026-06-29-1319,not_serviceable,0,
zepto,683574,Kochi,2026-06-29,2026-06-29-1319,not_serviceable,0,
zepto,683575,Kochi,2026-06-29,2026-06-29-1319,not_serviceable,0,
zepto,683576,Kochi,2026-06-29,2026-06-29-1319,not_serviceable,0,
zepto,683577,Kochi,2026-06-29,2026-06-29-1319,not_serviceable,0,
zepto,683578,Kochi,2026-06-29,2026-06-29-1319,not_serviceable,0,
zepto,683579,Kochi,2026-06-29,2026-06-29-1319,not_serviceable,0,
zepto,683580,Kochi,2026-06-29,2026-06-29-1319,not_serviceable,0,
zepto,683581,Kochi,2026-06-29,2026-06-29-1319,not_serviceable,0,
zepto,683585,Kochi,2026-06-29,2026-06-29-1319,not_serviceable,0,
zepto,683587,Kochi,2026-06-29,2026-06-29-1319,not_serviceable,0,
zepto,683589,Kochi,2026-06-29,2026-06-29-1319,not_serviceable,0,
zepto,683594,Kochi,2026-06-29,2026-06-29-1319,not_serviceable,0,
zepto,686661,Kochi,2026-06-29,2026-06-29-1319,not_serviceable,0,
zepto,686662,Kochi,2026-06-29,2026-06-29-1319,not_serviceable,0,
zepto,686663,Kochi,2026-06-29,2026-06-29-1319,not_serviceable,0,
zepto,686664,Kochi,2026-06-29,2026-06-29-1319,not_serviceable,0,
zepto,686665,Kochi,2026-06-29,2026-06-29-1319,not_serviceable,0,
zepto,686666,Kochi,2026-06-29,2026-06-29-1319,not_serviceable,0,
zepto,686667,Kochi,2026-06-29,2026-06-29-1319,not_serviceable,0,
zepto,686668,Kochi,2026-06-29,2026-06-29-1319,not_serviceable,0,
zepto,686669,Kochi,2026-06-29,2026-06-29-1319,not_serviceable,0,
zepto,686670,Kochi,2026-06-29,2026-06-29-1319,not_serviceable,0,
zepto,686671,Kochi,2026-06-29,2026-06-29-1319,not_serviceable,0,
zepto,686672,Kochi,2026-06-29,2026-06-29-1319,not_serviceable,0,
zepto,686673,Kochi,2026-06-29,2026-06-29-1319,not_serviceable,0,
zepto,686681,Kochi,2026-06-29,2026-06-29-1319,not_serviceable,0,
zepto,686691,Kochi,2026-06-29,2026-06-29-1319,not_serviceable,0,
zepto,686692,Kochi,2026-06-29,2026-06-29-1319,not_serviceable,0,
zepto,686693,Kochi,2026-06-29,2026-06-29-1319,not_serviceable,0,
zepto,695001,Thiruvananthapuram,2026-06-29,2026-06-29-1319,not_serviceable,0,
zepto,695002,Thiruvananthapuram,2026-06-29,2026-06-29-1319,not_serviceable,0,
zepto,695003,Thiruvananthapuram,2026-06-29,2026-06-29-1319,not_serviceable,0,
zepto,695004,Thiruvananthapuram,2026-06-29,2026-06-29-1319,not_serviceable,0,
zepto,695005,Thiruvananthapuram,2026-06-29,2026-06-29-1319,not_serviceable,0,
zepto,695006,Thiruvananthapuram,2026-06-29,2026-06-29-1319,not_serviceable,0,
zepto,695007,Thiruvananthapuram,2026-06-29,2026-06-29-1319,not_serviceable,0,
zepto,695008,Thiruvananthapuram,2026-06-29,2026-06-29-1319,not_serviceable,0,
zepto,695009,Thiruvananthapuram,2026-06-29,2026-06-29-1319,not_serviceable,0,
zepto,695010,Thiruvananthapuram,2026-06-29,2026-06-29-1319,not_serviceable,0,
zepto,695011,Thiruvananthapuram,2026-06-29,2026-06-29-1319,not_serviceable,0,
zepto,695012,Thiruvananthapuram,2026-06-29,2026-06-29-1319,not_serviceable,0,
zepto,695013,Thiruvananthapuram,2026-06-29,2026-06-29-1319,not_serviceable,0,
zepto,695014,Thiruvananthapuram,2026-06-29,2026-06-29-1319,not_serviceable,0,
zepto,695015,Thiruvananthapuram,2026-06-29,2026-06-29-1319,not_serviceable,0,
zepto,695016,Thiruvananthapuram,2026-06-29,2026-06-29-1319,not_serviceable,0,
zepto,695017,Thiruvananthapuram,2026-06-29,2026-06-29-1319,not_serviceable,0,
zepto,695018,Thiruvananthapuram,2026-06-29,2026-06-29-1319,not_serviceable,0,
zepto,695019,Thiruvananthapuram,2026-06-29,2026-06-29-1319,not_serviceable,0,
zepto,695020,Thiruvananthapuram,2026-06-29,2026-06-29-1319,not_serviceable,0,
zepto,695021,Thiruvananthapuram,2026-06-29,2026-06-29-1319,not_serviceable,0,
zepto,695022,Thiruvananthapuram,2026-06-29,2026-06-29-1319,not_serviceable,0,
zepto,695023,Thiruvananthapuram,2026-06-29,2026-06-29-1319,not_serviceable,0,
zepto,695024,Thiruvananthapuram,2026-06-29,2026-06-29-1319,not_serviceable,0,
zepto,695025,Thiruvananthapuram,2026-06-29,2026-06-29-1319,not_serviceable,0,
zepto,695026,Thiruvananthapuram,2026-06-29,2026-06-29-1319,not_serviceable,0,
zepto,695027,Thiruvananthapuram,2026-06-29,2026-06-29-1319,not_serviceable,0,
zepto,695028,Thiruvananthapuram,2026-06-29,2026-06-29-1319,not_serviceable,0,
zepto,695029,Thiruvananthapuram,2026-06-29,2026-06-29-1319,not_serviceable,0,
zepto,695030,Thiruvananthapuram,2026-06-29,2026-06-29-1319,not_serviceable,0,
zepto,695032,Thiruvananthapuram,2026-06-29,2026-06-29-1319,not_serviceable,0,
zepto,695033,Thiruvananthapuram,2026-06-29,2026-06-29-1319,not_serviceable,0,
zepto,695034,Thiruvananthapuram,2026-06-29,2026-06-29-1319,not_serviceable,0,
zepto,695035,Thiruvananthapuram,2026-06-29,2026-06-29-1319,not_serviceable,0,
zepto,695036,Thiruvananthapuram,2026-06-29,2026-06-29-1319,not_serviceable,0,
zepto,695038,Thiruvananthapuram,2026-06-29,2026-06-29-1319,not_serviceable,0,
zepto,695040,Thiruvananthapuram,2026-06-29,2026-06-29-1319,not_serviceable,0,
zepto,695042,Thiruvananthapuram,2026-06-29,2026-06-29-1319,not_serviceable,0,
zepto,695043,Thiruvananthapuram,2026-06-29,2026-06-29-1319,not_serviceable,0,
zepto,695051,Thiruvananthapuram,2026-06-29,2026-06-29-1319,not_serviceable,0,
zepto,695099,Thiruvananthapuram,2026-06-29,2026-06-29-1319,not_serviceable,0,
zepto,695101,Thiruvananthapuram,2026-06-29,2026-06-29-1319,not_serviceable,0,
zepto,695102,Thiruvananthapuram,2026-06-29,2026-06-29-1319,not_serviceable,0,
zepto,695103,Thiruvananthapuram,2026-06-29,2026-06-29-1319,not_serviceable,0,
zepto,695104,Thiruvananthapuram,2026-06-29,2026-06-29-1319,not_serviceable,0,
zepto,695121,Thiruvananthapuram,2026-06-29,2026-06-29-1319,not_serviceable,0,
zepto,695122,Thiruvananthapuram,2026-06-29,2026-06-29-1319,not_serviceable,0,
zepto,695123,Thiruvananthapuram,2026-06-29,2026-06-29-1319,not_serviceable,0,
zepto,695124,Thiruvananthapuram,2026-06-29,2026-06-29-1319,not_serviceable,0,
zepto,695125,Thiruvananthapuram,2026-06-29,2026-06-29-1319,not_serviceable,0,
zepto,695126,Thiruvananthapuram,2026-06-29,2026-06-29-1319,not_serviceable,0,
zepto,695132,Thiruvananthapuram,2026-06-29,2026-06-29-1319,not_serviceable,0,
zepto,695133,Thiruvananthapuram,2026-06-29,2026-06-29-1319,not_serviceable,0,
zepto,695134,Thiruvananthapuram,2026-06-29,2026-06-29-1319,not_serviceable,0,
zepto,695141,Thiruvananthapuram,2026-06-29,2026-06-29-1319,not_serviceable,0,
zepto,695142,Thiruvananthapuram,2026-06-29,2026-06-29-1319,not_serviceable,0,
zepto,695143,Thiruvananthapuram,2026-06-29,2026-06-29-1319,not_serviceable,0,
zepto,695144,Thiruvananthapuram,2026-06-29,2026-06-29-1319,not_serviceable,0,
zepto,695145,Thiruvananthapuram,2026-06-29,2026-06-29-1319,not_serviceable,0,
zepto,695146,Thiruvananthapuram,2026-06-29,2026-06-29-1319,not_serviceable,0,
zepto,695301,Thiruvananthapuram,2026-06-29,2026-06-29-1319,not_serviceable,0,
zepto,695302,Thiruvananthapuram,2026-06-29,2026-06-29-1319,not_serviceable,0,
zepto,695303,Thiruvananthapuram,2026-06-29,2026-06-29-1319,not_serviceable,0,
zepto,695304,Thiruvananthapuram,2026-06-29,2026-06-29-1319,not_serviceable,0,
zepto,695305,Thiruvananthapuram,2026-06-29,2026-06-29-1319,not_serviceable,0,
zepto,695306,Thiruvananthapuram,2026-06-29,2026-06-29-1319,not_serviceable,0,
zepto,695307,Thiruvananthapuram,2026-06-29,2026-06-29-1319,not_serviceable,0,
zepto,695308,Thiruvananthapuram,2026-06-29,2026-06-29-1319,not_serviceable,0,
zepto,695309,Thiruvananthapuram,2026-06-29,2026-06-29-1319,not_serviceable,0,
zepto,695310,Thiruvananthapuram,2026-06-29,2026-06-29-1319,not_serviceable,0,
zepto,695311,Thiruvananthapuram,2026-06-29,2026-06-29-1319,not_serviceable,0,
zepto,695312,Thiruvananthapuram,2026-06-29,2026-06-29-1319,not_serviceable,0,
zepto,695313,Thiruvananthapuram,2026-06-29,2026-06-29-1319,not_serviceable,0,
zepto,695316,Thiruvananthapuram,2026-06-29,2026-06-29-1319,not_serviceable,0,
zepto,695317,Thiruvananthapuram,2026-06-29,2026-06-29-1319,not_serviceable,0,
zepto,695318,Thiruvananthapuram,2026-06-29,2026-06-29-1319,not_serviceable,0,
zepto,695501,Thiruvananthapuram,2026-06-29,2026-06-29-1319,not_serviceable,0,
zepto,695502,Thiruvananthapuram,2026-06-29,2026-06-29-1319,not_serviceable,0,
zepto,695503,Thiruvananthapuram,2026-06-29,2026-06-29-1319,not_serviceable,0,
zepto,695504,Thiruvananthapuram,2026-06-29,2026-06-29-1319,not_serviceable,0,
zepto,695505,Thiruvananthapuram,2026-06-29,2026-06-29-1319,not_serviceable,0,
zepto,695506,Thiruvananthapuram,2026-06-29,2026-06-29-1319,not_serviceable,0,
zepto,695507,Thiruvananthapuram,2026-06-29,2026-06-29-1319,not_serviceable,0,
zepto,695508,Thiruvananthapuram,2026-06-29,2026-06-29-1319,not_serviceable,0,
zepto,695512,Thiruvananthapuram,2026-06-29,2026-06-29-1319,not_serviceable,0,
zepto,695513,Thiruvananthapuram,2026-06-29,2026-06-29-1319,not_serviceable,0,
zepto,695521,Thiruvananthapuram,2026-06-29,2026-06-29-1319,not_serviceable,0,
zepto,695522,Thiruvananthapuram,2026-06-29,2026-06-29-1319,not_serviceable,0,
zepto,695523,Thiruvananthapuram,2026-06-29,2026-06-29-1319,not_serviceable,0,
zepto,695524,Thiruvananthapuram,2026-06-29,2026-06-29-1319,not_serviceable,0,
zepto,695525,Thiruvananthapuram,2026-06-29,2026-06-29-1319,not_serviceable,0,
zepto,695526,Thiruvananthapuram,2026-06-29,2026-06-29-1319,not_serviceable,0,
zepto,695527,Thiruvananthapuram,2026-06-29,2026-06-29-1319,not_serviceable,0,
zepto,695528,Thiruvananthapuram,2026-06-29,2026-06-29-1319,not_serviceable,0,
zepto,695541,Thiruvananthapuram,2026-06-29,2026-06-29-1319,not_serviceable,0,
zepto,695542,Thiruvananthapuram,2026-06-29,2026-06-29-1319,not_serviceable,0,
zepto,695543,Thiruvananthapuram,2026-06-29,2026-06-29-1319,not_serviceable,0,
zepto,695547,Thiruvananthapuram,2026-06-29,2026-06-29-1319,not_serviceable,0,
zepto,695551,Thiruvananthapuram,2026-06-29,2026-06-29-1319,not_serviceable,0,
zepto,695561,Thiruvananthapuram,2026-06-29,2026-06-29-1319,not_serviceable,0,
zepto,695562,Thiruvananthapuram,2026-06-29,2026-06-29-1319,not_serviceable,0,
zepto,695563,Thiruvananthapuram,2026-06-29,2026-06-29-1319,not_serviceable,0,
zepto,695564,Thiruvananthapuram,2026-06-29,2026-06-29-1319,not_serviceable,0,
zepto,695568,Thiruvananthapuram,2026-06-29,2026-06-29-1319,not_serviceable,0,
zepto,695570,Thiruvananthapuram,2026-06-29,2026-06-29-1319,not_serviceable,0,
zepto,695571,Thiruvananthapuram,2026-06-29,2026-06-29-1319,not_serviceable,0,
zepto,695572,Thiruvananthapuram,2026-06-29,2026-06-29-1319,not_serviceable,0,
zepto,695573,Thiruvananthapuram,2026-06-29,2026-06-29-1319,not_serviceable,0,
zepto,695574,Thiruvananthapuram,2026-06-29,2026-06-29-1319,not_serviceable,0,
zepto,695575,Thiruvananthapuram,2026-06-29,2026-06-29-1319,not_serviceable,0,
zepto,695581,Thiruvananthapuram,2026-06-29,2026-06-29-1319,not_serviceable,0,
zepto,695582,Thiruvananthapuram,2026-06-29,2026-06-29-1319,not_serviceable,0,
zepto,695583,Thiruvananthapuram,2026-06-29,2026-06-29-1319,not_serviceable,0,
zepto,695584,Thiruvananthapuram,2026-06-29,2026-06-29-1319,not_serviceable,0,
zepto,695585,Thiruvananthapuram,2026-06-29,2026-06-29-1319,not_serviceable,0,
zepto,695586,Thiruvananthapuram,2026-06-29,2026-06-29-1319,not_serviceable,0,
zepto,695587,Thiruvananthapuram,2026-06-29,2026-06-29-1319,not_serviceable,0,
zepto,695588,Thiruvananthapuram,2026-06-29,2026-06-29-1319,not_serviceable,0,
zepto,695589,Thiruvananthapuram,2026-06-29,2026-06-29-1319,not_serviceable,0,
zepto,695601,Thiruvananthapuram,2026-06-29,2026-06-29-1319,not_serviceable,0,
zepto,695602,Thiruvananthapuram,2026-06-29,2026-06-29-1319,not_serviceable,0,
zepto,695603,Thiruvananthapuram,2026-06-29,2026-06-29-1319,not_serviceable,0,
zepto,695604,Thiruvananthapuram,2026-06-29,2026-06-29-1319,not_serviceable,0,
zepto,695605,Thiruvananthapuram,2026-06-29,2026-06-29-1319,not_serviceable,0,
zepto,695606,Thiruvananthapuram,2026-06-29,2026-06-29-1319,not_serviceable,0,
zepto,695607,Thiruvananthapuram,2026-06-29,2026-06-29-1319,not_serviceable,0,
zepto,695608,Thiruvananthapuram,2026-06-29,2026-06-29-1319,not_serviceable,0,
zepto,695609,Thiruvananthapuram,2026-06-29,2026-06-29-1319,not_serviceable,0,
zepto,695610,Thiruvananthapuram,2026-06-29,2026-06-29-1319,not_serviceable,0,
zepto,695611,Thiruvananthapuram,2026-06-29,2026-06-29-1319,not_serviceable,0,
zepto,695612,Thiruvananthapuram,2026-06-29,2026-06-29-1319,not_serviceable,0,
zepto,695614,Thiruvananthapuram,2026-06-29,2026-06-29-1319,not_serviceable,0,
zepto,695615,Thiruvananthapuram,2026-06-29,2026-06-29-1319,not_serviceable,0,
zepto,700001,Kolkata,2026-07-13,2026-07-13-0944,not_serviceable,0,
zepto,700002,Kolkata,2026-07-13,2026-07-13-0944,price_captured,23,1650
zepto,700003,Kolkata,2026-07-13,2026-07-13-0944,price_captured,23,1424
zepto,700004,Kolkata,2026-07-13,2026-07-13-0944,not_serviceable,0,
zepto,700005,Kolkata,2026-07-13,2026-07-13-0944,not_serviceable,0,
zepto,700006,Kolkata,2026-07-13,2026-07-13-0944,price_captured,23,1424
zepto,700007,Kolkata,2026-07-13,2026-07-13-0944,price_captured,23,1417
zepto,700008,Kolkata,2026-07-13,2026-07-13-0944,price_captured,23,1417
zepto,700009,Kolkata,2026-07-13,2026-07-13-0944,not_serviceable,0,
zepto,700010,Kolkata,2026-07-13,2026-07-13-0944,not_serviceable,0,
zepto,700011,Kolkata,2026-07-13,2026-07-13-0944,not_serviceable,0,
zepto,700012,Kolkata,2026-07-13,2026-07-13-0944,not_serviceable,0,
zepto,700013,Kolkata,2026-07-13,2026-07-13-0944,price_captured,23,1650
zepto,700014,Kolkata,2026-07-13,2026-07-13-0944,price_captured,23,1650
zepto,700015,Kolkata,2026-07-13,2026-07-13-0944,not_serviceable,0,
zepto,700016,Kolkata,2026-07-13,2026-07-13-0944,price_captured,23,1650
zepto,700017,Kolkata,2026-07-13,2026-07-13-0944,price_captured,23,1650
zepto,700018,Kolkata,2026-07-13,2026-07-13-0944,price_captured,23,1417
zepto,700019,Kolkata,2026-07-13,2026-07-13-0944,price_captured,23,1650
zepto,700020,Kolkata,2026-07-13,2026-07-13-0944,price_captured,23,1650
zepto,700021,Kolkata,2026-07-13,2026-07-13-0944,not_serviceable,0,
zepto,700022,Kolkata,2026-07-13,2026-07-13-0944,price_captured,23,1417
zepto,700023,Kolkata,2026-07-13,2026-07-13-0944,price_captured,23,1417
zepto,700024,Kolkata,2026-07-13,2026-07-13-0944,not_serviceable,0,
zepto,700025,Kolkata,2026-07-13,2026-07-13-0944,price_captured,23,1650
zepto,700026,Kolkata,2026-07-13,2026-07-13-0944,price_captured,23,1650
zepto,700027,Kolkata,2026-07-13,2026-07-13-0944,price_captured,23,1650
zepto,700029,Kolkata,2026-07-13,2026-07-13-0944,price_captured,23,1650
zepto,700030,Kolkata,2026-07-13,2026-07-13-0944,price_captured,23,1417
zepto,700031,Kolkata,2026-07-13,2026-07-13-0944,price_captured,23,1650
zepto,700032,Kolkata,2026-07-13,2026-07-13-0944,price_captured,23,1650
zepto,700033,Kolkata,2026-07-13,2026-07-13-0944,price_captured,23,1650
zepto,700034,Kolkata,2026-07-13,2026-07-13-0944,price_captured,23,1650
zepto,700037,Kolkata,2026-07-13,2026-07-13-0944,price_captured,23,1424
zepto,700038,Kolkata,2026-07-13,2026-07-13-0944,price_captured,23,1650
zepto,700039,Kolkata,2026-07-13,2026-07-13-0944,price_captured,23,1650
zepto,700040,Kolkata,2026-07-13,2026-07-13-0944,price_captured,23,1650
zepto,700041,Kolkata,2026-07-13,2026-07-13-0944,price_captured,23,1650
zepto,700042,Kolkata,2026-07-13,2026-07-13-0944,price_captured,23,1650
zepto,700043,Kolkata,2026-07-13,2026-07-13-0944,price_captured,23,1650
zepto,700044,Kolkata,2026-07-13,2026-07-13-0944,not_serviceable,0,
zepto,700045,Kolkata,2026-07-13,2026-07-13-0944,price_captured,23,1650
zepto,700046,Kolkata,2026-07-13,2026-07-13-0944,not_serviceable,0,
zepto,700047,Kolkata,2026-07-13,2026-07-13-0944,price_captured,23,1417
zepto,700050,Kolkata,2026-07-13,2026-07-13-0944,price_captured,23,1417
zepto,700053,Kolkata,2026-07-13,2026-07-13-0944,price_captured,23,1650
zepto,700054,Kolkata,2026-07-13,2026-07-13-0944,not_serviceable,0,
zepto,700060,Kolkata,2026-07-13,2026-07-13-0944,price_captured,23,1417
zepto,700061,Kolkata,2026-07-13,2026-07-13-0944,price_captured,23,1417
zepto,700062,Kolkata,2026-07-13,2026-07-13-0944,not_serviceable,0,
zepto,700063,Kolkata,2026-07-13,2026-07-13-0944,price_captured,23,1417
zepto,700066,Kolkata,2026-07-13,2026-07-13-0944,not_serviceable,0,
zepto,700067,Kolkata,2026-07-13,2026-07-13-0944,price_captured,23,1424
zepto,700068,Kolkata,2026-07-13,2026-07-13-0944,price_captured,23,1650
zepto,700069,Kolkata,2026-07-13,2026-07-13-0944,not_serviceable,0,
zepto,700070,Kolkata,2026-07-13,2026-07-13-0944,price_captured,23,1650
zepto,700071,Kolkata,2026-07-13,2026-07-13-0944,price_captured,23,1650
zepto,700072,Kolkata,2026-07-13,2026-07-13-0944,price_captured,23,1650
zepto,700073,Kolkata,2026-07-13,2026-07-13-0944,not_serviceable,0,
zepto,700075,Kolkata,2026-07-13,2026-07-13-0944,price_captured,23,1650
zepto,700078,Kolkata,2026-07-13,2026-07-13-0944,price_captured,23,1650
zepto,700082,Kolkata,2026-07-13,2026-07-13-0944,price_captured,23,1417
zepto,700085,Kolkata,2026-07-13,2026-07-13-0944,not_serviceable,0,
zepto,700086,Kolkata,2026-07-13,2026-07-13-0944,price_captured,23,1650
zepto,700087,Kolkata,2026-07-13,2026-07-13-0944,price_captured,23,1650
zepto,700088,Kolkata,2026-07-13,2026-07-13-0944,price_captured,23,1417
zepto,700092,Kolkata,2026-07-13,2026-07-13-0944,price_captured,23,1650
zepto,700094,Kolkata,2026-07-13,2026-07-13-0944,price_captured,23,1417
zepto,700095,Kolkata,2026-07-13,2026-07-13-0944,price_captured,23,1650
zepto,700099,Kolkata,2026-07-13,2026-07-13-0944,price_captured,23,1650
zepto,700100,Kolkata,2026-07-13,2026-07-13-0944,not_serviceable,0,
zepto,700105,Kolkata,2026-07-13,2026-07-13-0944,not_serviceable,0,
zepto,700107,Kolkata,2026-07-13,2026-07-13-0944,price_captured,23,1650
zepto,711101,Howrah,2026-07-13,2026-07-13-0944,price_captured,23,1417
zepto,711102,Howrah,2026-07-13,2026-07-13-0944,price_captured,23,1417
zepto,711103,Howrah,2026-07-13,2026-07-13-0944,not_serviceable,0,
zepto,711104,Howrah,2026-07-13,2026-07-13-0944,price_captured,23,1417
zepto,711105,Howrah,2026-07-13,2026-07-13-0944,price_captured,23,1417
zepto,711106,Howrah,2026-07-13,2026-07-13-0944,not_serviceable,0,
zepto,711107,Howrah,2026-07-13,2026-07-13-0944,price_captured,23,1417
zepto,711108,Howrah,2026-07-13,2026-07-13-0944,not_serviceable,0,
zepto,711109,Howrah,2026-07-13,2026-07-13-0944,not_serviceable,0,
zepto,711110,Howrah,2026-07-13,2026-07-13-0944,not_serviceable,0,
zepto,711111,Howrah,2026-07-13,2026-07-13-0944,not_serviceable,0,
zepto,711112,Howrah,2026-07-13,2026-07-13-0944,price_captured,23,1417
zepto,711113,Howrah,2026-07-13,2026-07-13-0944,not_serviceable,0,
zepto,711114,Howrah,2026-07-13,2026-07-13-0944,not_serviceable,0,
zepto,711115,Howrah,2026-07-13,2026-07-13-0944,not_serviceable,0,
zepto,711201,Howrah,2026-07-13,2026-07-13-0944,price_captured,23,1417
zepto,711202,Howrah,2026-07-13,2026-07-13-0944,price_captured,23,1417
zepto,711203,Howrah,2026-07-13,2026-07-13-0944,not_serviceable,0,
zepto,711204,Howrah,2026-07-13,2026-07-13-0944,not_serviceable,0,
zepto,711205,Howrah,2026-07-13,2026-07-13-0944,not_serviceable,0,
zepto,711206,Howrah,2026-07-13,2026-07-13-0944,not_serviceable,0,
zepto,711225,Howrah,2026-07-13,2026-07-13-0944,price_captured,23,1417
zepto,711226,Howrah,2026-07-13,2026-07-13-0944,not_serviceable,0,
zepto,711227,Howrah,2026-07-13,2026-07-13-0944,price_captured,23,1417
zepto,711301,Howrah,2026-07-13,2026-07-13-0944,price_captured,23,1417
zepto,711302,Howrah,2026-07-13,2026-07-13-0944,not_serviceable,0,
zepto,711303,Howrah,2026-07-13,2026-07-13-0944,not_serviceable,0,
zepto,711304,Howrah,2026-07-13,2026-07-13-0944,price_captured,23,1417
zepto,711305,Howrah,2026-07-13,2026-07-13-0944,not_serviceable,0,
zepto,711306,Howrah,2026-07-13,2026-07-13-0944,price_captured,23,1417
zepto,711307,Howrah,2026-07-13,2026-07-13-0944,not_serviceable,0,
zepto,711308,Howrah,2026-07-13,2026-07-13-0944,price_captured,23,1417
zepto,711309,Howrah,2026-07-13,2026-07-13-0944,not_serviceable,0,
zepto,711310,Howrah,2026-07-13,2026-07-13-0944,not_serviceable,0,
zepto,711312,Howrah,2026-07-13,2026-07-13-0944,not_serviceable,0,
zepto,711313,Howrah,2026-07-13,2026-07-13-0944,not_serviceable,0,
zepto,711314,Howrah,2026-07-13,2026-07-13-0944,not_serviceable,0,
zepto,711315,Howrah,2026-07-13,2026-07-13-0944,not_serviceable,0,
zepto,711316,Howrah,2026-07-13,2026-07-13-0944,not_serviceable,0,
zepto,711317,Howrah,2026-07-13,2026-07-13-0944,price_captured,23,1417
zepto,711322,Howrah,2026-07-13,2026-07-13-0944,not_serviceable,0,
zepto,711331,Howrah,2026-07-13,2026-07-13-0944,not_serviceable,0,
zepto,711401,Howrah,2026-07-13,2026-07-13-0944,not_serviceable,0,
zepto,711403,Howrah,2026-07-13,2026-07-13-0944,not_serviceable,0,
zepto,711404,Howrah,2026-07-13,2026-07-13-0944,not_serviceable,0,
zepto,711405,Howrah,2026-07-13,2026-07-13-0944,not_serviceable,0,
zepto,711408,Howrah,2026-07-13,2026-07-13-0944,not_serviceable,0,
zepto,711409,Howrah,2026-07-13,2026-07-13-0944,not_serviceable,0,
zepto,711410,Howrah,2026-07-13,2026-07-13-0944,not_serviceable,0,
zepto,711411,Howrah,2026-07-13,2026-07-13-0944,not_serviceable,0,
zepto,711412,Howrah,2026-07-13,2026-07-13-0944,not_serviceable,0,
zepto,711413,Howrah,2026-07-13,2026-07-13-0944,not_serviceable,0,
zepto,711414,Howrah,2026-07-13,2026-07-13-0944,not_serviceable,0,
zepto,712401,Howrah,2026-07-13,2026-07-13-0944,not_serviceable,0,
zepto,712408,Howrah,2026-07-13,2026-07-13-0944,not_serviceable,0,
zepto,751001,Bhubaneswar,2026-06-29,2026-06-29-1319,not_serviceable,0,
zepto,751002,Bhubaneswar,2026-06-29,2026-06-29-1319,not_serviceable,0,
zepto,751003,Bhubaneswar,2026-06-29,2026-06-29-1319,not_serviceable,0,
zepto,751004,Bhubaneswar,2026-06-29,2026-06-29-1319,not_serviceable,0,
zepto,751005,Bhubaneswar,2026-06-29,2026-06-29-1319,not_serviceable,0,
zepto,751006,Bhubaneswar,2026-06-29,2026-06-29-1319,not_serviceable,0,
zepto,751007,Bhubaneswar,2026-06-29,2026-06-29-1319,not_serviceable,0,
zepto,751008,Bhubaneswar,2026-06-29,2026-06-29-1319,not_serviceable,0,
zepto,751009,Bhubaneswar,2026-06-29,2026-06-29-1319,not_serviceable,0,
zepto,751010,Bhubaneswar,2026-06-29,2026-06-29-1319,not_serviceable,0,
zepto,751011,Bhubaneswar,2026-06-29,2026-06-29-1319,not_serviceable,0,
zepto,751012,Bhubaneswar,2026-06-29,2026-06-29-1319,not_serviceable,0,
zepto,751013,Bhubaneswar,2026-06-29,2026-06-29-1319,not_serviceable,0,
zepto,751014,Bhubaneswar,2026-06-29,2026-06-29-1319,not_serviceable,0,
zepto,751015,Bhubaneswar,2026-06-29,2026-06-29-1319,not_serviceable,0,
zepto,751016,Bhubaneswar,2026-06-29,2026-06-29-1319,not_serviceable,0,
zepto,751017,Bhubaneswar,2026-06-29,2026-06-29-1319,not_serviceable,0,
zepto,751018,Bhubaneswar,2026-06-29,2026-06-29-1319,not_serviceable,0,
zepto,751019,Bhubaneswar,2026-06-29,2026-06-29-1319,not_serviceable,0,
zepto,751020,Bhubaneswar,2026-06-29,2026-06-29-1319,not_serviceable,0,
zepto,751021,Bhubaneswar,2026-06-29,2026-06-29-1319,not_serviceable,0,
zepto,751022,Bhubaneswar,2026-06-29,2026-06-29-1319,not_serviceable,0,
zepto,751023,Bhubaneswar,2026-06-29,2026-06-29-1319,not_serviceable,0,
zepto,751024,Bhubaneswar,2026-06-29,2026-06-29-1319,not_serviceable,0,
zepto,751025,Bhubaneswar,2026-06-29,2026-06-29-1319,not_serviceable,0,
zepto,751026,Bhubaneswar,2026-06-29,2026-06-29-1319,not_serviceable,0,
zepto,751027,Bhubaneswar,2026-06-29,2026-06-29-1319,not_serviceable,0,
zepto,751028,Bhubaneswar,2026-06-29,2026-06-29-1319,not_serviceable,0,
zepto,751029,Bhubaneswar,2026-06-29,2026-06-29-1319,not_serviceable,0,
zepto,751030,Bhubaneswar,2026-06-29,2026-06-29-1319,not_serviceable,0,
zepto,751031,Bhubaneswar,2026-06-29,2026-06-29-1319,not_serviceable,0,
zepto,751032,Bhubaneswar,2026-06-29,2026-06-29-1319,not_serviceable,0,
zepto,751033,Bhubaneswar,2026-06-29,2026-06-29-1319,not_serviceable,0,
zepto,751034,Bhubaneswar,2026-06-29,2026-06-29-1319,not_serviceable,0,
zepto,752018,Bhubaneswar,2026-06-29,2026-06-29-1319,not_serviceable,0,
zepto,752019,Bhubaneswar,2026-06-29,2026-06-29-1319,not_serviceable,0,
zepto,752020,Bhubaneswar,2026-06-29,2026-06-29-1319,not_serviceable,0,
zepto,752021,Bhubaneswar,2026-06-29,2026-06-29-1319,not_serviceable,0,
zepto,752022,Bhubaneswar,2026-06-29,2026-06-29-1319,not_serviceable,0,
zepto,752023,Bhubaneswar,2026-06-29,2026-06-29-1319,not_serviceable,0,
zepto,752027,Bhubaneswar,2026-06-29,2026-06-29-1319,not_serviceable,0,
zepto,752030,Bhubaneswar,2026-06-29,2026-06-29-1319,not_serviceable,0,
zepto,752031,Bhubaneswar,2026-06-29,2026-06-29-1319,not_serviceable,0,
zepto,752034,Bhubaneswar,2026-06-29,2026-06-29-1319,not_serviceable,0,
zepto,752035,Bhubaneswar,2026-06-29,2026-06-29-1319,not_serviceable,0,
zepto,752037,Bhubaneswar,2026-06-29,2026-06-29-1319,not_serviceable,0,
zepto,752038,Bhubaneswar,2026-06-29,2026-06-29-1319,not_serviceable,0,
zepto,752050,Bhubaneswar,2026-06-29,2026-06-29-1319,not_serviceable,0,
zepto,752054,Bhubaneswar,2026-06-29,2026-06-29-1319,not_serviceable,0,
zepto,752055,Bhubaneswar,2026-06-29,2026-06-29-1319,not_serviceable,0,
zepto,752056,Bhubaneswar,2026-06-29,2026-06-29-1319,not_serviceable,0,
zepto,752057,Bhubaneswar,2026-06-29,2026-06-29-1319,not_serviceable,0,
zepto,752060,Bhubaneswar,2026-06-29,2026-06-29-1319,not_serviceable,0,
zepto,752061,Bhubaneswar,2026-06-29,2026-06-29-1319,not_serviceable,0,
zepto,752062,Bhubaneswar,2026-06-29,2026-06-29-1319,not_serviceable,0,
zepto,752064,Bhubaneswar,2026-06-29,2026-06-29-1319,not_serviceable,0,
zepto,752066,Bhubaneswar,2026-06-29,2026-06-29-1319,not_serviceable,0,
zepto,752100,Bhubaneswar,2026-06-29,2026-06-29-1319,not_serviceable,0,
zepto,752101,Bhubaneswar,2026-06-29,2026-06-29-1319,not_serviceable,0,
zepto,752102,Bhubaneswar,2026-06-29,2026-06-29-1319,not_serviceable,0,
zepto,752103,Bhubaneswar,2026-06-29,2026-06-29-1319,not_serviceable,0,
zepto,752104,Bhubaneswar,2026-06-29,2026-06-29-1319,not_serviceable,0,
zepto,752106,Bhubaneswar,2026-06-29,2026-06-29-1319,not_serviceable,0,
zepto,752114,Bhubaneswar,2026-06-29,2026-06-29-1319,not_serviceable,0,
zepto,752115,Bhubaneswar,2026-06-29,2026-06-29-1319,not_serviceable,0,
zepto,754001,Bhubaneswar,2026-06-29,2026-06-29-1319,not_serviceable,0,
zepto,754004,Bhubaneswar,2026-06-29,2026-06-29-1319,not_serviceable,0,
zepto,754005,Bhubaneswar,2026-06-29,2026-06-29-1319,not_serviceable,0,
zepto,754012,Bhubaneswar,2026-06-29,2026-06-29-1319,not_serviceable,0,
zepto,900099,Kolkata,2026-07-13,2026-07-13-0944,not_serviceable,0,
